instance,algorithm,DoD,vehicle,start,finish,segments,known_feasible_at_start,feasible_customer_ids,observation_found,duration
c101_21,COORDINATED_MPC_MCTS,0.5,23,110.50739452740795,162.23856502004566,7,14,C100;C14;C15;C16;C18;C19;C2;C26;C28;C3;C4;C92;C93;C96,True,51.7311704926377
c101_21,COORDINATED_MPC_MCTS,0.5,23,220.99907465008323,1091.6282043287908,96,3,C26;C28;C30,True,870.6291296787076
c101_21,COORDINATED_MPC_MCTS,0.5,24,353.0,1061.6282043287908,77,24,C100;C13;C15;C17;C18;C26;C28;C3;C33;C37;C38;C39;C43;C46;C49;C51;C52;C8;C83;C84;C85;C89;C91;C97,True,708.6282043287908
c101_21,COORDINATED_MPC_MCTS,0.5,25,162.0,1071.6282043287908,105,32,C100;C15;C16;C18;C19;C26;C28;C3;C32;C33;C36;C37;C38;C39;C43;C46;C51;C52;C55;C56;C58;C64;C68;C82;C84;C85;C89;C91;C92;C93;C96;C97,True,909.6282043287908
c101_21,COORDINATED_MPC_MCTS,0.5,26,480.0,485.6067598294425,2,1,C78,True,5.606759829442524
c101_21,COORDINATED_MPC_MCTS,0.5,26,665.0,1023.1987654721095,40,0,,True,358.19876547210947
c101_21,COORDINATED_MPC_MCTS,0.5,27,72.46846782626977,86.1348662839634,4,22,C1;C10;C100;C14;C15;C16;C18;C19;C2;C26;C3;C32;C36;C37;C38;C39;C4;C5;C52;C92;C93;C96,True,13.666398457693631
c101_21,COORDINATED_MPC_MCTS,0.5,27,262.8962488961221,1041.6282043287908,87,26,C100;C15;C16;C17;C18;C26;C28;C3;C30;C32;C33;C36;C37;C38;C39;C43;C46;C49;C51;C52;C83;C84;C85;C89;C93;C97,True,778.7319554326688
c101_21,COORDINATED_MPC_MCTS,0.5,12,24.642879936891063,50.32252576501083,3,34,C1;C10;C100;C14;C15;C18;C2;C26;C3;C32;C33;C36;C37;C39;C4;C43;C46;C5;C51;C52;C55;C56;C58;C59;C62;C64;C68;C78;C82;C85;C89;C90;C91;C98,True,25.679645828119767
c101_21,COORDINATED_MPC_MCTS,0.5,12,172.06032671793653,1061.6282043287908,102,35,C100;C15;C16;C18;C19;C26;C28;C3;C30;C32;C33;C36;C37;C38;C39;C43;C46;C51;C52;C55;C56;C58;C64;C68;C78;C81;C82;C84;C85;C89;C91;C92;C93;C96;C97,True,889.5678776108543
c101_21,COORDINATED_MPC_MCTS,0.5,28,135.25840806497936,169.4293292696165,5,28,C100;C14;C15;C16;C18;C26;C28;C3;C40;C43;C46;C51;C52;C55;C64;C68;C73;C78;C81;C82;C84;C85;C89;C91;C92;C93;C96;C97,True,34.170921204637125
c101_21,COORDINATED_MPC_MCTS,0.5,28,329.0,1091.6282043287908,82,5,C43;C46;C49;C51;C52,True,762.6282043287908
c101_21,COORDINATED_MPC_MCTS,0.5,14,259.0,280.9120341249515,3,20,C26;C28;C3;C30;C32;C43;C46;C49;C51;C52;C56;C57;C64;C78;C81;C83;C84;C85;C89;C91,True,21.912034124951504
c101_21,COORDINATED_MPC_MCTS,0.5,14,511.0,1091.6282043287908,62,6,C43;C46;C49;C50;C51;C52,True,580.6282043287908
c101_21,COORDINATED_MPC_MCTS,0.5,29,151.30650595606517,1071.6282043287908,106,30,C14;C15;C16;C18;C19;C26;C28;C3;C32;C33;C36;C37;C38;C39;C43;C46;C51;C52;C55;C56;C58;C64;C68;C81;C82;C84;C85;C89;C91;C96,True,920.3216983727257
c101_21,COORDINATED_MPC_MCTS,0.5,30,788.0,1091.6282043287908,31,12,C13;C49;C50;C52;C57;C61;C8;C88;C89;C9;C91;C99,True,303.62820432879084
c101_21,COORDINATED_MPC_MCTS,0.5,31,137.79513420040252,410.2092502371579,37,37,C100;C14;C15;C16;C18;C19;C26;C28;C3;C32;C33;C36;C37;C38;C39;C40;C43;C46;C51;C52;C55;C56;C58;C64;C68;C73;C78;C81;C82;C84;C85;C89;C91;C92;C93;C96;C97,True,272.4141160367554
c101_21,COORDINATED_MPC_MCTS,0.5,31,548.2196657737891,742.7349880000733,22,2,C78;C81,True,194.51532222628418
c101_21,COORDINATED_MPC_MCTS,0.5,31,851.0,1091.6282043287908,25,0,,True,240.62820432879084
c101_21,COORDINATED_MPC_MCTS,0.5,19,271.0,748.4793508776544,56,15,C100;C15;C16;C17;C26;C28;C3;C30;C83;C84;C85;C89;C91;C93;C97,True,477.4793508776544
c101_21,COORDINATED_MPC_MCTS,0.5,19,864.0,1021.6282043287908,16,2,C8;C9,True,157.62820432879084
c101_21,COORDINATED_MPC_MCTS,0.5,21,64.39447476760157,71.0260207491255,3,24,C1;C10;C100;C14;C15;C16;C18;C19;C2;C26;C3;C4;C43;C5;C52;C68;C82;C85;C89;C91;C92;C93;C96;C98,True,6.631545981523928
c101_21,COORDINATED_MPC_MCTS,0.5,21,251.0289230632287,284.4365177458652,5,28,C100;C15;C16;C17;C18;C26;C28;C3;C30;C32;C33;C36;C37;C38;C39;C43;C46;C49;C51;C52;C64;C83;C84;C85;C89;C91;C93;C97,True,33.40759468263653
c101_21,COORDINATED_MPC_MCTS,0.5,21,424.4365177458652,1041.6282043287908,67,6,C43;C46;C49;C50;C51;C52,True,617.1916865829256
c101_21,COORDINATED_MPC_MCTS,0.5,32,170.56767303952887,1071.6282043287908,103,33,C100;C15;C16;C18;C19;C26;C28;C3;C30;C32;C33;C36;C37;C38;C39;C43;C46;C51;C52;C55;C56;C58;C64;C68;C82;C84;C85;C89;C91;C92;C93;C96;C97,True,901.0605312892619
c101_21,COORDINATED_MPC_MCTS,0.5,33,178.25158122021165,837.823276364491,77,30,C100;C15;C26;C28;C3;C30;C32;C33;C37;C38;C43;C46;C51;C52;C55;C56;C58;C64;C68;C73;C78;C81;C83;C84;C85;C89;C91;C93;C96;C97,True,659.5716951442794
c101_21,COORDINATED_MPC_MCTS,0.5,34,156.55743671473715,199.84226589152794,7,35,C100;C15;C16;C18;C19;C26;C28;C3;C32;C33;C36;C37;C38;C39;C43;C46;C51;C52;C55;C56;C58;C64;C68;C73;C78;C81;C82;C84;C85;C89;C91;C92;C93;C96;C97,True,43.284829176790794
c101_21,COORDINATED_MPC_MCTS,0.5,34,444.0,1071.6282043287908,68,26,C100;C13;C15;C17;C18;C26;C28;C3;C38;C43;C46;C49;C50;C51;C52;C57;C71;C78;C8;C81;C83;C85;C88;C89;C91;C97,True,627.6282043287908
c101_21,COORDINATED_MPC_MCTS,0.5,20,75.7947123580214,104.73906062831678,5,26,C1;C10;C100;C14;C15;C16;C18;C19;C2;C26;C3;C4;C40;C43;C46;C5;C52;C64;C68;C82;C85;C89;C91;C92;C93;C96,True,28.94434827029538
c101_21,COORDINATED_MPC_MCTS,0.5,20,180.26747647295105,202.77919030323127,4,11,C100;C15;C16;C3;C83;C84;C85;C89;C91;C93;C97,True,22.51171383028023
c101_21,COORDINATED_MPC_MCTS,0.5,20,538.0,1091.6282043287908,59,1,C26,True,553.6282043287908
c101_21,COORDINATED_MPC_MCTS,0.5,22,75.7947123580214,173.75938636942558,14,26,C1;C10;C100;C14;C15;C16;C18;C19;C2;C26;C3;C4;C40;C43;C46;C5;C52;C64;C68;C82;C85;C89;C91;C92;C93;C96,True,97.96467401140418
c101_21,COORDINATED_MPC_MCTS,0.5,22,549.0,1081.6282043287908,57,6,C100;C83;C85;C88;C89;C99,True,532.6282043287908
c101_21,COORDINATED_MPC_MCTS,0.5,35,538.0,1071.6282043287908,57,22,C100;C15;C17;C18;C26;C3;C43;C46;C49;C50;C51;C52;C57;C78;C8;C81;C83;C85;C88;C89;C91;C99,True,533.6282043287908
c101_21,COORDINATED_MPC_MCTS,0.5,36,190.93025022587904,1061.6282043287908,99,29,C100;C15;C16;C17;C18;C26;C28;C3;C30;C32;C33;C36;C37;C38;C39;C43;C46;C51;C52;C55;C64;C68;C83;C84;C85;C89;C91;C93;C97,True,870.6979541029118
c101_21,COORDINATED_MPC_MCTS,0.5,1,83.83817512319533,187.59426827722575,14,29,C10;C100;C14;C15;C16;C18;C19;C2;C26;C3;C32;C33;C36;C37;C38;C39;C4;C40;C43;C46;C5;C51;C52;C85;C86;C89;C92;C93;C96,True,103.75609315403042
c101_21,COORDINATED_MPC_MCTS,0.5,1,545.0,579.5055656957735,4,11,C100;C13;C15;C17;C18;C26;C3;C49;C52;C8;C99,True,34.5055656957735
c101_21,COORDINATED_MPC_MCTS,0.5,1,835.0,1051.6282043287908,23,4,C13;C8;C9;C99,True,216.62820432879084
c101_21,COORDINATED_MPC_MCTS,0.5,37,1040.0,1100.0,6,3,C66;C8;C91,True,60.0
c101_21,COORDINATED_MPC_MCTS,0.5,6,83.8708322362429,139.34446688164223,7,37,C10;C100;C14;C15;C16;C18;C19;C2;C26;C3;C32;C33;C36;C37;C38;C39;C4;C40;C43;C46;C51;C52;C55;C56;C58;C59;C64;C68;C78;C82;C85;C86;C89;C91;C92;C93;C96,True,55.47363464539933
c101_21,COORDINATED_MPC_MCTS,0.5,6,240.74622113263362,250.74622113263362,1,32,C100;C15;C16;C17;C18;C26;C28;C3;C30;C32;C33;C36;C37;C38;C39;C43;C46;C49;C51;C52;C56;C57;C58;C64;C78;C81;C83;C84;C85;C89;C91;C97,True,10.0
c101_21,COORDINATED_MPC_MCTS,0.5,6,370.1073360481269,1091.6282043287908,78,25,C15;C17;C18;C26;C28;C3;C33;C37;C38;C39;C43;C46;C49;C51;C52;C53;C57;C78;C8;C81;C83;C84;C85;C89;C91,True,721.520868280664
c101_21,COORDINATED_MPC_MCTS,0.5,38,208.9279285221591,417.90661170057547,26,9,C43;C46;C49;C51;C52;C56;C57;C58;C64,True,208.97868317841636
c101_21,COORDINATED_MPC_MCTS,0.5,38,693.8284271247462,1091.6282043287908,42,5,C43;C49;C50;C51;C52,True,397.79977720404463
c101_21,COORDINATED_MPC_MCTS,0.5,8,100.0,149.20597545986453,6,37,C10;C100;C14;C15;C16;C18;C19;C2;C26;C28;C3;C32;C33;C36;C37;C38;C39;C4;C40;C43;C46;C51;C52;C55;C56;C58;C64;C68;C78;C82;C85;C86;C89;C91;C92;C93;C96,True,49.20597545986453
c101_21,COORDINATED_MPC_MCTS,0.5,8,264.0,1061.6282043287908,89,27,C100;C15;C16;C17;C18;C26;C28;C3;C30;C32;C33;C36;C37;C38;C39;C43;C46;C49;C51;C52;C56;C57;C64;C83;C84;C85;C89,True,797.6282043287908
c101_21,COORDINATED_MPC_MCTS,0.5,39,869.0,1061.6282043287908,20,9,C13;C49;C50;C52;C61;C8;C89;C9;C91,True,192.62820432879084
c101_21,COORDINATED_MPC_MCTS,0.5,7,101.0,466.1876129814137,47,35,C100;C14;C15;C16;C18;C19;C2;C26;C28;C3;C32;C33;C36;C37;C38;C39;C4;C40;C43;C46;C51;C52;C55;C56;C58;C64;C68;C82;C85;C86;C89;C91;C92;C93;C96,True,365.1876129814137
c101_21,COORDINATED_MPC_MCTS,0.5,7,897.7131099154195,1097.7131099154194,20,2,C49;C50,True,199.9999999999999
c101_21,COORDINATED_MPC_MCTS,0.5,9,103.0,204.69187529566895,16,35,C100;C14;C15;C16;C18;C19;C2;C26;C28;C3;C32;C33;C36;C37;C38;C39;C4;C40;C43;C46;C51;C52;C55;C56;C58;C64;C68;C82;C85;C86;C89;C91;C92;C93;C96,True,101.69187529566895
c101_21,COORDINATED_MPC_MCTS,0.5,9,353.0,1061.6282043287908,77,26,C100;C13;C15;C17;C18;C26;C28;C3;C33;C37;C38;C39;C43;C46;C49;C51;C52;C53;C57;C8;C83;C84;C85;C89;C91;C97,True,708.6282043287908
c101_21,COORDINATED_MPC_MCTS,0.5,11,103.0,212.6804490197036,17,37,C100;C14;C15;C16;C18;C19;C2;C26;C28;C3;C32;C33;C36;C37;C38;C39;C4;C40;C43;C46;C51;C52;C55;C56;C58;C64;C68;C73;C78;C82;C85;C86;C89;C91;C92;C93;C96,True,109.68044901970359
c101_21,COORDINATED_MPC_MCTS,0.5,11,364.0,1081.6282043287908,78,2,C100;C97,True,717.6282043287908
c101_21,COORDINATED_MPC_MCTS,0.5,4,105.0,112.70517235548543,1,38,C100;C14;C15;C16;C18;C19;C2;C26;C28;C3;C32;C33;C36;C37;C38;C39;C4;C40;C43;C46;C51;C52;C55;C56;C58;C64;C68;C73;C78;C82;C84;C85;C86;C89;C91;C92;C93;C96,True,7.705172355485431
c101_21,COORDINATED_MPC_MCTS,0.5,4,263.0,398.26679825223056,17,12,C100;C3;C64;C78;C81;C83;C84;C85;C89;C91;C93;C97,True,135.26679825223056
c101_21,COORDINATED_MPC_MCTS,0.5,4,927.0,1097.0,17,2,C89;C91,True,170.0
c101_21,COORDINATED_MPC_MCTS,0.5,16,152.32332349610093,1021.6282043287908,100,18,C14;C15;C16;C18;C19;C26;C28;C3;C32;C33;C36;C37;C38;C39;C43;C46;C51;C52,True,869.30488083269
c101_21,COORDINATED_MPC_MCTS,0.5,40,589.0,1071.6282043287908,51,17,C100;C11;C13;C17;C26;C43;C46;C49;C50;C51;C52;C8;C85;C88;C89;C91;C99,True,482.62820432879084
c101_21,COORDINATED_MPC_MCTS,0.5,41,674.0,1061.6282043287908,41,15,C100;C11;C13;C26;C43;C49;C50;C51;C52;C8;C85;C88;C89;C91;C99,True,387.62820432879084
c101_21,COORDINATED_MPC_MCTS,0.5,5,505.35920592009506,1081.6282043287908,61,11,C15;C17;C18;C26;C38;C43;C46;C49;C50;C51;C52,True,576.2689984086958
c101_21,COORDINATED_MPC_MCTS,0.5,42,240.83817512319536,1081.6282043287908,94,26,C100;C15;C16;C17;C18;C26;C28;C3;C30;C32;C33;C36;C37;C38;C39;C43;C46;C49;C51;C52;C83;C84;C85;C89;C93;C97,True,840.7900292055955
c101_21,COORDINATED_MPC_MCTS,0.5,18,646.0,1091.6282043287908,47,7,C100;C81;C85;C88;C89;C91;C99,True,445.62820432879084
c101_21,COORDINATED_MPC_MCTS,0.5,43,304.30709397485157,308.13891788733906,1,10,C100;C15;C3;C83;C84;C85;C89;C91;C93;C97,True,3.8318239124874935
c101_21,COORDINATED_MPC_MCTS,0.5,43,636.0,712.2174597671466,8,4,C100;C85;C88;C99,True,76.21745976714658
c101_21,COORDINATED_MPC_MCTS,0.5,43,834.0,1081.6282043287908,26,1,C99,True,247.62820432879084
c101_21,COORDINATED_MPC_MCTS,0.5,44,271.1197146992593,1081.6282043287908,90,33,C100;C15;C16;C17;C18;C26;C28;C3;C30;C32;C33;C36;C37;C38;C39;C43;C46;C49;C51;C52;C56;C57;C71;C73;C78;C81;C83;C84;C85;C89;C91;C93;C97,True,810.5084896295316
c101_21,COORDINATED_MPC_MCTS,0.5,46,375.79064365085446,407.16385338811955,4,4,C46;C49;C53;C57,True,31.373209737265086
c101_21,COORDINATED_MPC_MCTS,0.5,46,548.5466015295485,1071.6282043287908,56,8,C26;C43;C46;C49;C50;C51;C52;C57,True,523.0816027992423
c101_21,COORDINATED_MPC_MCTS,0.5,17,248.0,1071.6282043287908,92,30,C100;C15;C16;C17;C18;C26;C28;C3;C30;C32;C33;C36;C37;C38;C39;C43;C46;C49;C51;C52;C56;C57;C64;C83;C84;C85;C89;C91;C93;C97,True,823.6282043287908
c101_21,COORDINATED_MPC_MCTS,0.5,13,257.0,311.2937755401417,9,6,C46;C49;C51;C52;C56;C57,True,54.29377554014172
c101_21,COORDINATED_MPC_MCTS,0.5,13,534.0,665.1567889012243,14,0,,True,131.15678890122433
c101_21,COORDINATED_MPC_MCTS,0.5,13,900.0,1100.0,20,1,C57,True,200.0
c101_21,COORDINATED_MPC_MCTS,0.5,47,604.7717154847146,1038.1387302537526,47,0,,True,433.36701476903795
c101_21,COORDINATED_MPC_MCTS,0.5,3,266.0,281.0497234399398,3,8,C100;C15;C16;C17;C18;C26;C28;C30,True,15.049723439939783
c101_21,COORDINATED_MPC_MCTS,0.5,3,448.0,1081.6282043287908,68,4,C13;C15;C17;C18,True,633.6282043287908
c101_21,COORDINATED_MPC_MCTS,0.5,48,416.83326780799575,513.365401179539,12,3,C71;C78;C81,True,96.5321333715433
c101_21,COORDINATED_MPC_MCTS,0.5,48,757.0,1055.0282484321258,32,0,,True,298.0282484321258
c101_21,COORDINATED_MPC_MCTS,0.5,49,354.9578898224546,1081.6282043287908,79,23,C100;C13;C15;C17;C18;C26;C28;C3;C33;C37;C38;C39;C43;C46;C49;C51;C52;C8;C83;C84;C85;C89;C97,True,726.6703145063362
c101_21,COORDINATED_MPC_MCTS,0.5,10,379.3851648071345,1091.6282043287908,77,10,C26;C28;C37;C38;C39;C43;C46;C49;C51;C52,True,712.2430395216563
c101_21,COORDINATED_MPC_MCTS,0.5,50,659.0,1091.6282043287908,46,6,C26;C43;C49;C50;C51;C52,True,432.62820432879084
c101_21,COORDINATED_MPC_MCTS,0.5,51,591.0087712549569,871.6282043287908,31,2,C78;C81,True,280.619433073834
c101_21,COORDINATED_MPC_MCTS,0.5,15,457.0,485.36216988693906,3,6,C100;C83;C85;C88;C89;C97,True,28.362169886939057
c101_21,COORDINATED_MPC_MCTS,0.5,53,763.3553390593274,1051.6282043287908,30,4,C13;C8;C9;C99,True,288.2728652694634
c101_21,COORDINATED_MPC_MCTS,0.5,2,557.0,595.2535502412021,5,7,C26;C43;C46;C49;C50;C51;C52,True,38.253550241202106
c101_21,COORDINATED_MPC_MCTS,0.5,2,745.0,1091.6282043287908,36,5,C43;C49;C50;C51;C52,True,346.62820432879084
c101_21,COORDINATED_MPC_MCTS,0.5,55,959.0,1099.0,14,6,C13;C49;C61;C66;C8;C91,True,140.0
c101_21,COORDINATED_MPC_MCTS,0.5,0,727.0,1091.6282043287908,38,1,C81,True,364.62820432879084
c201_21,COORDINATED_MPC_MCTS,0.5,16,139.8826173048785,169.52960749375578,5,34,C100;C14;C15;C16;C17;C18;C19;C20;C21;C22;C26;C27;C29;C35;C37;C39;C40;C54;C55;C59;C60;C63;C64;C65;C74;C77;C81;C85;C87;C92;C94;C95;C97;C99,True,29.646990188877282
c201_21,COORDINATED_MPC_MCTS,0.5,16,980.0,1015.7250467008597,4,24,C18;C20;C21;C22;C25;C26;C27;C29;C35;C37;C39;C53;C54;C55;C56;C63;C64;C65;C70;C73;C74;C79;C80;C81,True,35.72504670085971
c201_21,COORDINATED_MPC_MCTS,0.5,16,1174.0,3234.164155752818,211,19,C20;C21;C22;C26;C27;C29;C35;C37;C39;C53;C54;C55;C63;C64;C65;C74;C79;C80;C81,True,2060.164155752818
c201_21,COORDINATED_MPC_MCTS,0.5,17,1877.0,1933.6751417356008,6,12,C20;C21;C22;C27;C29;C35;C37;C61;C63;C64;C65;C74,True,56.675141735600846
c201_21,COORDINATED_MPC_MCTS,0.5,17,2350.0,3110.0,76,9,C20;C21;C22;C24;C27;C62;C66;C72;C74,True,760.0
c201_21,COORDINATED_MPC_MCTS,0.5,18,104.30476894420133,246.32786937312088,19,40,C100;C14;C15;C16;C17;C18;C19;C20;C21;C22;C26;C27;C28;C29;C34;C35;C36;C37;C39;C40;C49;C54;C55;C59;C60;C63;C64;C65;C74;C77;C81;C83;C84;C85;C86;C87;C92;C94;C95;C99,True,142.02310042891955
c201_21,COORDINATED_MPC_MCTS,0.5,18,2142.702665167193,3234.164155752818,110,10,C20;C21;C22;C24;C27;C33;C61;C62;C72;C74,True,1091.4614905856247
c201_21,COORDINATED_MPC_MCTS,0.5,19,220.0,3184.164155752818,309,33,C1;C100;C14;C15;C16;C17;C18;C20;C21;C22;C25;C26;C27;C29;C35;C37;C39;C54;C55;C60;C63;C64;C65;C74;C77;C80;C81;C82;C85;C87;C92;C94;C99,True,2964.164155752818
c201_21,COORDINATED_MPC_MCTS,0.5,20,210.0,320.3128553072878,13,33,C1;C100;C14;C15;C16;C17;C18;C19;C20;C21;C22;C26;C27;C29;C35;C37;C39;C54;C55;C60;C63;C64;C65;C74;C77;C80;C81;C82;C85;C87;C92;C94;C99,True,110.3128553072878
c201_21,COORDINATED_MPC_MCTS,0.5,20,492.0,3224.164155752818,284,30,C1;C100;C14;C16;C17;C18;C20;C21;C22;C25;C26;C27;C29;C35;C37;C39;C53;C54;C55;C63;C64;C65;C71;C74;C79;C80;C81;C92;C94;C99,True,2732.164155752818
c201_21,COORDINATED_MPC_MCTS,0.5,21,2895.0,3225.0,33,3,C20;C21;C22,True,330.0
c201_21,COORDINATED_MPC_MCTS,0.5,22,136.6865150861983,221.99403163039395,13,37,C100;C14;C15;C16;C17;C18;C19;C20;C21;C22;C26;C27;C28;C29;C34;C35;C37;C39;C40;C54;C55;C59;C60;C63;C64;C65;C74;C77;C81;C85;C86;C87;C92;C94;C95;C97;C99,True,85.30751654419564
c201_21,COORDINATED_MPC_MCTS,0.5,22,501.0,3224.164155752818,283,27,C1;C100;C14;C16;C17;C18;C20;C21;C22;C25;C26;C27;C29;C35;C37;C39;C53;C54;C55;C63;C64;C65;C74;C81;C92;C94;C99,True,2723.164155752818
c201_21,COORDINATED_MPC_MCTS,0.5,23,221.0,397.49525280062136,20,33,C1;C100;C14;C15;C16;C17;C18;C20;C21;C22;C25;C26;C27;C29;C35;C37;C39;C54;C55;C60;C63;C64;C65;C74;C77;C80;C81;C82;C85;C87;C92;C94;C99,True,176.49525280062136
c201_21,COORDINATED_MPC_MCTS,0.5,23,598.0,963.4967678191647,40,25,C1;C100;C16;C17;C18;C20;C21;C22;C25;C26;C27;C29;C53;C54;C55;C63;C64;C65;C71;C74;C79;C80;C81;C92;C99,True,365.4967678191647
c201_21,COORDINATED_MPC_MCTS,0.5,23,1081.7810390666266,1394.3435501334784,32,4,C73;C79;C80;C81,True,312.5625110668518
c201_21,COORDINATED_MPC_MCTS,0.5,23,1752.0617852233256,3184.164155752818,147,13,C20;C21;C22;C27;C29;C35;C37;C39;C61;C63;C64;C65;C74,True,1432.1023705294922
c201_21,COORDINATED_MPC_MCTS,0.5,3,964.0,3214.164155752818,231,24,C18;C20;C21;C22;C25;C26;C27;C29;C35;C37;C39;C53;C54;C55;C56;C63;C64;C65;C70;C73;C74;C79;C80;C81,True,2250.164155752818
c201_21,COORDINATED_MPC_MCTS,0.5,15,62.40625609664467,3224.164155752818,338,40,C100;C12;C14;C15;C16;C18;C19;C20;C21;C22;C26;C27;C28;C29;C34;C35;C36;C37;C39;C40;C44;C49;C54;C55;C59;C60;C63;C64;C65;C74;C77;C81;C83;C84;C86;C87;C92;C94;C95;C99,True,3161.7578996561733
c201_21,COORDINATED_MPC_MCTS,0.5,10,62.664312012500396,201.5093451442645,22,39,C100;C12;C14;C15;C16;C18;C19;C20;C21;C22;C26;C27;C28;C29;C34;C35;C36;C37;C39;C40;C49;C54;C55;C59;C60;C63;C64;C65;C74;C77;C81;C83;C84;C86;C87;C92;C94;C95;C99,True,138.8450331317641
c201_21,COORDINATED_MPC_MCTS,0.5,10,397.0,483.47616134677173,10,31,C1;C100;C14;C16;C17;C18;C20;C21;C22;C25;C26;C27;C29;C35;C37;C39;C53;C54;C55;C63;C64;C65;C71;C74;C80;C81;C82;C85;C92;C94;C99,True,86.47616134677173
c201_21,COORDINATED_MPC_MCTS,0.5,10,772.0,3224.164155752818,253,27,C1;C100;C17;C18;C20;C21;C22;C25;C26;C27;C29;C35;C37;C39;C53;C54;C55;C56;C63;C64;C65;C71;C74;C79;C80;C81;C99,True,2452.164155752818
c201_21,COORDINATED_MPC_MCTS,0.5,13,62.664312012500396,512.7166843019271,57,39,C100;C12;C14;C15;C16;C18;C19;C20;C21;C22;C26;C27;C28;C29;C34;C35;C36;C37;C39;C40;C49;C54;C55;C59;C60;C63;C64;C65;C74;C77;C81;C83;C84;C86;C87;C92;C94;C95;C99,True,450.0523722894267
c201_21,COORDINATED_MPC_MCTS,0.5,13,2634.0,3234.0,60,6,C20;C21;C22;C24;C27;C66,True,600.0
c201_21,COORDINATED_MPC_MCTS,0.5,24,1683.0,3224.164155752818,158,13,C20;C21;C22;C27;C29;C35;C37;C39;C61;C63;C64;C65;C74,True,1541.1641557528178
c201_21,COORDINATED_MPC_MCTS,0.5,8,76.78283141432074,97.58569232081898,5,40,C100;C12;C14;C15;C16;C17;C18;C19;C20;C21;C22;C26;C27;C28;C29;C34;C35;C36;C37;C39;C40;C49;C54;C55;C59;C60;C63;C64;C65;C74;C77;C81;C83;C84;C86;C87;C92;C94;C95;C99,True,20.80286090649824
c201_21,COORDINATED_MPC_MCTS,0.5,8,1266.0,1787.4274230938577,54,19,C20;C21;C22;C26;C27;C29;C35;C37;C39;C53;C54;C55;C56;C63;C64;C65;C74;C79;C81,True,521.4274230938577
c201_21,COORDINATED_MPC_MCTS,0.5,8,1972.0,2135.642508498969,19,10,C20;C21;C22;C27;C29;C35;C37;C61;C64;C74,True,163.64250849896916
c201_21,COORDINATED_MPC_MCTS,0.5,8,2445.0,3225.0,78,7,C20;C21;C22;C24;C27;C66;C74,True,780.0
c201_21,COORDINATED_MPC_MCTS,0.5,25,182.52923439548488,211.99403163039395,5,34,C1;C100;C14;C15;C16;C17;C18;C19;C20;C21;C22;C26;C27;C29;C35;C37;C39;C40;C54;C55;C59;C60;C63;C64;C65;C74;C77;C81;C82;C85;C87;C92;C94;C99,True,29.46479723490907
c201_21,COORDINATED_MPC_MCTS,0.5,25,1068.0,3234.164155752818,222,19,C20;C21;C22;C25;C26;C27;C29;C35;C37;C39;C53;C54;C55;C56;C63;C64;C65;C74;C81,True,2166.164155752818
c201_21,COORDINATED_MPC_MCTS,0.5,26,115.09253439548486,1074.3894269666944,108,37,C100;C14;C15;C16;C17;C18;C19;C20;C21;C22;C26;C27;C28;C29;C34;C35;C37;C39;C40;C54;C55;C59;C60;C63;C64;C65;C74;C77;C81;C83;C85;C86;C87;C92;C94;C95;C99,True,959.2968925712095
c201_21,COORDINATED_MPC_MCTS,0.5,26,1459.0,3214.164155752818,179,16,C20;C21;C22;C27;C29;C35;C37;C39;C53;C54;C55;C63;C64;C65;C74;C78,True,1755.1641557528178
c201_21,COORDINATED_MPC_MCTS,0.5,27,211.0,3234.164155752818,316,33,C1;C100;C14;C15;C16;C17;C18;C19;C20;C21;C22;C26;C27;C29;C35;C37;C39;C54;C55;C60;C63;C64;C65;C74;C77;C80;C81;C82;C85;C87;C92;C94;C99,True,3023.164155752818
c201_21,COORDINATED_MPC_MCTS,0.5,28,406.0,3234.164155752818,293,28,C1;C100;C14;C16;C17;C18;C20;C21;C22;C25;C26;C27;C29;C35;C37;C39;C53;C54;C55;C63;C64;C65;C74;C81;C85;C92;C94;C99,True,2828.164155752818
c201_21,COORDINATED_MPC_MCTS,0.5,29,161.30459829447457,357.60116890803556,25,35,C100;C14;C15;C16;C17;C18;C19;C20;C21;C22;C26;C27;C29;C35;C37;C39;C40;C54;C55;C59;C60;C63;C64;C65;C74;C77;C81;C82;C85;C87;C92;C94;C95;C97;C99,True,196.296570613561
c201_21,COORDINATED_MPC_MCTS,0.5,29,2093.0,3214.164155752818,114,9,C20;C21;C22;C27;C29;C37;C61;C62;C74,True,1121.1641557528178
c201_21,COORDINATED_MPC_MCTS,0.5,30,1362.0,3234.164155752818,192,16,C20;C21;C22;C27;C29;C35;C37;C39;C53;C54;C55;C63;C64;C65;C74;C81,True,1872.1641557528178
c201_21,COORDINATED_MPC_MCTS,0.5,0,101.0,3224.164155752818,330,41,C100;C12;C14;C15;C16;C17;C18;C19;C20;C21;C22;C26;C27;C28;C29;C34;C35;C36;C37;C39;C40;C49;C54;C55;C59;C60;C63;C64;C65;C74;C77;C81;C83;C84;C85;C86;C87;C92;C94;C95;C99,True,3123.164155752818
c201_21,COORDINATED_MPC_MCTS,0.5,4,598.0,3234.164155752818,273,22,C1;C100;C16;C17;C18;C20;C21;C22;C25;C26;C27;C29;C35;C37;C39;C55;C63;C64;C65;C74;C92;C99,True,2636.164155752818
c201_21,COORDINATED_MPC_MCTS,0.5,31,164.40625609664468,185.20398587791095,4,35,C100;C14;C15;C16;C17;C18;C19;C20;C21;C22;C26;C27;C29;C35;C37;C39;C40;C54;C55;C59;C60;C63;C64;C65;C74;C77;C81;C82;C85;C87;C92;C94;C95;C97;C99,True,20.79772978126627
c201_21,COORDINATED_MPC_MCTS,0.5,31,1386.0,3234.164155752818,189,16,C20;C21;C22;C27;C29;C35;C37;C39;C53;C54;C55;C63;C64;C65;C74;C81,True,1848.1641557528178
c201_21,COORDINATED_MPC_MCTS,0.5,32,308.0,3234.164155752818,305,33,C1;C100;C14;C16;C17;C18;C20;C21;C22;C25;C26;C27;C29;C35;C37;C39;C54;C55;C60;C63;C64;C65;C71;C74;C77;C80;C81;C82;C85;C87;C92;C94;C99,True,2926.164155752818
c201_21,COORDINATED_MPC_MCTS,0.5,5,411.0,451.0,4,31,C1;C100;C14;C16;C17;C18;C20;C21;C22;C25;C26;C27;C29;C35;C37;C39;C53;C54;C55;C63;C64;C65;C71;C74;C79;C80;C81;C85;C92;C94;C99,True,40.0
c201_21,COORDINATED_MPC_MCTS,0.5,5,833.0,959.3072243215606,13,15,C100;C20;C53;C54;C55;C63;C64;C65;C71;C74;C76;C79;C80;C81;C99,True,126.30722432156062
c201_21,COORDINATED_MPC_MCTS,0.5,5,964.9407300648592,3234.164155752818,233,10,C55;C63;C64;C65;C70;C73;C74;C79;C80;C81,True,2269.2234256879588
c201_21,COORDINATED_MPC_MCTS,0.5,33,2049.0,3214.164155752818,119,10,C20;C21;C22;C27;C29;C35;C37;C61;C62;C74,True,1165.1641557528178
c201_21,COORDINATED_MPC_MCTS,0.5,6,112.0,122.0,1,37,C100;C14;C15;C16;C17;C18;C19;C20;C21;C22;C26;C27;C28;C29;C34;C35;C37;C39;C40;C54;C55;C59;C60;C63;C64;C65;C74;C77;C81;C83;C85;C86;C87;C92;C94;C95;C99,True,10.0
c201_21,COORDINATED_MPC_MCTS,0.5,6,152.34597702713316,169.52960749375578,3,34,C100;C14;C15;C16;C17;C18;C19;C20;C21;C22;C26;C27;C29;C35;C37;C39;C40;C54;C55;C59;C60;C63;C64;C65;C74;C77;C81;C85;C87;C92;C94;C95;C97;C99,True,17.183630466622617
c201_21,COORDINATED_MPC_MCTS,0.5,6,506.0,3214.164155752818,281,29,C1;C100;C14;C16;C17;C18;C20;C21;C22;C25;C26;C27;C29;C35;C37;C39;C54;C55;C63;C64;C65;C71;C74;C79;C80;C81;C92;C94;C99,True,2708.164155752818
c201_21,COORDINATED_MPC_MCTS,0.5,2,117.0,146.6961736547491,4,37,C100;C14;C15;C16;C17;C18;C19;C20;C21;C22;C26;C27;C28;C29;C34;C35;C37;C39;C40;C54;C55;C59;C60;C63;C64;C65;C74;C77;C81;C83;C85;C86;C87;C92;C94;C95;C99,True,29.69617365474909
c201_21,COORDINATED_MPC_MCTS,0.5,2,302.0,354.3550051785228,6,33,C1;C100;C14;C16;C17;C18;C20;C21;C22;C25;C26;C27;C29;C35;C37;C39;C54;C55;C60;C63;C64;C65;C71;C74;C77;C80;C81;C82;C85;C87;C92;C94;C99,True,52.35500517852279
c201_21,COORDINATED_MPC_MCTS,0.5,2,1482.0,1597.4274230938577,12,16,C20;C21;C22;C27;C29;C35;C37;C39;C53;C54;C55;C63;C64;C65;C74;C78,True,115.42742309385767
c201_21,COORDINATED_MPC_MCTS,0.5,2,2146.0,3234.164155752818,109,5,C20;C61;C62;C72;C74,True,1088.1641557528178
c201_21,COORDINATED_MPC_MCTS,0.5,1,118.0,3234.164155752818,329,37,C100;C14;C15;C16;C17;C18;C19;C20;C21;C22;C26;C27;C28;C29;C34;C35;C37;C39;C40;C54;C55;C59;C60;C63;C64;C65;C74;C77;C81;C83;C85;C86;C87;C92;C94;C95;C99,True,3116.164155752818
c201_21,COORDINATED_MPC_MCTS,0.5,14,126.0,136.0,1,38,C100;C14;C15;C16;C17;C18;C19;C20;C21;C22;C26;C27;C28;C29;C34;C35;C37;C39;C40;C54;C55;C59;C60;C63;C64;C65;C74;C77;C81;C83;C85;C86;C87;C92;C94;C95;C97;C99,True,10.0
c201_21,COORDINATED_MPC_MCTS,0.5,14,505.0,812.3478726530159,34,27,C1;C100;C14;C16;C17;C18;C20;C21;C22;C25;C26;C27;C29;C53;C54;C55;C63;C64;C65;C71;C74;C79;C80;C81;C92;C94;C99,True,307.3478726530159
c201_21,COORDINATED_MPC_MCTS,0.5,14,850.7956473828631,3224.164155752818,244,27,C100;C17;C18;C20;C21;C22;C25;C26;C27;C29;C35;C37;C39;C53;C54;C55;C56;C63;C64;C65;C71;C74;C76;C79;C80;C81;C99,True,2373.3685083699547
c201_21,COORDINATED_MPC_MCTS,0.5,34,1802.0,3224.164155752818,146,12,C20;C21;C22;C27;C29;C35;C37;C61;C63;C64;C65;C74,True,1422.1641557528178
c201_21,COORDINATED_MPC_MCTS,0.5,35,216.22997484114188,3204.164155752818,312,33,C1;C100;C14;C15;C16;C17;C18;C20;C21;C22;C25;C26;C27;C29;C35;C37;C39;C54;C55;C60;C63;C64;C65;C74;C77;C80;C81;C82;C85;C87;C92;C94;C99,True,2987.934180911676
c201_21,COORDINATED_MPC_MCTS,0.5,36,1784.0,3214.164155752818,146,13,C20;C21;C22;C27;C29;C35;C37;C39;C61;C63;C64;C65;C74,True,1430.1641557528178
c201_21,COORDINATED_MPC_MCTS,0.5,37,314.0,330.3128553072878,2,33,C1;C100;C14;C16;C17;C18;C20;C21;C22;C25;C26;C27;C29;C35;C37;C39;C54;C55;C60;C63;C64;C65;C71;C74;C77;C80;C81;C82;C85;C87;C92;C94;C99,True,16.312855307287805
c201_21,COORDINATED_MPC_MCTS,0.5,37,468.5142377728654,579.5103604021629,12,30,C1;C100;C14;C16;C17;C18;C20;C21;C22;C25;C26;C27;C29;C35;C37;C39;C53;C54;C55;C63;C64;C65;C71;C74;C79;C80;C81;C92;C94;C99,True,110.99612262929747
c201_21,COORDINATED_MPC_MCTS,0.5,37,1898.0,3224.164155752818,136,12,C20;C21;C22;C27;C29;C35;C37;C61;C63;C64;C65;C74,True,1326.1641557528178
c201_21,COORDINATED_MPC_MCTS,0.5,38,1058.0,2080.0763355785975,106,22,C20;C21;C22;C25;C26;C27;C29;C35;C37;C39;C53;C54;C55;C56;C63;C64;C65;C73;C74;C79;C80;C81,True,1022.0763355785975
c201_21,COORDINATED_MPC_MCTS,0.5,38,2241.0,3231.0,99,9,C20;C21;C22;C24;C27;C62;C66;C72;C74,True,990.0
c201_21,COORDINATED_MPC_MCTS,0.5,39,409.0,3234.164155752818,293,31,C1;C100;C14;C16;C17;C18;C20;C21;C22;C25;C26;C27;C29;C35;C37;C39;C53;C54;C55;C63;C64;C65;C71;C74;C79;C80;C81;C85;C92;C94;C99,True,2825.164155752818
c201_21,COORDINATED_MPC_MCTS,0.5,40,1704.0,3224.164155752818,155,13,C20;C21;C22;C27;C29;C35;C37;C39;C61;C63;C64;C65;C74,True,1520.1641557528178
c201_21,COORDINATED_MPC_MCTS,0.5,41,450.265480920536,3214.164155752818,287,31,C1;C100;C14;C16;C17;C18;C20;C21;C22;C25;C26;C27;C29;C35;C37;C39;C53;C54;C55;C63;C64;C65;C71;C74;C79;C80;C81;C85;C92;C94;C99,True,2763.898674832282
c201_21,COORDINATED_MPC_MCTS,0.5,42,568.4062560966447,803.3338098580397,27,29,C1;C100;C14;C16;C17;C18;C20;C21;C22;C25;C26;C27;C29;C35;C37;C39;C53;C54;C55;C63;C64;C65;C71;C74;C79;C80;C81;C92;C99,True,234.92755376139496
c201_21,COORDINATED_MPC_MCTS,0.5,42,1856.0,1985.6792536328487,14,12,C20;C21;C22;C27;C29;C35;C37;C61;C63;C64;C65;C74,True,129.6792536328487
c201_21,COORDINATED_MPC_MCTS,0.5,42,2337.0,3227.0,89,9,C20;C21;C22;C24;C27;C62;C66;C72;C74,True,890.0
c201_21,COORDINATED_MPC_MCTS,0.5,43,730.2134322839579,3204.164155752818,255,19,C1;C100;C17;C18;C20;C21;C22;C25;C26;C27;C29;C63;C64;C65;C71;C74;C79;C81;C99,True,2473.95072346886
c201_21,COORDINATED_MPC_MCTS,0.5,44,697.7635934049536,3224.164155752818,261,20,C1;C100;C16;C17;C18;C20;C21;C22;C25;C26;C27;C29;C35;C37;C39;C63;C64;C65;C74;C99,True,2526.4005623478643
c201_21,COORDINATED_MPC_MCTS,0.5,12,585.0,680.8972640193326,10,28,C1;C100;C16;C17;C18;C20;C21;C22;C25;C26;C27;C29;C35;C37;C39;C53;C54;C55;C63;C64;C65;C71;C74;C79;C80;C81;C92;C99,True,95.89726401933262
c201_21,COORDINATED_MPC_MCTS,0.5,12,868.0,1346.2012352816976,51,24,C17;C18;C20;C21;C22;C25;C26;C27;C29;C35;C37;C39;C53;C54;C55;C56;C63;C64;C65;C71;C74;C79;C80;C81,True,478.20123528169756
c201_21,COORDINATED_MPC_MCTS,0.5,12,1761.0,3234.164155752818,151,7,C20;C35;C61;C63;C64;C65;C74,True,1473.1641557528178
c201_21,COORDINATED_MPC_MCTS,0.5,11,677.0,3234.164155752818,265,27,C1;C100;C16;C17;C18;C20;C21;C22;C25;C26;C27;C29;C35;C37;C39;C53;C54;C55;C63;C64;C65;C71;C74;C79;C80;C81;C99,True,2557.164155752818
c201_21,COORDINATED_MPC_MCTS,0.5,45,828.0748821464463,3224.164155752818,247,18,C100;C17;C18;C20;C21;C22;C25;C26;C27;C29;C35;C37;C39;C63;C64;C65;C74;C99,True,2396.0892736063715
c201_21,COORDINATED_MPC_MCTS,0.5,46,795.5188383592736,2214.164155752818,149,26,C100;C17;C18;C20;C21;C22;C25;C26;C27;C29;C35;C37;C39;C53;C54;C55;C56;C63;C64;C65;C71;C74;C79;C80;C81;C99,True,1418.6453173935442
c201_21,COORDINATED_MPC_MCTS,0.5,46,2617.0,3227.0,61,6,C20;C21;C22;C24;C27;C66,True,610.0
c201_21,COORDINATED_MPC_MCTS,0.5,47,1197.3209195267316,3224.164155752818,207,13,C20;C21;C22;C26;C27;C29;C35;C37;C39;C63;C64;C65;C74,True,2026.8432362260862
c201_21,COORDINATED_MPC_MCTS,0.5,48,865.5188383592736,3224.164155752818,243,24,C17;C18;C20;C21;C22;C25;C26;C27;C29;C35;C37;C39;C53;C54;C55;C56;C63;C64;C65;C71;C74;C79;C80;C81,True,2358.6453173935442
c201_21,COORDINATED_MPC_MCTS,0.5,49,1507.770329614269,2115.2941363729124,63,1,C78,True,607.5238067586433
c201_21,COORDINATED_MPC_MCTS,0.5,49,2271.406372258188,3231.406372258188,96,9,C20;C21;C22;C24;C27;C62;C66;C72;C74,True,960.0
c201_21,COORDINATED_MPC_MCTS,0.5,50,984.2421343532885,3224.164155752818,230,18,C20;C21;C22;C25;C26;C27;C29;C35;C37;C39;C55;C63;C64;C65;C74;C79;C80;C81,True,2239.9220213995295
c201_21,COORDINATED_MPC_MCTS,0.5,51,1105.3553390593274,1117.5655776327249,2,15,C20;C21;C22;C26;C27;C29;C35;C37;C39;C54;C55;C63;C64;C65;C74,True,12.210238573397419
c201_21,COORDINATED_MPC_MCTS,0.5,51,2537.0,3207.0,67,6,C20;C21;C22;C24;C27;C66,True,670.0
c201_21,COORDINATED_MPC_MCTS,0.5,9,1396.121422386541,2127.0398786913092,77,12,C20;C21;C22;C27;C29;C35;C37;C39;C55;C63;C64;C65,True,730.9184563047681
c201_21,COORDINATED_MPC_MCTS,0.5,9,2732.0,3212.0,48,5,C20;C21;C22;C24;C27,True,480.0
c201_21,COORDINATED_MPC_MCTS,0.5,52,2002.142135623731,3204.164155752818,122,10,C20;C21;C22;C27;C29;C35;C37;C61;C62;C74,True,1202.0220201290867
c201_21,COORDINATED_MPC_MCTS,0.5,53,2255.0,3225.0,97,9,C20;C21;C22;C24;C27;C62;C66;C72;C74,True,970.0
c201_21,COORDINATED_MPC_MCTS,0.5,54,3110.0,3230.0,12,2,C21;C22,True,120.0
c201_21,COORDINATED_MPC_MCTS,0.5,7,2922.0,3232.0,31,3,C20;C21;C22,True,310.0
r101_21,COORDINATED_MPC_MCTS,0.5,21,23.053844906648063,24.110037222569673,1,33,C10;C14;C15;C16;C18;C22;C23;C24;C27;C33;C34;C35;C38;C42;C43;C45;C51;C55;C57;C63;C71;C75;C78;C83;C85;C86;C88;C9;C90;C91;C92;C93;C98,True,1.05619231592161
r101_21,COORDINATED_MPC_MCTS,0.5,21,54.76016084465267,57.366096869237495,2,14,C14;C15;C23;C42;C45;C57;C83;C85;C86;C87;C91;C92;C93;C98,True,2.605936024584828
r101_21,COORDINATED_MPC_MCTS,0.5,21,78.00684536636624,79.7005062309556,1,13,C14;C15;C42;C44;C45;C83;C85;C87;C92;C93;C94;C97;C99,True,1.6936608645893614
r101_21,COORDINATED_MPC_MCTS,0.5,21,111.0,187.47395701936065,8,5,C37;C87;C92;C94;C97,True,76.47395701936065
r101_21,COORDINATED_MPC_MCTS,0.5,22,59.0,170.19679787874696,22,16,C10;C27;C34;C35;C45;C48;C49;C51;C63;C71;C77;C78;C82;C83;C88;C92,True,111.19679787874696
r101_21,COORDINATED_MPC_MCTS,0.5,23,22.17578252821159,170.19679787874696,39,25,C10;C14;C15;C16;C18;C19;C27;C32;C33;C42;C45;C46;C49;C51;C57;C63;C83;C85;C86;C88;C90;C91;C92;C93;C98,True,148.02101535053538
r101_21,COORDINATED_MPC_MCTS,0.5,24,44.0,187.47395701936065,32,27,C10;C14;C15;C16;C18;C23;C24;C25;C27;C4;C42;C45;C51;C55;C57;C71;C78;C79;C83;C85;C86;C87;C88;C91;C92;C93;C98,True,143.47395701936065
r101_21,COORDINATED_MPC_MCTS,0.5,25,28.124375257417302,69.17382737467852,18,33,C10;C14;C15;C16;C18;C22;C23;C24;C25;C27;C35;C42;C43;C45;C49;C51;C55;C57;C63;C71;C75;C78;C83;C85;C86;C87;C88;C9;C90;C91;C92;C93;C98,True,41.049452117261225
r101_21,COORDINATED_MPC_MCTS,0.5,25,97.0,187.47395701936065,11,21,C10;C14;C27;C37;C41;C42;C44;C45;C47;C48;C5;C57;C82;C85;C87;C88;C92;C93;C94;C97;C99,True,90.47395701936065
r101_21,COORDINATED_MPC_MCTS,0.5,26,44.115025403865396,54.80771591570185,6,13,C10;C24;C27;C33;C34;C35;C51;C55;C71;C78;C79;C9;C90,True,10.692690511836453
r101_21,COORDINATED_MPC_MCTS,0.5,26,160.0,177.47395701936065,2,1,C51,True,17.473957019360654
r101_21,COORDINATED_MPC_MCTS,0.5,27,150.0,187.47395701936065,4,7,C27;C37;C41;C57;C82;C87;C94,True,37.473957019360654
r101_21,COORDINATED_MPC_MCTS,0.5,28,44.01477755070459,48.535974509856565,4,16,C14;C15;C16;C18;C27;C42;C45;C57;C83;C85;C86;C87;C91;C92;C93;C98,True,4.521196959151972
r101_21,COORDINATED_MPC_MCTS,0.5,28,83.0,109.41713740152059,5,11,C37;C44;C45;C82;C83;C85;C92;C93;C94;C97;C99,True,26.41713740152059
r101_21,COORDINATED_MPC_MCTS,0.5,29,107.0,187.47395701936065,10,15,C14;C25;C27;C37;C41;C42;C44;C5;C57;C82;C87;C88;C92;C94;C97,True,80.47395701936065
r101_21,COORDINATED_MPC_MCTS,0.5,30,98.0,170.19679787874696,9,17,C10;C27;C30;C37;C45;C47;C48;C49;C5;C51;C82;C87;C88;C92;C94;C97;C99,True,72.19679787874696
r101_21,COORDINATED_MPC_MCTS,0.5,31,32.9215124494567,187.47395701936065,36,29,C10;C14;C15;C16;C18;C23;C24;C25;C27;C34;C35;C42;C45;C51;C55;C57;C63;C71;C78;C83;C85;C86;C87;C88;C9;C91;C92;C93;C98,True,154.55244456990397
r101_21,COORDINATED_MPC_MCTS,0.5,32,48.48541216382898,187.47395701936065,29,20,C14;C15;C16;C18;C23;C25;C27;C4;C42;C45;C55;C57;C83;C85;C86;C87;C91;C92;C93;C98,True,138.98854485553167
r101_21,COORDINATED_MPC_MCTS,0.5,33,26.549813991372584,71.78479288204703,22,26,C10;C14;C15;C16;C18;C22;C23;C27;C38;C42;C43;C45;C46;C51;C55;C57;C75;C83;C85;C86;C87;C88;C91;C92;C93;C98,True,45.23497889067444
r101_21,COORDINATED_MPC_MCTS,0.5,33,156.22819084571015,187.47395701936065,4,6,C27;C37;C41;C57;C87;C94,True,31.24576617365051
r101_21,COORDINATED_MPC_MCTS,0.5,34,121.0,171.0,5,11,C24;C25;C27;C37;C41;C42;C53;C57;C87;C94;C97,True,50.0
r101_21,COORDINATED_MPC_MCTS,0.5,36,146.0,176.0,3,7,C24;C27;C37;C41;C57;C87;C94,True,30.0
r101_21,COORDINATED_MPC_MCTS,0.5,37,61.48910561169336,70.61335468072002,6,4,C23;C25;C4;C55,True,9.12424906902666
r101_21,COORDINATED_MPC_MCTS,0.5,37,92.0151089317114,187.47395701936065,12,1,C25,True,95.45884808764926
r101_21,COORDINATED_MPC_MCTS,0.5,38,34.9041685398522,187.47395701936065,33,24,C10;C14;C15;C16;C18;C23;C24;C25;C27;C42;C45;C51;C55;C57;C79;C83;C85;C86;C87;C88;C91;C92;C93;C98,True,152.56978847950845
r101_21,COORDINATED_MPC_MCTS,0.5,1,18.552405559861107,170.19679787874696,40,28,C10;C100;C14;C15;C16;C18;C19;C27;C32;C33;C42;C45;C46;C49;C51;C57;C62;C63;C8;C83;C85;C86;C88;C90;C91;C92;C93;C98,True,151.64439231888585
r101_21,COORDINATED_MPC_MCTS,0.5,15,37.47049068966884,63.924048383478514,11,17,C10;C16;C18;C27;C45;C49;C63;C83;C85;C86;C87;C88;C90;C91;C92;C93;C98,True,26.45355769380967
r101_21,COORDINATED_MPC_MCTS,0.5,15,106.0,177.47395701936065,9,9,C37;C44;C45;C5;C82;C92;C93;C94;C97,True,71.47395701936065
r101_21,COORDINATED_MPC_MCTS,0.5,14,20.733247487812154,170.19679787874696,39,29,C10;C100;C14;C15;C16;C18;C19;C27;C32;C33;C42;C45;C46;C49;C51;C57;C62;C63;C75;C83;C85;C86;C88;C9;C90;C91;C92;C93;C98,True,149.4635503909348
r101_21,COORDINATED_MPC_MCTS,0.5,40,56.228345055776074,57.66181643440981,2,10,C10;C27;C45;C48;C49;C51;C63;C82;C83;C88,True,1.4334713786337332
r101_21,COORDINATED_MPC_MCTS,0.5,41,39.95752692624567,187.47395701936065,33,22,C10;C14;C15;C16;C18;C27;C42;C45;C49;C51;C57;C63;C83;C85;C86;C87;C88;C90;C91;C92;C93;C98,True,147.516430093115
r101_21,COORDINATED_MPC_MCTS,0.5,42,42.98252612780406,187.47395701936065,32,30,C10;C14;C15;C16;C18;C23;C24;C25;C27;C34;C35;C4;C42;C45;C51;C55;C57;C63;C71;C78;C79;C83;C85;C86;C87;C88;C91;C92;C93;C98,True,144.4914308915566
r101_21,COORDINATED_MPC_MCTS,0.5,11,22.00178174603139,187.47395701936065,41,35,C10;C100;C14;C15;C16;C18;C22;C23;C24;C27;C33;C35;C38;C42;C43;C45;C46;C49;C51;C55;C57;C63;C71;C75;C78;C83;C85;C86;C88;C9;C90;C91;C92;C93;C98,True,165.47217527332927
r101_21,COORDINATED_MPC_MCTS,0.5,16,112.47213595499957,187.47395701936065,8,18,C10;C14;C27;C37;C41;C42;C44;C45;C48;C5;C53;C57;C82;C87;C88;C92;C94;C97,True,75.00182106436108
r101_21,COORDINATED_MPC_MCTS,0.5,43,64.19140371537583,170.19679787874696,20,8,C10;C45;C48;C49;C63;C82;C83;C88,True,106.00539416337114
r101_21,COORDINATED_MPC_MCTS,0.5,44,80.0,104.72522352021029,5,7,C10;C29;C30;C35;C51;C71;C77,True,24.725223520210292
r101_21,COORDINATED_MPC_MCTS,0.5,45,82.71239794894228,187.47395701936065,15,15,C14;C27;C42;C44;C45;C57;C82;C83;C85;C87;C92;C93;C94;C97;C99,True,104.76155907041837
r101_21,COORDINATED_MPC_MCTS,0.5,46,51.6946655206782,170.19679787874696,25,28,C10;C18;C24;C25;C27;C34;C35;C4;C45;C48;C49;C51;C55;C57;C63;C71;C78;C79;C82;C83;C85;C87;C88;C9;C91;C92;C93;C98,True,118.50213235806876
r101_21,COORDINATED_MPC_MCTS,0.5,20,26.59168613611976,44.207490021839064,8,18,C10;C18;C27;C32;C33;C35;C45;C46;C49;C51;C63;C66;C71;C83;C88;C9;C90;C92,True,17.615803885719306
r101_21,COORDINATED_MPC_MCTS,0.5,20,79.0,160.19679787874696,13,8,C10;C27;C30;C49;C51;C71;C82;C88,True,81.19679787874696
r101_21,COORDINATED_MPC_MCTS,0.5,47,143.70820393249937,173.70820393249937,3,2,C20;C51,True,30.0
r101_21,COORDINATED_MPC_MCTS,0.5,48,69.90342950700575,76.16602228942796,3,8,C10;C27;C30;C35;C51;C71;C77;C78,True,6.262592782422203
r101_21,COORDINATED_MPC_MCTS,0.5,48,127.0,147.0,2,0,,True,20.0
r101_21,COORDINATED_MPC_MCTS,0.5,7,60.0,94.72522352021029,13,16,C10;C27;C45;C48;C49;C63;C82;C83;C85;C86;C88;C91;C92;C93;C97;C98,True,34.72522352021029
r101_21,COORDINATED_MPC_MCTS,0.5,7,154.0,187.47395701936065,4,5,C27;C37;C82;C88;C94,True,33.473957019360654
r101_21,COORDINATED_MPC_MCTS,0.5,49,79.10748630962638,82.77804114470011,2,1,C44,True,3.6705548350737303
r101_21,COORDINATED_MPC_MCTS,0.5,49,111.59229124052719,177.47395701936065,7,10,C14;C37;C42;C44;C45;C5;C87;C92;C94;C97,True,65.88166577883347
r101_21,COORDINATED_MPC_MCTS,0.5,9,30.0,187.47395701936065,37,22,C10;C14;C15;C16;C18;C27;C42;C45;C49;C51;C57;C63;C83;C85;C86;C87;C88;C90;C91;C92;C93;C98,True,157.47395701936065
r101_21,COORDINATED_MPC_MCTS,0.5,52,70.13229381382882,170.19679787874696,17,10,C15;C23;C25;C42;C55;C57;C67;C87;C92;C97,True,100.06450406491814
r101_21,COORDINATED_MPC_MCTS,0.5,8,33.0,170.19679787874696,34,19,C14;C15;C16;C18;C23;C24;C25;C27;C42;C51;C55;C57;C83;C85;C87;C91;C92;C93;C98,True,137.19679787874696
r101_21,COORDINATED_MPC_MCTS,0.5,53,62.90311150366172,66.98775658328428,3,20,C10;C27;C35;C45;C48;C49;C51;C63;C64;C71;C77;C78;C82;C83;C85;C88;C92;C93;C97;C98,True,4.084645079622561
r101_21,COORDINATED_MPC_MCTS,0.5,53,121.0,151.0,3,7,C10;C20;C30;C48;C51;C82;C88,True,30.0
r101_21,COORDINATED_MPC_MCTS,0.5,54,78.02384643061775,170.19679787874696,14,6,C10;C30;C48;C49;C82;C88,True,92.17295144812921
r101_21,COORDINATED_MPC_MCTS,0.5,55,95.35755975068582,109.41713740152059,2,4,C29;C35;C51;C71,True,14.059577650834768
r101_21,COORDINATED_MPC_MCTS,0.5,55,169.44324182133835,177.47395701936065,1,1,C51,True,8.030715198022307
r101_21,COORDINATED_MPC_MCTS,0.5,5,35.0,170.19679787874696,31,24,C10;C16;C18;C27;C32;C33;C35;C45;C49;C51;C63;C71;C78;C79;C83;C85;C87;C88;C9;C90;C91;C92;C93;C98,True,135.19679787874696
r101_21,COORDINATED_MPC_MCTS,0.5,56,66.12079525296477,170.19679787874696,20,19,C10;C27;C35;C45;C48;C49;C51;C64;C71;C77;C78;C82;C83;C87;C88;C92;C93;C97;C98,True,104.0760026257822
r101_21,COORDINATED_MPC_MCTS,0.5,19,37.0,47.015302943847345,4,13,C15;C23;C25;C27;C42;C55;C57;C85;C87;C91;C92;C93;C98,True,10.015302943847345
r101_21,COORDINATED_MPC_MCTS,0.5,19,147.0,177.0,3,1,C24,True,30.0
r101_21,COORDINATED_MPC_MCTS,0.5,10,38.0,187.47395701936065,33,23,C10;C14;C15;C16;C18;C23;C25;C27;C42;C45;C51;C55;C57;C83;C85;C86;C87;C88;C90;C91;C92;C93;C98,True,149.47395701936065
r101_21,COORDINATED_MPC_MCTS,0.5,17,38.0,187.47395701936065,33,16,C10;C18;C24;C25;C27;C33;C34;C35;C51;C55;C71;C78;C79;C88;C9;C90,True,149.47395701936065
r101_21,COORDINATED_MPC_MCTS,0.5,57,121.0,187.47395701936065,7,19,C10;C14;C20;C24;C27;C30;C37;C42;C44;C48;C5;C51;C53;C57;C82;C87;C88;C94;C97,True,66.47395701936065
r101_21,COORDINATED_MPC_MCTS,0.5,58,69.72372173378677,187.47395701936065,19,29,C10;C14;C15;C23;C24;C25;C27;C30;C35;C42;C44;C45;C48;C51;C57;C67;C71;C77;C82;C83;C85;C86;C87;C88;C92;C93;C97;C98;C99,True,117.75023528557388
r101_21,COORDINATED_MPC_MCTS,0.5,59,160.89244398944982,170.89244398944982,1,2,C82;C88,True,10.0
r101_21,COORDINATED_MPC_MCTS,0.5,6,55.0,187.47395701936065,26,28,C10;C14;C15;C23;C24;C25;C27;C4;C42;C45;C48;C49;C51;C57;C63;C71;C77;C78;C82;C83;C85;C86;C87;C88;C91;C92;C93;C98,True,132.47395701936065
r101_21,COORDINATED_MPC_MCTS,0.5,60,106.19432418566926,177.47395701936065,9,22,C10;C14;C27;C30;C37;C41;C42;C44;C45;C47;C48;C49;C5;C51;C57;C82;C87;C88;C92;C93;C94;C97,True,71.2796328336914
r101_21,COORDINATED_MPC_MCTS,0.5,61,102.90004851719905,110.19679787874695,2,21,C10;C14;C27;C37;C41;C42;C44;C45;C47;C48;C5;C51;C57;C82;C87;C88;C92;C93;C94;C97;C99,True,7.296749361547896
r101_21,COORDINATED_MPC_MCTS,0.5,61,125.85365212823933,187.47395701936065,7,16,C10;C14;C27;C37;C41;C44;C48;C5;C51;C53;C57;C82;C87;C88;C94;C97,True,61.62030489112132
r101_21,COORDINATED_MPC_MCTS,0.5,62,115.07906079311415,177.47395701936065,7,6,C14;C37;C44;C5;C94;C97,True,62.3948962262465
r101_21,COORDINATED_MPC_MCTS,0.5,63,101.77663446215263,170.19679787874696,8,15,C10;C27;C30;C37;C45;C47;C48;C49;C5;C51;C82;C88;C94;C97;C99,True,68.42016341659433
r101_21,COORDINATED_MPC_MCTS,0.5,64,101.10926805565778,187.47395701936065,10,26,C10;C14;C24;C25;C27;C30;C37;C41;C42;C44;C45;C47;C48;C49;C5;C51;C57;C67;C82;C87;C88;C92;C93;C94;C97;C99,True,86.36468896370287
r101_21,COORDINATED_MPC_MCTS,0.5,67,106.21388769415675,187.47395701936065,10,23,C10;C14;C24;C27;C30;C37;C41;C42;C44;C45;C47;C48;C49;C5;C51;C57;C82;C87;C88;C92;C93;C94;C97,True,81.2600693252039
r101_21,COORDINATED_MPC_MCTS,0.5,13,98.0,170.19679787874696,9,12,C24;C25;C27;C29;C51;C57;C67;C77;C87;C92;C94;C97,True,72.19679787874696
r101_21,COORDINATED_MPC_MCTS,0.5,68,154.9726924545804,164.9726924545804,1,0,,True,10.0
r101_21,COORDINATED_MPC_MCTS,0.5,69,148.0,187.47395701936065,4,9,C27;C37;C41;C44;C57;C82;C87;C88;C94,True,39.473957019360654
r101_21,COORDINATED_MPC_MCTS,0.5,4,105.0,187.47395701936065,10,23,C10;C14;C25;C27;C30;C37;C41;C42;C44;C45;C47;C48;C49;C5;C51;C57;C82;C87;C88;C92;C93;C94;C97,True,82.47395701936065
r101_21,COORDINATED_MPC_MCTS,0.5,12,118.0,187.47395701936065,7,11,C10;C20;C24;C25;C27;C30;C51;C53;C87;C88;C94,True,69.47395701936065
r101_21,COORDINATED_MPC_MCTS,0.5,2,122.0,187.47395701936065,7,20,C10;C14;C20;C24;C27;C30;C37;C41;C42;C44;C48;C5;C51;C53;C57;C82;C87;C88;C94;C97,True,65.47395701936065
r101_21,COORDINATED_MPC_MCTS,0.5,71,177.0,187.47395701936065,2,1,C37,True,10.473957019360654
r101_21,COORDINATED_MPC_MCTS,0.5,3,128.0,187.47395701936065,6,11,C10;C20;C24;C27;C30;C37;C51;C82;C87;C88;C94,True,59.473957019360654
r101_21,COORDINATED_MPC_MCTS,0.5,72,176.01562118716424,187.47395701936065,2,1,C37,True,11.458335832196411
r201_21,COORDINATED_MPC_MCTS,0.5,20,73.0,128.3650726135185,11,28,C10;C12;C14;C16;C20;C22;C23;C24;C29;C35;C36;C38;C39;C40;C48;C49;C51;C57;C63;C66;C67;C71;C75;C78;C8;C80;C84;C91,True,55.36507261351849
r201_21,COORDINATED_MPC_MCTS,0.5,20,743.0,923.0,18,12,C12;C17;C29;C35;C41;C45;C49;C56;C62;C73;C86;C96,True,180.0
r201_21,COORDINATED_MPC_MCTS,0.5,21,32.24828377758078,98.90097295070505,12,30,C10;C12;C14;C16;C19;C20;C22;C23;C29;C34;C35;C36;C38;C40;C46;C48;C49;C51;C57;C63;C66;C67;C68;C71;C75;C78;C8;C80;C84;C91,True,66.65268917312427
r201_21,COORDINATED_MPC_MCTS,0.5,21,324.0,924.2893129535469,68,22,C10;C12;C16;C17;C20;C22;C24;C29;C31;C35;C36;C38;C48;C49;C51;C53;C64;C66;C83;C86;C89;C96,True,600.2893129535469
r201_21,COORDINATED_MPC_MCTS,0.5,22,27.982533757265436,116.22307299959445,17,30,C10;C12;C14;C16;C19;C20;C22;C23;C29;C34;C35;C36;C38;C40;C46;C48;C49;C51;C57;C63;C66;C67;C68;C71;C75;C78;C8;C80;C84;C91,True,88.24053924232902
r201_21,COORDINATED_MPC_MCTS,0.5,22,259.0,266.84112379782783,2,22,C10;C12;C16;C17;C20;C22;C24;C29;C31;C35;C36;C38;C48;C49;C51;C53;C6;C64;C66;C83;C86;C97,True,7.841123797827834
r201_21,COORDINATED_MPC_MCTS,0.5,22,568.0,588.0,2,19,C11;C12;C16;C17;C20;C22;C29;C31;C35;C36;C41;C47;C49;C56;C60;C66;C83;C86;C96,True,20.0
r201_21,COORDINATED_MPC_MCTS,0.5,22,645.0106370941726,681.7724533047045,5,17,C11;C12;C16;C17;C20;C22;C29;C31;C35;C36;C41;C47;C49;C56;C66;C86;C96,True,36.76181621053195
r201_21,COORDINATED_MPC_MCTS,0.5,22,887.0,917.0,3,1,C96,True,30.0
r201_21,COORDINATED_MPC_MCTS,0.5,23,24.416996971260254,362.4387941143032,52,30,C10;C12;C14;C16;C19;C20;C22;C23;C29;C34;C35;C36;C38;C40;C46;C48;C49;C51;C57;C63;C66;C67;C68;C71;C75;C78;C8;C80;C84;C91,True,338.021797143043
r201_21,COORDINATED_MPC_MCTS,0.5,23,409.0,924.2893129535469,56,21,C10;C12;C16;C17;C20;C22;C24;C29;C31;C32;C35;C36;C38;C41;C49;C60;C64;C66;C83;C86;C96,True,515.2893129535469
r201_21,COORDINATED_MPC_MCTS,0.5,24,413.0,924.2893129535469,55,21,C10;C12;C16;C17;C20;C22;C24;C29;C31;C32;C35;C36;C41;C44;C49;C60;C64;C66;C83;C86;C96,True,511.28931295354687
r201_21,COORDINATED_MPC_MCTS,0.5,25,46.811420898438655,67.16375924598123,4,29,C10;C12;C14;C16;C19;C20;C22;C23;C29;C35;C36;C38;C39;C40;C46;C48;C49;C51;C57;C63;C66;C67;C71;C75;C78;C8;C80;C84;C91,True,20.35233834754257
r201_21,COORDINATED_MPC_MCTS,0.5,25,96.0,109.68241015439706,4,28,C10;C12;C14;C16;C20;C22;C23;C24;C29;C35;C36;C38;C39;C40;C48;C49;C51;C53;C57;C63;C66;C67;C71;C75;C78;C8;C80;C84,True,13.682410154397061
r201_21,COORDINATED_MPC_MCTS,0.5,25,126.39061408689643,382.4387941143032,36,26,C10;C12;C14;C16;C20;C22;C23;C24;C29;C31;C35;C36;C38;C40;C48;C49;C51;C53;C57;C6;C63;C66;C71;C75;C78;C97,True,256.0481800274068
r201_21,COORDINATED_MPC_MCTS,0.5,25,412.3636529594745,924.2893129535469,55,21,C10;C12;C16;C17;C20;C22;C24;C29;C31;C32;C35;C36;C41;C44;C49;C60;C64;C66;C83;C86;C96,True,511.92565999407236
r201_21,COORDINATED_MPC_MCTS,0.5,26,562.0,924.2893129535469,38,20,C10;C11;C12;C16;C17;C20;C22;C29;C31;C35;C36;C41;C47;C49;C56;C60;C66;C83;C86;C96,True,362.28931295354687
r201_21,COORDINATED_MPC_MCTS,0.5,27,111.0,136.042811989049,5,28,C10;C12;C14;C16;C20;C22;C23;C24;C29;C33;C35;C36;C38;C39;C40;C48;C49;C51;C53;C57;C63;C66;C67;C71;C75;C78;C8;C97,True,25.042811989049
r201_21,COORDINATED_MPC_MCTS,0.5,27,233.0,239.7782011522797,1,24,C10;C12;C16;C17;C20;C22;C24;C29;C31;C35;C36;C38;C40;C48;C49;C51;C53;C6;C63;C64;C66;C83;C86;C97,True,6.778201152279706
r201_21,COORDINATED_MPC_MCTS,0.5,27,435.0,924.2893129535469,52,21,C10;C12;C16;C17;C20;C22;C24;C29;C31;C32;C35;C36;C41;C47;C49;C60;C64;C66;C83;C86;C96,True,489.28931295354687
r201_21,COORDINATED_MPC_MCTS,0.5,28,44.86628306329841,142.19219221522263,18,29,C10;C12;C14;C16;C19;C20;C22;C23;C29;C35;C36;C38;C39;C40;C46;C48;C49;C51;C57;C63;C66;C67;C71;C75;C78;C8;C80;C84;C91,True,97.32590915192422
r201_21,COORDINATED_MPC_MCTS,0.5,28,481.0,924.2893129535469,47,21,C10;C11;C12;C16;C17;C20;C22;C24;C29;C31;C32;C35;C36;C41;C47;C49;C60;C66;C83;C86;C96,True,443.28931295354687
r201_21,COORDINATED_MPC_MCTS,0.5,29,51.57514764308321,66.55078676981023,3,29,C10;C12;C14;C16;C19;C20;C22;C23;C29;C35;C36;C38;C39;C40;C46;C48;C49;C51;C57;C63;C66;C67;C71;C75;C78;C8;C80;C84;C91,True,14.975639126727017
r201_21,COORDINATED_MPC_MCTS,0.5,29,789.0,909.0,12,11,C12;C17;C29;C35;C41;C49;C56;C62;C73;C86;C96,True,120.0
r201_21,COORDINATED_MPC_MCTS,0.5,7,25.0,240.9332503622578,36,30,C10;C12;C14;C16;C19;C20;C22;C23;C29;C34;C35;C36;C38;C40;C46;C48;C49;C51;C57;C63;C66;C67;C68;C71;C75;C78;C8;C80;C84;C91,True,215.9332503622578
r201_21,COORDINATED_MPC_MCTS,0.5,7,391.0,409.7495912880265,5,21,C10;C12;C16;C17;C20;C22;C24;C29;C31;C32;C35;C36;C38;C49;C51;C64;C66;C83;C86;C89;C96,True,18.749591288026522
r201_21,COORDINATED_MPC_MCTS,0.5,7,597.0,648.9890892742499,6,18,C11;C12;C16;C17;C20;C22;C29;C31;C35;C36;C41;C47;C49;C56;C60;C66;C86;C96,True,51.989089274249864
r201_21,COORDINATED_MPC_MCTS,0.5,12,28.0,216.6653300683536,32,30,C10;C12;C14;C16;C19;C20;C22;C23;C29;C34;C35;C36;C38;C40;C46;C48;C49;C51;C57;C63;C66;C67;C68;C71;C75;C78;C8;C80;C84;C91,True,188.6653300683536
r201_21,COORDINATED_MPC_MCTS,0.5,12,339.0,924.2893129535469,66,21,C10;C12;C16;C17;C20;C22;C24;C29;C31;C35;C36;C38;C49;C51;C53;C64;C66;C83;C86;C89;C96,True,585.2893129535469
r201_21,COORDINATED_MPC_MCTS,0.5,19,33.0,53.70243116122113,4,30,C10;C12;C14;C16;C19;C20;C22;C23;C29;C34;C35;C36;C38;C40;C46;C48;C49;C51;C57;C63;C66;C67;C68;C71;C75;C78;C8;C80;C84;C91,True,20.702431161221128
r201_21,COORDINATED_MPC_MCTS,0.5,19,79.0,190.16335527003434,17,28,C10;C12;C14;C16;C20;C22;C23;C24;C29;C35;C36;C38;C39;C40;C48;C49;C51;C53;C57;C63;C66;C67;C71;C75;C78;C8;C80;C84,True,111.16335527003434
r201_21,COORDINATED_MPC_MCTS,0.5,19,430.0,924.2893129535469,52,21,C10;C12;C16;C17;C20;C22;C24;C29;C31;C32;C35;C36;C41;C47;C49;C60;C64;C66;C83;C86;C96,True,494.28931295354687
r201_21,COORDINATED_MPC_MCTS,0.5,30,62.06951667984867,109.27411711779708,9,29,C10;C12;C14;C16;C19;C20;C22;C23;C29;C35;C36;C38;C39;C40;C46;C48;C49;C51;C57;C63;C66;C67;C71;C75;C78;C8;C80;C84;C91,True,47.20460043794841
r201_21,COORDINATED_MPC_MCTS,0.5,30,144.27411711779706,214.86996967271156,9,26,C10;C12;C14;C16;C20;C22;C23;C24;C29;C31;C35;C36;C38;C40;C48;C49;C51;C53;C6;C63;C64;C66;C71;C75;C86;C97,True,70.5958525549145
r201_21,COORDINATED_MPC_MCTS,0.5,30,720.0,910.0,19,12,C12;C17;C29;C35;C41;C45;C49;C56;C62;C73;C86;C96,True,190.0
r201_21,COORDINATED_MPC_MCTS,0.5,31,114.0,403.9766607979973,43,27,C10;C12;C14;C16;C20;C22;C23;C24;C29;C33;C35;C36;C38;C40;C48;C49;C51;C53;C57;C6;C63;C66;C67;C71;C75;C78;C97,True,289.9766607979973
r201_21,COORDINATED_MPC_MCTS,0.5,31,552.0599281722833,904.2893129535469,37,20,C10;C11;C12;C16;C17;C20;C22;C29;C31;C35;C36;C41;C47;C49;C56;C60;C66;C83;C86;C96,True,352.22938478126355
r201_21,COORDINATED_MPC_MCTS,0.5,5,42.0,402.2594066704926,56,30,C10;C12;C14;C16;C19;C20;C22;C23;C29;C35;C36;C38;C39;C40;C46;C48;C49;C51;C57;C63;C66;C67;C68;C71;C75;C78;C8;C80;C84;C91,True,360.2594066704926
r201_21,COORDINATED_MPC_MCTS,0.5,5,542.0,914.2893129535469,40,20,C10;C11;C12;C16;C17;C20;C22;C24;C29;C31;C35;C36;C41;C47;C49;C60;C66;C83;C86;C96,True,372.28931295354687
r201_21,COORDINATED_MPC_MCTS,0.5,32,328.0,924.2893129535469,67,22,C10;C12;C16;C17;C20;C22;C24;C29;C31;C35;C36;C38;C48;C49;C51;C53;C64;C66;C83;C86;C89;C96,True,596.2893129535469
r201_21,COORDINATED_MPC_MCTS,0.5,2,51.0,77.82228074941023,6,29,C10;C12;C14;C16;C19;C20;C22;C23;C29;C35;C36;C38;C39;C40;C46;C48;C49;C51;C57;C63;C66;C67;C71;C75;C78;C8;C80;C84;C91,True,26.822280749410226
r201_21,COORDINATED_MPC_MCTS,0.5,2,473.0,924.2893129535469,48,21,C10;C11;C12;C16;C17;C20;C22;C24;C29;C31;C32;C35;C36;C41;C47;C49;C60;C66;C83;C86;C96,True,451.28931295354687
r201_21,COORDINATED_MPC_MCTS,0.5,33,107.53781238178507,213.421571276887,17,28,C10;C12;C14;C16;C20;C22;C23;C24;C29;C35;C36;C38;C39;C40;C48;C49;C51;C53;C57;C63;C66;C67;C71;C75;C78;C8;C80;C97,True,105.88375889510192
r201_21,COORDINATED_MPC_MCTS,0.5,33,270.8030022388155,399.3777371251342,16,22,C10;C12;C16;C17;C20;C22;C24;C29;C31;C35;C36;C38;C48;C49;C51;C53;C6;C64;C66;C83;C86;C89,True,128.5747348863187
r201_21,COORDINATED_MPC_MCTS,0.5,33,786.0,916.0,13,11,C12;C17;C29;C35;C41;C49;C56;C62;C73;C86;C96,True,130.0
r201_21,COORDINATED_MPC_MCTS,0.5,11,77.0,112.34812925752229,8,28,C10;C12;C14;C16;C20;C22;C23;C24;C29;C35;C36;C38;C39;C40;C48;C49;C51;C57;C63;C66;C67;C71;C75;C78;C8;C80;C84;C91,True,35.34812925752229
r201_21,COORDINATED_MPC_MCTS,0.5,11,294.0,393.72375091510327,12,22,C10;C12;C16;C17;C20;C22;C24;C29;C31;C35;C36;C38;C48;C49;C51;C53;C64;C66;C83;C86;C89;C96,True,99.72375091510327
r201_21,COORDINATED_MPC_MCTS,0.5,11,562.0,924.2893129535469,38,20,C10;C11;C12;C16;C17;C20;C22;C29;C31;C35;C36;C41;C47;C49;C56;C60;C66;C83;C86;C96,True,362.28931295354687
r201_21,COORDINATED_MPC_MCTS,0.5,34,94.24463974688948,413.02743259701896,50,28,C10;C12;C14;C16;C20;C22;C23;C24;C29;C35;C36;C38;C39;C40;C48;C49;C51;C53;C57;C63;C66;C67;C71;C75;C78;C8;C80;C84,True,318.78279285012945
r201_21,COORDINATED_MPC_MCTS,0.5,34,588.0,924.2893129535469,36,19,C11;C12;C16;C17;C20;C22;C29;C31;C35;C36;C41;C47;C49;C56;C60;C66;C83;C86;C96,True,336.28931295354687
r201_21,COORDINATED_MPC_MCTS,0.5,35,113.43862379891257,280.7341434799732,27,27,C10;C12;C14;C16;C20;C22;C23;C24;C29;C33;C35;C36;C38;C40;C48;C49;C51;C53;C57;C6;C63;C66;C67;C71;C75;C78;C97,True,167.29551968106065
r201_21,COORDINATED_MPC_MCTS,0.5,35,510.0,924.2893129535469,44,20,C10;C11;C12;C16;C17;C20;C22;C24;C29;C31;C35;C36;C41;C47;C49;C60;C66;C83;C86;C96,True,414.28931295354687
r201_21,COORDINATED_MPC_MCTS,0.5,36,147.24880949681338,914.2893129535469,92,26,C10;C12;C14;C16;C20;C22;C23;C24;C29;C31;C35;C36;C38;C40;C48;C49;C51;C53;C6;C63;C64;C66;C71;C75;C86;C97,True,767.0405034567335
r201_21,COORDINATED_MPC_MCTS,0.5,37,167.86342439892263,172.49337991136056,1,25,C10;C12;C14;C16;C20;C22;C24;C29;C31;C35;C36;C38;C40;C48;C49;C51;C53;C6;C63;C64;C66;C71;C75;C86;C97,True,4.629955512437931
r201_21,COORDINATED_MPC_MCTS,0.5,37,547.0,714.2893129535469,19,20,C10;C11;C12;C16;C17;C20;C22;C29;C31;C35;C36;C41;C47;C49;C56;C60;C66;C83;C86;C96,True,167.28931295354687
r201_21,COORDINATED_MPC_MCTS,0.5,37,775.0,915.0,14,11,C12;C17;C29;C35;C41;C49;C56;C62;C73;C86;C96,True,140.0
r201_21,COORDINATED_MPC_MCTS,0.5,1,128.0,172.19219221522263,6,26,C10;C12;C14;C16;C20;C22;C23;C24;C29;C31;C35;C36;C38;C40;C48;C49;C51;C53;C57;C6;C63;C66;C71;C75;C78;C97,True,44.19219221522263
r201_21,COORDINATED_MPC_MCTS,0.5,1,190.73619596054016,262.4351856101302,12,24,C10;C12;C16;C20;C22;C24;C29;C31;C35;C36;C38;C40;C48;C49;C51;C53;C6;C63;C64;C66;C71;C83;C86;C97,True,71.69898964959003
r201_21,COORDINATED_MPC_MCTS,0.5,1,576.0,646.0,7,19,C11;C12;C16;C17;C20;C22;C29;C31;C35;C36;C41;C47;C49;C56;C60;C66;C83;C86;C96,True,70.0
r201_21,COORDINATED_MPC_MCTS,0.5,1,671.0332963783729,924.2893129535469,27,14,C11;C12;C17;C22;C29;C35;C36;C41;C47;C49;C56;C62;C86;C96,True,253.25601657517393
r201_21,COORDINATED_MPC_MCTS,0.5,4,144.0,346.2936943544708,28,26,C10;C12;C14;C16;C20;C22;C23;C24;C29;C31;C35;C36;C38;C40;C48;C49;C51;C53;C6;C63;C64;C66;C71;C75;C86;C97,True,202.2936943544708
r201_21,COORDINATED_MPC_MCTS,0.5,4,478.0,924.2893129535469,47,21,C10;C11;C12;C16;C17;C20;C22;C24;C29;C31;C32;C35;C36;C41;C47;C49;C60;C66;C83;C86;C96,True,446.28931295354687
r201_21,COORDINATED_MPC_MCTS,0.5,38,193.30432225145327,386.9545984630409,28,24,C10;C12;C16;C20;C22;C24;C29;C31;C35;C36;C38;C40;C48;C49;C51;C53;C6;C63;C64;C66;C71;C83;C86;C97,True,193.65027621158762
r201_21,COORDINATED_MPC_MCTS,0.5,38,465.0,914.2893129535469,48,21,C10;C12;C16;C17;C20;C22;C24;C29;C31;C32;C35;C36;C41;C47;C49;C60;C64;C66;C83;C86;C96,True,449.28931295354687
r201_21,COORDINATED_MPC_MCTS,0.5,8,243.0,280.1394109466208,5,23,C10;C12;C16;C17;C20;C22;C24;C29;C31;C35;C36;C38;C48;C49;C51;C53;C6;C63;C64;C66;C83;C86;C97,True,37.139410946620785
r201_21,COORDINATED_MPC_MCTS,0.5,8,566.0,924.2893129535469,38,19,C11;C12;C16;C17;C20;C22;C29;C31;C35;C36;C41;C47;C49;C56;C60;C66;C83;C86;C96,True,358.28931295354687
r201_21,COORDINATED_MPC_MCTS,0.5,14,309.0,924.2893129535469,69,22,C10;C12;C16;C17;C20;C22;C24;C29;C31;C35;C36;C38;C48;C49;C51;C53;C64;C66;C83;C86;C89;C96,True,615.2893129535469
r201_21,COORDINATED_MPC_MCTS,0.5,18,428.0,467.47226876034205,4,21,C10;C12;C16;C17;C20;C22;C24;C29;C31;C32;C35;C36;C41;C47;C49;C60;C64;C66;C83;C86;C96,True,39.47226876034205
r201_21,COORDINATED_MPC_MCTS,0.5,18,729.0,899.0,17,12,C12;C17;C29;C35;C41;C45;C49;C56;C62;C73;C86;C96,True,170.0
r201_21,COORDINATED_MPC_MCTS,0.5,6,367.0,546.3668783507751,22,22,C10;C12;C16;C17;C20;C22;C24;C29;C31;C32;C35;C36;C38;C49;C51;C53;C64;C66;C83;C86;C89;C96,True,179.3668783507751
r201_21,COORDINATED_MPC_MCTS,0.5,17,530.0,914.2893129535469,41,20,C10;C11;C12;C16;C17;C20;C22;C24;C29;C31;C35;C36;C41;C47;C49;C60;C66;C83;C86;C96,True,384.28931295354687
r201_21,COORDINATED_MPC_MCTS,0.5,9,540.0,924.2893129535469,41,20,C10;C11;C12;C16;C17;C20;C22;C24;C29;C31;C35;C36;C41;C47;C49;C60;C66;C83;C86;C96,True,384.28931295354687
r201_21,COORDINATED_MPC_MCTS,0.5,15,544.0,924.2893129535469,41,20,C10;C11;C12;C16;C17;C20;C22;C24;C29;C31;C35;C36;C41;C47;C49;C60;C66;C83;C86;C96,True,380.28931295354687
r201_21,COORDINATED_MPC_MCTS,0.5,39,597.495097567964,914.2893129535469,34,18,C11;C12;C16;C17;C20;C22;C29;C31;C35;C36;C41;C47;C49;C56;C60;C66;C86;C96,True,316.7942153855829
r201_21,COORDINATED_MPC_MCTS,0.5,3,575.0,924.2893129535469,37,19,C11;C12;C16;C17;C20;C22;C29;C31;C35;C36;C41;C47;C49;C56;C60;C66;C83;C86;C96,True,349.28931295354687
r201_21,COORDINATED_MPC_MCTS,0.5,40,645.0159673990557,924.2893129535469,30,17,C11;C12;C16;C17;C20;C22;C29;C31;C35;C36;C41;C47;C49;C56;C66;C86;C96,True,279.27334555449113
r201_21,COORDINATED_MPC_MCTS,0.5,41,695.5128808616889,904.2893129535469,21,14,C12;C17;C22;C29;C35;C36;C41;C45;C47;C49;C56;C62;C86;C96,True,208.77643209185794
r201_21,COORDINATED_MPC_MCTS,0.5,42,689.0,914.2893129535469,23,14,C12;C17;C22;C29;C35;C36;C41;C45;C47;C49;C56;C62;C86;C96,True,225.28931295354687
r201_21,COORDINATED_MPC_MCTS,0.5,13,707.0,914.2893129535469,21,14,C12;C17;C22;C29;C35;C36;C41;C45;C47;C49;C56;C62;C86;C96,True,207.28931295354687
r201_21,COORDINATED_MPC_MCTS,0.5,16,747.0,917.0,17,11,C12;C17;C29;C35;C41;C49;C56;C62;C73;C86;C96,True,170.0
r201_21,COORDINATED_MPC_MCTS,0.5,0,763.0,923.0,16,11,C12;C17;C29;C35;C41;C49;C56;C62;C73;C86;C96,True,160.0
r201_21,COORDINATED_MPC_MCTS,0.5,43,882.73213450591,922.73213450591,4,4,C41;C62;C73;C96,True,40.0
r201_21,COORDINATED_MPC_MCTS,0.5,10,871.0,921.0,5,4,C41;C62;C73;C96,True,50.0
rc101_21,COORDINATED_MPC_MCTS,0.5,21,94.45360125184303,191.11546216735985,10,2,C35;C40,True,96.66186091551683
rc101_21,COORDINATED_MPC_MCTS,0.5,22,93.0,191.11546216735985,11,21,C1;C12;C16;C17;C3;C35;C40;C46;C5;C50;C51;C54;C56;C61;C8;C83;C86;C90;C94;C96;C98,True,98.11546216735985
rc101_21,COORDINATED_MPC_MCTS,0.5,23,42.38157851400544,53.048533034991955,9,24,C10;C15;C16;C17;C18;C21;C22;C23;C25;C48;C49;C50;C51;C52;C56;C58;C74;C83;C87;C90;C94;C97;C98;C99,True,10.666954520986515
rc101_21,COORDINATED_MPC_MCTS,0.5,23,73.81886264926096,181.11546216735985,14,11,C16;C17;C22;C25;C51;C56;C74;C83;C86;C90;C98,True,107.29659951809889
rc101_21,COORDINATED_MPC_MCTS,0.5,24,55.06531031061128,88.4369013940296,12,13,C10;C15;C16;C17;C46;C7;C74;C83;C87;C88;C90;C97;C98,True,33.37159108341832
rc101_21,COORDINATED_MPC_MCTS,0.5,24,150.73246616038827,180.73246616038827,3,3,C16;C60;C86,True,30.0
rc101_21,COORDINATED_MPC_MCTS,0.5,25,137.37062070603065,187.37062070603065,5,3,C1;C5;C60,True,50.0
rc101_21,COORDINATED_MPC_MCTS,0.5,26,83.0,171.11546216735985,11,22,C21;C22;C25;C27;C28;C29;C30;C34;C48;C50;C51;C54;C56;C67;C74;C83;C86;C89;C90;C94;C96;C98,True,88.11546216735985
rc101_21,COORDINATED_MPC_MCTS,0.5,27,60.5940138194302,171.11546216735985,18,30,C1;C15;C16;C17;C22;C27;C29;C3;C30;C33;C34;C35;C37;C38;C40;C46;C5;C50;C51;C54;C56;C61;C67;C8;C83;C88;C90;C94;C96;C98,True,110.52144834792965
rc101_21,COORDINATED_MPC_MCTS,0.5,28,109.0,191.11546216735985,9,24,C1;C16;C17;C21;C3;C34;C35;C40;C46;C48;C5;C50;C51;C54;C56;C61;C67;C83;C86;C9;C90;C94;C96;C98,True,82.11546216735985
rc101_21,COORDINATED_MPC_MCTS,0.5,29,70.43237315240376,72.1018821881375,2,7,C10;C16;C74;C83;C86;C87;C97,True,1.6695090357337392
rc101_21,COORDINATED_MPC_MCTS,0.5,29,156.24567134813907,166.24567134813907,1,1,C86,True,10.0
rc101_21,COORDINATED_MPC_MCTS,0.5,30,72.37309679811057,191.11546216735985,15,3,C35;C37;C40,True,118.74236536924928
rc101_21,COORDINATED_MPC_MCTS,0.5,31,49.984093911064335,57.053564243133295,4,33,C1;C10;C15;C16;C17;C18;C21;C22;C25;C3;C38;C4;C46;C48;C49;C50;C51;C54;C56;C58;C61;C7;C74;C8;C83;C87;C88;C90;C94;C95;C97;C98;C99,True,7.06947033206896
rc101_21,COORDINATED_MPC_MCTS,0.5,31,99.06918543029754,191.11546216735985,10,5,C22;C51;C56;C83;C90,True,92.04627673706231
rc101_21,COORDINATED_MPC_MCTS,0.5,9,20.0,21.09095210699419,1,35,C10;C11;C13;C15;C16;C17;C19;C21;C22;C23;C29;C3;C31;C34;C35;C37;C40;C45;C46;C49;C50;C51;C54;C56;C58;C61;C63;C67;C78;C85;C87;C90;C93;C94;C98,True,1.090952106994191
rc101_21,COORDINATED_MPC_MCTS,0.5,9,41.82390669533905,46.016001286954236,4,35,C1;C10;C15;C16;C17;C18;C21;C22;C23;C25;C3;C35;C40;C46;C48;C49;C50;C51;C52;C54;C56;C58;C61;C67;C74;C75;C8;C83;C87;C89;C90;C94;C97;C98;C99,True,4.192094591615188
rc101_21,COORDINATED_MPC_MCTS,0.5,9,81.32623787288904,171.11546216735985,11,28,C1;C12;C16;C17;C21;C22;C25;C3;C35;C40;C46;C48;C5;C50;C51;C54;C56;C61;C67;C74;C8;C83;C86;C90;C94;C96;C97;C98,True,89.78922429447081
rc101_21,COORDINATED_MPC_MCTS,0.5,6,87.0,181.11546216735985,11,12,C1;C12;C16;C17;C3;C46;C5;C8;C83;C86;C90;C98,True,94.11546216735985
rc101_21,COORDINATED_MPC_MCTS,0.5,4,61.018512172212596,84.05597920886785,8,10,C18;C21;C22;C25;C48;C51;C56;C74;C76;C83,True,23.037467036655258
rc101_21,COORDINATED_MPC_MCTS,0.5,4,118.0,171.11546216735985,6,6,C20;C21;C48;C51;C74;C86,True,53.11546216735985
rc101_21,COORDINATED_MPC_MCTS,0.5,32,61.327060796358374,69.65596414292669,2,22,C10;C15;C16;C17;C18;C21;C22;C25;C46;C48;C51;C56;C58;C74;C75;C8;C83;C87;C88;C90;C97;C98,True,8.328903346568318
rc101_21,COORDINATED_MPC_MCTS,0.5,32,100.75098725265568,151.11546216735985,6,9,C21;C22;C25;C48;C74;C83;C86;C9;C97,True,50.364474914704175
rc101_21,COORDINATED_MPC_MCTS,0.5,33,167.0,197.0,3,5,C60;C61;C67;C94;C96,True,30.0
rc101_21,COORDINATED_MPC_MCTS,0.5,3,99.0,111.50487136291726,2,16,C16;C21;C22;C25;C48;C50;C51;C56;C74;C83;C86;C89;C9;C90;C97;C98,True,12.504871362917257
rc101_21,COORDINATED_MPC_MCTS,0.5,11,93.52918102246049,171.11546216735985,9,5,C16;C74;C83;C86;C97,True,77.58628114489936
rc101_21,COORDINATED_MPC_MCTS,0.5,10,26.364862980869063,27.68181217697229,1,40,C10;C11;C15;C16;C17;C18;C21;C22;C23;C25;C27;C29;C3;C30;C31;C33;C34;C35;C37;C40;C45;C46;C49;C50;C51;C54;C56;C58;C61;C63;C67;C75;C85;C87;C89;C90;C93;C94;C97;C98,True,1.3169491961032271
rc101_21,COORDINATED_MPC_MCTS,0.5,10,50.16451118474366,55.69069690051006,3,22,C1;C10;C15;C16;C17;C22;C3;C38;C4;C46;C54;C56;C61;C7;C74;C8;C83;C87;C88;C90;C98;C99,True,5.5261857157664025
rc101_21,COORDINATED_MPC_MCTS,0.5,10,112.0,191.11546216735985,8,5,C1;C3;C46;C5;C90,True,79.11546216735985
rc101_21,COORDINATED_MPC_MCTS,0.5,16,75.92494387057403,191.11546216735985,14,13,C21;C22;C29;C30;C33;C34;C48;C50;C51;C56;C83;C89;C90,True,115.19051829678583
rc101_21,COORDINATED_MPC_MCTS,0.5,34,174.34337029824405,193.5115931177604,2,0,,True,19.16822281951636
rc101_21,COORDINATED_MPC_MCTS,0.5,35,54.4469738656291,171.11546216735985,21,25,C1;C10;C15;C16;C17;C22;C3;C38;C4;C40;C46;C51;C54;C56;C61;C64;C7;C74;C8;C83;C88;C90;C94;C97;C98,True,116.66848830173075
rc101_21,COORDINATED_MPC_MCTS,0.5,36,78.18332023538561,181.11546216735985,13,9,C1;C12;C16;C17;C3;C46;C5;C8;C98,True,102.93214193197424
rc101_21,COORDINATED_MPC_MCTS,0.5,37,73.2974553651412,191.11546216735985,15,11,C1;C3;C35;C37;C40;C46;C5;C54;C61;C90;C96,True,117.81800680221865
rc101_21,COORDINATED_MPC_MCTS,0.5,13,30.0,43.24346897676404,5,24,C1;C10;C11;C15;C16;C17;C3;C35;C37;C40;C45;C46;C50;C51;C54;C56;C61;C8;C87;C90;C93;C94;C98;C99,True,13.243468976764042
rc101_21,COORDINATED_MPC_MCTS,0.5,13,83.84454421450232,191.11546216735985,13,6,C1;C3;C46;C5;C8;C98,True,107.27091795285753
rc101_21,COORDINATED_MPC_MCTS,0.5,38,79.99585657873732,191.11546216735985,13,12,C21;C22;C29;C30;C33;C34;C48;C50;C51;C56;C83;C89,True,111.11960558862253
rc101_21,COORDINATED_MPC_MCTS,0.5,39,51.735489926035115,181.11546216735985,23,41,C1;C10;C15;C16;C17;C18;C21;C22;C23;C25;C29;C3;C30;C31;C33;C34;C35;C38;C46;C48;C49;C50;C51;C54;C56;C58;C61;C67;C7;C74;C76;C8;C83;C87;C88;C89;C90;C94;C97;C98;C99,True,129.37997224132474
rc101_21,COORDINATED_MPC_MCTS,0.5,20,33.86841374922397,37.34719051291843,1,21,C10;C11;C15;C16;C17;C18;C21;C22;C23;C25;C48;C49;C51;C56;C58;C74;C87;C90;C97;C98;C99,True,3.478776763694462
rc101_21,COORDINATED_MPC_MCTS,0.5,20,96.0,171.11546216735985,8,11,C12;C16;C17;C73;C74;C83;C86;C9;C90;C97;C98,True,75.11546216735985
rc101_21,COORDINATED_MPC_MCTS,0.5,40,55.36081939192994,181.11546216735985,22,41,C1;C10;C15;C16;C17;C18;C21;C22;C25;C27;C29;C3;C30;C31;C33;C34;C35;C38;C40;C46;C48;C50;C51;C54;C56;C58;C61;C64;C67;C7;C74;C76;C8;C83;C87;C88;C89;C90;C94;C97;C98,True,125.75464277542991
rc101_21,COORDINATED_MPC_MCTS,0.5,5,36.0,44.95173053225057,4,32,C1;C10;C11;C15;C16;C17;C18;C22;C3;C35;C37;C40;C45;C46;C48;C49;C50;C51;C54;C56;C58;C61;C67;C74;C8;C87;C90;C93;C94;C97;C98;C99,True,8.951730532250572
rc101_21,COORDINATED_MPC_MCTS,0.5,5,104.0,181.11546216735985,8,23,C1;C12;C16;C17;C3;C35;C40;C46;C5;C50;C51;C54;C56;C61;C74;C83;C86;C9;C90;C94;C96;C97;C98,True,77.11546216735985
rc101_21,COORDINATED_MPC_MCTS,0.5,15,37.48597449978804,45.964189694708544,4,18,C1;C3;C35;C37;C40;C45;C46;C50;C54;C56;C61;C67;C8;C83;C90;C93;C94;C98,True,8.478215194920502
rc101_21,COORDINATED_MPC_MCTS,0.5,15,100.0,201.11546216735985,11,2,C35;C40,True,101.11546216735985
rc101_21,COORDINATED_MPC_MCTS,0.5,8,41.0,41.315878675808285,1,39,C1;C10;C15;C16;C17;C18;C21;C22;C23;C25;C29;C3;C30;C31;C33;C34;C35;C40;C46;C48;C49;C50;C51;C54;C56;C58;C61;C67;C74;C8;C83;C87;C89;C90;C93;C94;C97;C98;C99,True,0.31587867580828544
rc101_21,COORDINATED_MPC_MCTS,0.5,8,51.08568734615498,181.11546216735985,23,31,C1;C10;C15;C16;C17;C18;C21;C22;C23;C25;C3;C46;C48;C49;C50;C51;C54;C56;C58;C61;C7;C74;C8;C83;C87;C88;C90;C94;C97;C98;C99,True,130.02977482120488
rc101_21,COORDINATED_MPC_MCTS,0.5,19,128.40063693621516,151.11546216735985,3,3,C20;C21;C48,True,22.714825231144687
rc101_21,COORDINATED_MPC_MCTS,0.5,41,162.0,175.54949960937466,2,0,,True,13.549499609374664
rc101_21,COORDINATED_MPC_MCTS,0.5,42,99.32261723542987,131.11546216735985,4,9,C12;C16;C17;C73;C83;C86;C9;C90;C98,True,31.792844931929977
rc101_21,COORDINATED_MPC_MCTS,0.5,43,99.78808510691601,171.11546216735985,8,12,C21;C22;C25;C48;C50;C51;C56;C74;C83;C86;C89;C90,True,71.32737706044384
rc101_21,COORDINATED_MPC_MCTS,0.5,18,94.49282748326581,177.9524330852447,9,6,C27;C28;C29;C30;C34;C50,True,83.4596056019789
rc101_21,COORDINATED_MPC_MCTS,0.5,7,78.86606874731851,191.11546216735985,13,23,C1;C22;C27;C28;C29;C3;C30;C33;C34;C35;C40;C46;C50;C51;C54;C56;C61;C67;C83;C90;C94;C96;C98,True,112.24939342004134
rc101_21,COORDINATED_MPC_MCTS,0.5,44,115.64998323465056,178.32406466223188,7,6,C27;C28;C29;C30;C34;C50,True,62.674081427581314
rc101_21,COORDINATED_MPC_MCTS,0.5,45,102.05815691072297,181.11546216735985,8,20,C21;C27;C28;C29;C30;C34;C35;C48;C50;C51;C54;C56;C61;C67;C83;C89;C90;C94;C96;C98,True,79.05730525663688
rc101_21,COORDINATED_MPC_MCTS,0.5,46,168.0,172.7774629986711,1,0,,True,4.777462998671098
rc101_21,COORDINATED_MPC_MCTS,0.5,17,60.0,78.43404188370492,7,21,C27;C29;C30;C32;C33;C34;C35;C38;C40;C50;C51;C54;C56;C61;C67;C83;C88;C90;C94;C96;C98,True,18.43404188370492
rc101_21,COORDINATED_MPC_MCTS,0.5,17,116.0,181.11546216735985,7,8,C35;C40;C50;C54;C61;C90;C94;C96,True,65.11546216735985
rc101_21,COORDINATED_MPC_MCTS,0.5,47,106.11312382964311,181.11546216735985,8,18,C21;C27;C28;C29;C30;C34;C48;C50;C51;C54;C56;C61;C67;C83;C89;C90;C94;C96,True,75.00233833771674
rc101_21,COORDINATED_MPC_MCTS,0.5,48,105.4005827949911,171.11546216735985,7,13,C27;C28;C29;C30;C34;C50;C51;C56;C67;C83;C89;C90;C94,True,65.71487937236876
rc101_21,COORDINATED_MPC_MCTS,0.5,49,85.03974281209597,181.11546216735985,11,26,C1;C12;C16;C17;C21;C22;C25;C29;C34;C46;C48;C50;C51;C54;C56;C61;C67;C74;C83;C86;C89;C90;C94;C96;C97;C98,True,96.07571935526389
rc101_21,COORDINATED_MPC_MCTS,0.5,50,119.14908619675276,151.11546216735985,4,6,C12;C16;C17;C74;C86;C90,True,31.96637597060709
rc101_21,COORDINATED_MPC_MCTS,0.5,51,115.91083354261565,191.11546216735985,8,6,C1;C35;C40;C54;C61;C96,True,75.2046286247442
rc101_21,COORDINATED_MPC_MCTS,0.5,52,112.11355281373899,171.11546216735985,6,10,C12;C16;C17;C46;C74;C83;C86;C9;C90;C97,True,59.00190935362086
rc101_21,COORDINATED_MPC_MCTS,0.5,54,95.67255330125154,181.11546216735985,9,27,C1;C12;C16;C17;C21;C22;C25;C29;C34;C46;C48;C50;C51;C54;C56;C61;C67;C74;C83;C86;C89;C9;C90;C94;C96;C97;C98,True,85.44290886610831
rc101_21,COORDINATED_MPC_MCTS,0.5,2,86.0,191.11546216735985,12,33,C1;C12;C16;C17;C21;C22;C25;C27;C28;C29;C3;C30;C34;C35;C40;C46;C48;C5;C50;C51;C54;C56;C61;C67;C74;C83;C86;C89;C90;C94;C96;C97;C98,True,105.11546216735985
rc101_21,COORDINATED_MPC_MCTS,0.5,55,112.9719793591867,181.11546216735985,7,21,C1;C16;C17;C20;C21;C34;C48;C50;C51;C54;C56;C61;C67;C74;C83;C86;C9;C90;C94;C96;C97,True,68.14348280817315
rc101_21,COORDINATED_MPC_MCTS,0.5,12,94.0,181.11546216735985,10,14,C1;C12;C16;C17;C3;C40;C46;C5;C61;C73;C8;C83;C90;C98,True,87.11546216735985
rc101_21,COORDINATED_MPC_MCTS,0.5,56,115.2539333371879,181.11546216735985,7,20,C1;C16;C17;C20;C21;C34;C40;C48;C50;C51;C54;C56;C61;C67;C74;C86;C9;C90;C94;C96,True,65.86152883017195
rc101_21,COORDINATED_MPC_MCTS,0.5,60,165.8088339295935,195.8088339295935,3,4,C61;C67;C94;C96,True,30.0
rc101_21,COORDINATED_MPC_MCTS,0.5,14,120.0,191.11546216735985,8,9,C1;C40;C5;C50;C54;C61;C90;C94;C96,True,71.11546216735985
rc101_21,COORDINATED_MPC_MCTS,0.5,0,124.0,181.11546216735985,6,18,C1;C16;C17;C21;C40;C48;C5;C50;C51;C54;C56;C61;C67;C74;C86;C90;C94;C96,True,57.11546216735985
rc101_21,COORDINATED_MPC_MCTS,0.5,1,150.0,200.0,5,8,C50;C54;C60;C61;C67;C90;C94;C96,True,50.0
rc101_21,COORDINATED_MPC_MCTS,0.5,64,167.2426406871193,197.2426406871193,3,5,C60;C61;C67;C94;C96,True,30.0
rc201_21,COORDINATED_MPC_MCTS,0.5,14,36.33674616525123,61.773346903078476,5,35,C100;C12;C15;C16;C17;C20;C22;C23;C24;C28;C29;C3;C30;C31;C32;C36;C37;C38;C39;C40;C41;C44;C48;C49;C5;C50;C58;C6;C63;C81;C85;C88;C89;C92;C95,True,25.43660073782725
rc201_21,COORDINATED_MPC_MCTS,0.5,14,526.3851648071345,600.0662960188622,9,16,C15;C18;C27;C31;C36;C39;C4;C45;C5;C50;C55;C59;C68;C84;C89;C97,True,73.68113121172769
rc201_21,COORDINATED_MPC_MCTS,0.5,14,864.0818265752989,884.0818265752989,2,1,C84,True,20.0
rc201_21,COORDINATED_MPC_MCTS,0.5,15,61.018520882303385,71.25242720373528,2,33,C1;C100;C12;C15;C16;C17;C20;C22;C23;C28;C29;C30;C31;C32;C34;C36;C37;C38;C39;C40;C41;C44;C49;C5;C50;C58;C6;C63;C85;C88;C89;C92;C95,True,10.233906321431895
rc201_21,COORDINATED_MPC_MCTS,0.5,15,167.5658097118956,299.2808996035541,18,19,C1;C100;C27;C30;C31;C32;C36;C37;C39;C4;C40;C44;C5;C50;C52;C63;C68;C82;C92,True,131.71508989165847
rc201_21,COORDINATED_MPC_MCTS,0.5,15,522.0,867.9924596508938,37,10,C31;C36;C39;C4;C45;C5;C50;C55;C68;C84,True,345.9924596508938
rc201_21,COORDINATED_MPC_MCTS,0.5,16,24.84325842673401,53.01316490795858,4,38,C100;C12;C13;C15;C16;C17;C20;C22;C23;C24;C28;C29;C3;C30;C31;C32;C36;C37;C38;C39;C40;C41;C44;C48;C49;C5;C50;C58;C6;C63;C76;C79;C81;C85;C88;C89;C92;C95,True,28.169906481224572
rc201_21,COORDINATED_MPC_MCTS,0.5,16,232.2445119012758,253.83429484203884,4,24,C1;C100;C12;C15;C22;C27;C30;C31;C36;C37;C39;C4;C40;C44;C5;C50;C52;C59;C63;C68;C82;C89;C92;C97,True,21.58978294076303
rc201_21,COORDINATED_MPC_MCTS,0.5,16,273.7103197045292,383.8215439879198,14,24,C1;C11;C12;C15;C18;C22;C27;C30;C31;C36;C39;C4;C40;C44;C5;C50;C52;C59;C63;C68;C82;C84;C89;C97,True,110.11122428339064
rc201_21,COORDINATED_MPC_MCTS,0.5,16,519.0,887.9924596508938,39,16,C15;C18;C27;C31;C36;C39;C4;C45;C5;C50;C55;C59;C68;C84;C89;C97,True,368.9924596508938
rc201_21,COORDINATED_MPC_MCTS,0.5,17,567.0,877.9924596508938,34,16,C15;C18;C27;C31;C36;C39;C4;C45;C5;C50;C55;C59;C68;C84;C89;C97,True,310.9924596508938
rc201_21,COORDINATED_MPC_MCTS,0.5,18,408.0,867.9924596508938,52,19,C15;C18;C27;C30;C31;C36;C39;C4;C5;C50;C51;C55;C59;C68;C8;C84;C89;C9;C97,True,459.9924596508938
rc201_21,COORDINATED_MPC_MCTS,0.5,5,20.0,53.40484188206149,6,41,C10;C100;C12;C13;C15;C16;C17;C19;C20;C22;C23;C24;C25;C28;C29;C3;C30;C31;C32;C36;C37;C38;C39;C40;C41;C44;C48;C49;C5;C50;C58;C6;C63;C76;C79;C81;C85;C88;C89;C92;C95,True,33.40484188206149
rc201_21,COORDINATED_MPC_MCTS,0.5,5,208.0,335.61473821159944,19,27,C1;C100;C12;C15;C16;C22;C23;C27;C30;C31;C36;C37;C39;C4;C40;C44;C47;C5;C50;C52;C59;C63;C68;C82;C89;C92;C97,True,127.61473821159944
rc201_21,COORDINATED_MPC_MCTS,0.5,5,411.0,877.9924596508938,53,19,C15;C18;C27;C30;C31;C36;C39;C4;C5;C50;C51;C55;C59;C68;C8;C84;C89;C9;C97,True,466.9924596508938
rc201_21,COORDINATED_MPC_MCTS,0.5,19,416.0,867.9924596508938,51,19,C15;C18;C27;C30;C31;C36;C39;C4;C5;C50;C51;C55;C59;C68;C8;C84;C89;C9;C97,True,451.9924596508938
rc201_21,COORDINATED_MPC_MCTS,0.5,13,21.68997925310211,23.432285064683807,1,40,C100;C12;C13;C15;C16;C17;C19;C20;C22;C23;C24;C25;C28;C29;C3;C30;C31;C32;C36;C37;C38;C39;C40;C41;C44;C48;C49;C5;C50;C58;C6;C63;C76;C79;C81;C85;C88;C89;C92;C95,True,1.7423058115816978
rc201_21,COORDINATED_MPC_MCTS,0.5,13,90.0,887.9924596508938,102,29,C1;C100;C12;C15;C16;C22;C23;C28;C30;C31;C32;C36;C37;C39;C4;C40;C41;C44;C49;C5;C50;C63;C82;C87;C88;C89;C92;C95;C96,True,797.9924596508938
rc201_21,COORDINATED_MPC_MCTS,0.5,20,76.96690494378919,110.91680735676252,6,29,C1;C100;C12;C15;C16;C22;C23;C28;C30;C31;C32;C34;C36;C37;C39;C4;C40;C41;C43;C44;C49;C5;C50;C63;C87;C88;C89;C92;C95,True,33.94990241297333
rc201_21,COORDINATED_MPC_MCTS,0.5,20,126.19149296559375,215.29114654093365,15,30,C1;C100;C12;C15;C16;C22;C23;C28;C30;C31;C32;C36;C37;C39;C4;C40;C41;C44;C5;C50;C52;C63;C80;C82;C87;C88;C89;C92;C96;C97,True,89.0996535753399
rc201_21,COORDINATED_MPC_MCTS,0.5,20,563.0,877.9924596508938,34,14,C15;C18;C31;C39;C4;C45;C5;C50;C55;C59;C68;C84;C89;C97,True,314.9924596508938
rc201_21,COORDINATED_MPC_MCTS,0.5,9,21.77966941897879,23.432285064683807,1,39,C100;C12;C13;C15;C16;C17;C19;C20;C22;C23;C24;C28;C29;C3;C30;C31;C32;C36;C37;C38;C39;C40;C41;C44;C48;C49;C5;C50;C58;C6;C63;C76;C79;C81;C85;C88;C89;C92;C95,True,1.6526156457050156
rc201_21,COORDINATED_MPC_MCTS,0.5,9,64.81699471763423,104.93634132179791,8,31,C1;C100;C12;C15;C16;C17;C20;C22;C23;C28;C30;C31;C32;C34;C36;C37;C38;C39;C40;C41;C44;C49;C5;C50;C6;C63;C87;C88;C89;C92;C95,True,40.11934660416368
rc201_21,COORDINATED_MPC_MCTS,0.5,9,279.0,310.92864382069774,5,23,C1;C11;C15;C18;C22;C27;C30;C31;C36;C39;C4;C40;C44;C5;C50;C52;C59;C63;C68;C82;C84;C89;C97,True,31.928643820697744
rc201_21,COORDINATED_MPC_MCTS,0.5,9,631.0,887.9924596508938,27,13,C15;C18;C26;C27;C31;C4;C5;C50;C55;C59;C84;C89;C97,True,256.9924596508938
rc201_21,COORDINATED_MPC_MCTS,0.5,1,26.686715796440748,49.09424285256406,3,38,C100;C12;C13;C15;C16;C17;C20;C22;C23;C24;C28;C29;C3;C30;C31;C32;C36;C37;C38;C39;C40;C41;C44;C48;C49;C5;C50;C58;C6;C63;C76;C79;C81;C85;C88;C89;C92;C95,True,22.40752705612331
rc201_21,COORDINATED_MPC_MCTS,0.5,1,348.0,857.9924596508938,59,23,C1;C15;C18;C27;C30;C31;C36;C39;C4;C44;C5;C50;C55;C59;C63;C68;C78;C82;C84;C89;C9;C91;C97,True,509.9924596508938
rc201_21,COORDINATED_MPC_MCTS,0.5,12,63.10640542368656,126.56573329587646,12,31,C1;C100;C12;C15;C16;C17;C20;C22;C23;C28;C30;C31;C32;C34;C36;C37;C38;C39;C40;C41;C44;C49;C5;C50;C6;C63;C87;C88;C89;C92;C95,True,63.459327872189895
rc201_21,COORDINATED_MPC_MCTS,0.5,12,228.0,877.9924596508938,79,25,C1;C100;C12;C15;C16;C22;C27;C30;C31;C36;C37;C39;C4;C40;C44;C5;C50;C52;C59;C63;C68;C82;C89;C92;C97,True,649.9924596508938
rc201_21,COORDINATED_MPC_MCTS,0.5,21,48.466385215419535,61.773346903078476,4,34,C100;C12;C15;C16;C17;C20;C22;C23;C24;C28;C29;C3;C30;C31;C32;C36;C37;C38;C39;C40;C41;C44;C49;C5;C50;C58;C6;C63;C81;C85;C88;C89;C92;C95,True,13.30696168765894
rc201_21,COORDINATED_MPC_MCTS,0.5,21,453.0,499.12220883565385,7,18,C15;C18;C27;C30;C31;C36;C39;C4;C5;C50;C55;C59;C68;C8;C84;C89;C9;C97,True,46.12220883565385
rc201_21,COORDINATED_MPC_MCTS,0.5,21,664.0,877.9924596508938,22,13,C15;C18;C26;C27;C31;C4;C5;C50;C55;C59;C84;C89;C97,True,213.9924596508938
rc201_21,COORDINATED_MPC_MCTS,0.5,22,79.62853690360852,88.7856027828535,2,29,C1;C100;C12;C15;C16;C22;C23;C28;C30;C31;C32;C34;C36;C37;C39;C4;C40;C41;C43;C44;C49;C5;C50;C63;C87;C88;C89;C92;C95,True,9.157065879244982
rc201_21,COORDINATED_MPC_MCTS,0.5,22,132.75617828577955,468.37777814698495,45,29,C1;C100;C12;C15;C16;C22;C23;C27;C28;C30;C31;C32;C36;C37;C39;C4;C40;C44;C5;C50;C52;C59;C63;C68;C82;C89;C92;C96;C97,True,335.62159986120537
rc201_21,COORDINATED_MPC_MCTS,0.5,22,628.0,867.9924596508938,25,13,C15;C18;C26;C27;C31;C4;C5;C50;C55;C59;C84;C89;C97,True,239.9924596508938
rc201_21,COORDINATED_MPC_MCTS,0.5,23,75.15748391978343,90.73868737959353,4,29,C1;C100;C12;C15;C16;C22;C23;C28;C30;C31;C32;C34;C36;C37;C39;C4;C40;C41;C43;C44;C49;C5;C50;C63;C87;C88;C89;C92;C95,True,15.581203459810098
rc201_21,COORDINATED_MPC_MCTS,0.5,23,300.0,857.9924596508938,66,22,C1;C11;C15;C18;C22;C27;C30;C31;C36;C39;C4;C44;C5;C50;C55;C59;C63;C68;C82;C84;C89;C97,True,557.9924596508938
rc201_21,COORDINATED_MPC_MCTS,0.5,24,66.29280958207521,71.32515893106086,2,31,C1;C100;C12;C15;C16;C17;C20;C22;C23;C28;C30;C31;C32;C34;C36;C37;C38;C39;C40;C41;C44;C49;C5;C50;C6;C63;C87;C88;C89;C92;C95,True,5.0323493489856475
rc201_21,COORDINATED_MPC_MCTS,0.5,24,268.0,334.8770625014941,9,24,C1;C11;C12;C15;C18;C22;C27;C30;C31;C36;C39;C4;C40;C44;C5;C50;C52;C59;C63;C68;C82;C84;C89;C97,True,66.8770625014941
rc201_21,COORDINATED_MPC_MCTS,0.5,24,364.23444817485836,857.9924596508938,57,20,C15;C18;C27;C30;C31;C36;C39;C4;C44;C5;C50;C55;C59;C68;C82;C84;C89;C9;C91;C97,True,493.75801147603545
rc201_21,COORDINATED_MPC_MCTS,0.5,2,31.0,124.74655847960905,16,35,C100;C12;C15;C16;C17;C20;C22;C23;C24;C28;C29;C3;C30;C31;C32;C36;C37;C38;C39;C40;C41;C44;C48;C49;C5;C50;C58;C6;C63;C81;C85;C88;C89;C92;C95,True,93.74655847960905
rc201_21,COORDINATED_MPC_MCTS,0.5,2,176.23149550499213,517.8532780957714,45,27,C1;C100;C12;C15;C16;C22;C23;C27;C30;C31;C36;C37;C39;C4;C40;C44;C47;C5;C50;C52;C59;C63;C68;C82;C89;C92;C97,True,341.6217825907793
rc201_21,COORDINATED_MPC_MCTS,0.5,2,657.0,857.9924596508938,21,11,C15;C18;C26;C27;C31;C4;C5;C50;C55;C84;C89,True,200.9924596508938
rc201_21,COORDINATED_MPC_MCTS,0.5,25,91.38116868347205,98.37442927579335,1,29,C1;C100;C12;C15;C16;C22;C23;C28;C30;C31;C32;C36;C37;C39;C4;C40;C41;C44;C49;C5;C50;C63;C82;C87;C88;C89;C92;C95;C96,True,6.993260592321292
rc201_21,COORDINATED_MPC_MCTS,0.5,25,539.0,887.9924596508938,37,16,C15;C18;C27;C31;C36;C39;C4;C45;C5;C50;C55;C59;C68;C84;C89;C97,True,348.9924596508938
rc201_21,COORDINATED_MPC_MCTS,0.5,26,58.11641558423002,131.07106338532284,15,33,C1;C100;C12;C15;C16;C17;C20;C22;C23;C28;C29;C30;C31;C32;C34;C36;C37;C38;C39;C40;C41;C44;C49;C5;C50;C58;C6;C63;C85;C88;C89;C92;C95,True,72.95464780109282
rc201_21,COORDINATED_MPC_MCTS,0.5,26,194.0,687.9924596508938,64,27,C1;C100;C12;C15;C16;C22;C23;C27;C30;C31;C36;C37;C39;C4;C40;C44;C47;C5;C50;C52;C59;C63;C68;C82;C89;C92;C97,True,493.9924596508938
rc201_21,COORDINATED_MPC_MCTS,0.5,26,746.0,886.0,14,9,C15;C18;C26;C27;C31;C74;C84;C89;C97,True,140.0
rc201_21,COORDINATED_MPC_MCTS,0.5,7,38.0,132.74208845131346,21,34,C100;C12;C15;C16;C17;C20;C22;C23;C24;C28;C29;C3;C30;C31;C32;C36;C37;C38;C39;C40;C41;C44;C49;C5;C50;C58;C6;C63;C81;C85;C88;C89;C92;C95,True,94.74208845131346
rc201_21,COORDINATED_MPC_MCTS,0.5,7,391.0,877.9924596508938,55,20,C15;C18;C27;C30;C31;C36;C39;C4;C5;C50;C51;C55;C59;C68;C8;C84;C89;C9;C91;C97,True,486.9924596508938
rc201_21,COORDINATED_MPC_MCTS,0.5,27,186.0,205.29114654093365,2,27,C1;C100;C12;C15;C16;C22;C23;C27;C30;C31;C36;C37;C39;C4;C40;C44;C47;C5;C50;C52;C59;C63;C68;C82;C89;C92;C97,True,19.291146540933653
rc201_21,COORDINATED_MPC_MCTS,0.5,27,251.34665929557355,489.12220883565385,34,24,C1;C100;C12;C15;C16;C18;C22;C27;C30;C31;C36;C39;C4;C40;C44;C5;C50;C52;C59;C63;C68;C82;C89;C97,True,237.7755495400803
rc201_21,COORDINATED_MPC_MCTS,0.5,27,532.0,887.9924596508938,38,16,C15;C18;C27;C31;C36;C39;C4;C45;C5;C50;C55;C59;C68;C84;C89;C97,True,355.9924596508938
rc201_21,COORDINATED_MPC_MCTS,0.5,28,794.0,884.0,9,7,C15;C18;C26;C31;C84;C89;C97,True,90.0
rc201_21,COORDINATED_MPC_MCTS,0.5,29,108.0,129.09398703818434,5,29,C1;C100;C12;C15;C16;C22;C23;C28;C30;C31;C32;C36;C37;C39;C4;C40;C41;C44;C5;C50;C63;C80;C82;C87;C88;C89;C92;C96;C97,True,21.093987038184338
rc201_21,COORDINATED_MPC_MCTS,0.5,29,359.0,887.9924596508938,61,21,C15;C18;C27;C30;C31;C36;C39;C4;C44;C5;C50;C55;C59;C63;C68;C82;C84;C89;C9;C91;C97,True,528.9924596508938
rc201_21,COORDINATED_MPC_MCTS,0.5,30,86.59666413661303,132.35256234474298,12,29,C1;C100;C12;C15;C16;C22;C23;C28;C30;C31;C32;C34;C36;C37;C39;C4;C40;C41;C43;C44;C49;C5;C50;C63;C87;C88;C89;C92;C95,True,45.75589820812995
rc201_21,COORDINATED_MPC_MCTS,0.5,30,571.0,867.9924596508938,32,15,C15;C18;C27;C31;C39;C4;C45;C5;C50;C55;C59;C68;C84;C89;C97,True,296.9924596508938
rc201_21,COORDINATED_MPC_MCTS,0.5,10,73.0,86.85532142843786,2,31,C1;C100;C12;C15;C16;C17;C20;C22;C23;C28;C30;C31;C32;C34;C36;C37;C39;C4;C40;C41;C43;C44;C49;C5;C50;C63;C87;C88;C89;C92;C95,True,13.855321428437861
rc201_21,COORDINATED_MPC_MCTS,0.5,10,131.3372007275712,265.5708737916494,19,29,C1;C100;C12;C15;C16;C22;C23;C28;C30;C31;C32;C36;C37;C39;C4;C40;C44;C5;C50;C52;C63;C68;C82;C87;C88;C89;C92;C96;C97,True,134.23367306407818
rc201_21,COORDINATED_MPC_MCTS,0.5,10,530.0,867.9924596508938,36,16,C15;C18;C27;C31;C36;C39;C4;C45;C5;C50;C55;C59;C68;C84;C89;C97,True,337.9924596508938
rc201_21,COORDINATED_MPC_MCTS,0.5,31,218.0,308.1327827518295,13,26,C1;C100;C12;C15;C16;C22;C23;C27;C30;C31;C36;C37;C39;C4;C40;C44;C5;C50;C52;C59;C63;C68;C82;C89;C92;C97,True,90.1327827518295
rc201_21,COORDINATED_MPC_MCTS,0.5,31,372.3637702036545,394.0567071097331,4,21,C15;C18;C27;C30;C31;C36;C39;C4;C44;C5;C50;C55;C59;C63;C68;C82;C84;C89;C9;C91;C97,True,21.692936906078614
rc201_21,COORDINATED_MPC_MCTS,0.5,31,492.0,646.1832746720063,18,15,C15;C18;C27;C30;C31;C36;C39;C50;C55;C59;C68;C84;C89;C9;C97,True,154.1832746720063
rc201_21,COORDINATED_MPC_MCTS,0.5,31,800.142135623731,880.142135623731,8,2,C26;C31,True,80.0
rc201_21,COORDINATED_MPC_MCTS,0.5,32,171.02493558601694,248.7811894437123,10,26,C1;C100;C12;C15;C16;C22;C23;C27;C30;C31;C36;C37;C39;C4;C40;C44;C5;C50;C52;C59;C63;C68;C82;C89;C92;C97,True,77.75625385769536
rc201_21,COORDINATED_MPC_MCTS,0.5,32,327.0,877.9924596508938,64,22,C1;C11;C15;C18;C27;C30;C31;C36;C39;C4;C44;C5;C50;C55;C59;C63;C68;C82;C84;C89;C9;C97,True,550.9924596508938
rc201_21,COORDINATED_MPC_MCTS,0.5,33,267.0,867.9924596508938,72,24,C1;C100;C12;C15;C18;C22;C27;C30;C31;C36;C39;C4;C40;C44;C5;C50;C52;C59;C63;C68;C82;C84;C89;C97,True,600.9924596508938
rc201_21,COORDINATED_MPC_MCTS,0.5,34,287.0,877.9924596508938,70,22,C1;C11;C15;C18;C22;C27;C30;C31;C36;C39;C4;C40;C44;C5;C50;C59;C63;C68;C82;C84;C89;C97,True,590.9924596508938
rc201_21,COORDINATED_MPC_MCTS,0.5,11,148.0,887.9924596508938,89,27,C1;C100;C12;C15;C16;C22;C23;C27;C30;C31;C32;C36;C37;C39;C4;C40;C44;C5;C50;C52;C59;C63;C68;C82;C89;C92;C97,True,739.9924596508938
rc201_21,COORDINATED_MPC_MCTS,0.5,35,208.21273550073278,267.41280994707154,9,27,C1;C100;C12;C15;C16;C22;C23;C27;C30;C31;C36;C37;C39;C4;C40;C44;C47;C5;C50;C52;C59;C63;C68;C82;C89;C92;C97,True,59.20007444633876
rc201_21,COORDINATED_MPC_MCTS,0.5,35,478.0,588.255314127787,13,17,C15;C18;C27;C31;C36;C39;C4;C45;C5;C50;C55;C59;C68;C84;C89;C9;C97,True,110.25531412778696
rc201_21,COORDINATED_MPC_MCTS,0.5,36,282.8523929097697,384.0567071097331,14,22,C1;C11;C15;C18;C22;C27;C30;C31;C36;C39;C4;C40;C44;C5;C50;C59;C63;C68;C82;C84;C89;C97,True,101.20431419996339
rc201_21,COORDINATED_MPC_MCTS,0.5,36,460.0,867.9924596508938,45,18,C15;C18;C27;C30;C31;C36;C39;C4;C45;C5;C50;C55;C59;C68;C84;C89;C9;C97,True,407.9924596508938
rc201_21,COORDINATED_MPC_MCTS,0.5,37,705.0,885.0,18,11,C15;C18;C26;C27;C31;C55;C59;C74;C84;C89;C97,True,180.0
rc201_21,COORDINATED_MPC_MCTS,0.5,38,807.0,877.0,7,4,C18;C84;C89;C97,True,70.0
rc201_21,COORDINATED_MPC_MCTS,0.5,3,309.3606797749979,326.5726721094675,3,22,C1;C11;C15;C18;C22;C27;C30;C31;C36;C39;C4;C44;C5;C50;C55;C59;C63;C68;C82;C84;C89;C97,True,17.211992334469585
rc201_21,COORDINATED_MPC_MCTS,0.5,3,394.0,415.05214667128655,3,20,C15;C18;C27;C30;C31;C36;C39;C4;C5;C50;C51;C55;C59;C68;C8;C84;C89;C9;C91;C97,True,21.05214667128655
rc201_21,COORDINATED_MPC_MCTS,0.5,3,594.0,887.9924596508938,31,15,C15;C18;C27;C31;C39;C4;C45;C5;C50;C55;C59;C71;C84;C89;C97,True,293.9924596508938
rc201_21,COORDINATED_MPC_MCTS,0.5,39,391.40692455992325,867.9924596508938,54,20,C15;C18;C27;C30;C31;C36;C39;C4;C5;C50;C51;C55;C59;C68;C8;C84;C89;C9;C91;C97,True,476.58553509097055
rc201_21,COORDINATED_MPC_MCTS,0.5,8,437.18144406874904,457.95542555720607,3,19,C15;C18;C27;C30;C31;C36;C39;C4;C5;C50;C51;C55;C59;C68;C8;C84;C89;C9;C97,True,20.773981488457025
rc201_21,COORDINATED_MPC_MCTS,0.5,8,546.0579223162727,857.9924596508938,34,8,C15;C36;C39;C4;C45;C5;C55;C68,True,311.93453733462115
rc201_21,COORDINATED_MPC_MCTS,0.5,4,443.0,877.9924596508938,49,19,C15;C18;C27;C30;C31;C36;C39;C4;C5;C50;C51;C55;C59;C68;C8;C84;C89;C9;C97,True,434.9924596508938
rc201_21,COORDINATED_MPC_MCTS,0.5,40,754.360679774998,884.360679774998,13,7,C15;C18;C26;C31;C84;C89;C97,True,130.0
rc201_21,COORDINATED_MPC_MCTS,0.5,41,761.0,871.0,11,7,C15;C18;C26;C31;C84;C89;C97,True,110.0
rc201_21,COORDINATED_MPC_MCTS,0.5,6,638.0,887.9924596508938,26,13,C15;C18;C26;C27;C31;C4;C5;C50;C55;C59;C84;C89;C97,True,249.9924596508938
rc201_21,COORDINATED_MPC_MCTS,0.5,42,799.0,859.0,6,6,C15;C18;C31;C84;C89;C97,True,60.0
rc201_21,COORDINATED_MPC_MCTS,0.5,44,757.4264068711929,877.4264068711929,12,7,C15;C18;C26;C31;C84;C89;C97,True,120.0
rc201_21,COORDINATED_MPC_MCTS,0.5,0,729.0,889.0,16,9,C15;C18;C26;C27;C31;C74;C84;C89;C97,True,160.0
c101_21,COORDINATED_MPC_MCTS,0.0,34,20.744231352326683,1080.7442313523266,106,61,C1;C10;C11;C12;C17;C24;C26;C28;C3;C31;C32;C33;C35;C36;C38;C39;C4;C40;C41;C43;C44;C45;C46;C47;C48;C49;C51;C52;C53;C54;C55;C56;C57;C58;C59;C6;C60;C61;C62;C64;C68;C74;C76;C78;C79;C8;C81;C82;C83;C84;C85;C86;C87;C88;C89;C9;C90;C91;C96;C98;C99,True,1059.9999999999998
c101_21,COORDINATED_MPC_MCTS,0.0,39,20.84618455719983,1080.8461845571999,106,62,C1;C10;C11;C12;C17;C24;C26;C28;C3;C31;C32;C33;C35;C36;C38;C39;C4;C40;C41;C43;C44;C45;C46;C47;C48;C49;C51;C52;C53;C54;C55;C56;C57;C58;C59;C6;C60;C61;C62;C64;C68;C74;C76;C78;C79;C8;C81;C82;C83;C84;C85;C86;C87;C88;C89;C9;C90;C91;C95;C96;C98;C99,True,1060.0
c101_21,COORDINATED_MPC_MCTS,0.0,19,24.173947782745863,1074.173947782746,105,61,C1;C10;C100;C11;C12;C13;C14;C16;C17;C19;C24;C26;C28;C3;C31;C32;C33;C35;C36;C38;C39;C4;C40;C41;C43;C44;C45;C46;C47;C48;C49;C51;C52;C53;C54;C55;C56;C57;C58;C59;C6;C60;C61;C62;C64;C68;C74;C8;C82;C83;C84;C85;C86;C87;C88;C89;C9;C90;C96;C98;C99,True,1050.0
c101_21,COORDINATED_MPC_MCTS,0.0,26,270.06795725993686,1080.067957259937,81,33,C11;C26;C3;C31;C32;C33;C35;C36;C38;C39;C44;C46;C47;C48;C49;C51;C52;C53;C54;C55;C56;C57;C6;C61;C68;C82;C83;C84;C85;C88;C89;C9;C99,True,810.0000000000001
c101_21,COORDINATED_MPC_MCTS,0.0,42,869.0,1049.0,18,10,C11;C13;C49;C52;C55;C61;C8;C89;C9;C91,True,180.0
c101_21,COORDINATED_MPC_MCTS,0.0,43,134.78947591083417,1074.7894759108342,94,47,C100;C11;C14;C16;C17;C26;C3;C31;C40;C43;C44;C45;C46;C47;C48;C49;C51;C52;C54;C55;C6;C61;C64;C68;C71;C73;C76;C77;C78;C79;C8;C81;C82;C83;C84;C85;C86;C88;C89;C9;C91;C92;C93;C94;C96;C97;C99,True,940.0
c101_21,COORDINATED_MPC_MCTS,0.0,32,24.642879936891063,1074.642879936891,105,62,C1;C100;C11;C12;C14;C17;C24;C26;C28;C3;C31;C32;C33;C35;C36;C38;C39;C4;C40;C41;C43;C44;C45;C46;C47;C48;C49;C51;C52;C53;C54;C55;C56;C57;C58;C59;C6;C60;C61;C62;C64;C68;C74;C76;C78;C79;C8;C81;C82;C83;C84;C85;C86;C87;C88;C89;C9;C91;C95;C96;C98;C99,True,1050.0
c101_21,COORDINATED_MPC_MCTS,0.0,44,549.0,1049.0,50,17,C11;C17;C26;C3;C49;C78;C8;C81;C83;C84;C85;C88;C89;C9;C91;C97;C99,True,500.0
c101_21,COORDINATED_MPC_MCTS,0.0,45,68.80178338618155,1078.8017833861816,101,46,C1;C100;C11;C12;C13;C14;C16;C17;C19;C26;C3;C31;C32;C33;C35;C36;C38;C39;C40;C41;C43;C44;C45;C46;C47;C48;C49;C51;C52;C55;C59;C6;C61;C64;C68;C74;C8;C83;C86;C87;C89;C9;C95;C96;C98;C99,True,1010.0
c101_21,COORDINATED_MPC_MCTS,0.0,46,528.0,1078.0,55,24,C11;C13;C17;C26;C3;C35;C47;C49;C51;C52;C54;C55;C57;C61;C8;C83;C84;C85;C88;C89;C9;C91;C97;C99,True,550.0
c101_21,COORDINATED_MPC_MCTS,0.0,47,128.16832635892465,1078.1683263589248,95,60,C100;C11;C13;C14;C16;C17;C19;C26;C3;C31;C32;C33;C35;C36;C38;C39;C40;C43;C44;C45;C46;C47;C48;C49;C51;C52;C53;C54;C55;C56;C57;C58;C6;C60;C61;C64;C68;C71;C73;C76;C77;C78;C79;C8;C81;C82;C83;C84;C85;C86;C88;C89;C9;C91;C92;C93;C94;C96;C97;C99,True,950.0000000000001
c101_21,COORDINATED_MPC_MCTS,0.0,48,303.9604517271738,1073.9604517271737,77,36,C11;C17;C26;C3;C31;C33;C35;C38;C39;C44;C46;C47;C48;C49;C51;C52;C53;C54;C55;C56;C57;C6;C61;C68;C78;C8;C81;C82;C83;C84;C85;C88;C89;C9;C91;C99,True,769.9999999999999
c101_21,COORDINATED_MPC_MCTS,0.0,49,953.0,1053.0,10,7,C13;C49;C61;C8;C89;C9;C91,True,100.0
c101_21,COORDINATED_MPC_MCTS,0.0,38,50.66782184846183,70.66782184846183,2,31,C1;C100;C11;C12;C14;C16;C17;C19;C24;C26;C3;C6;C8;C82;C83;C84;C85;C86;C87;C88;C89;C9;C91;C92;C93;C94;C95;C96;C97;C98;C99,True,20.0
c101_21,COORDINATED_MPC_MCTS,0.0,29,53.64258492003577,1073.642584920036,102,69,C1;C100;C11;C12;C13;C14;C16;C17;C19;C24;C26;C3;C31;C32;C33;C35;C36;C38;C39;C40;C41;C43;C44;C45;C46;C47;C48;C49;C51;C52;C53;C54;C55;C56;C57;C58;C59;C6;C60;C61;C64;C68;C71;C73;C74;C76;C77;C78;C79;C8;C81;C82;C83;C84;C85;C86;C87;C88;C89;C9;C91;C92;C93;C94;C95;C96;C97;C98;C99,True,1020.0000000000001
c101_21,COORDINATED_MPC_MCTS,0.0,2,54.51389657486254,1074.5138965748624,102,28,C1;C100;C11;C12;C13;C14;C16;C17;C19;C24;C26;C3;C36;C39;C47;C49;C52;C6;C8;C9;C92;C93;C94;C95;C96;C97;C98;C99,True,1019.9999999999999
c101_21,COORDINATED_MPC_MCTS,0.0,10,68.06065821500621,1078.0606582150062,101,34,C1;C100;C11;C12;C13;C14;C16;C17;C19;C24;C26;C3;C31;C32;C33;C36;C38;C39;C43;C46;C47;C49;C52;C6;C8;C9;C92;C93;C94;C95;C96;C97;C98;C99,True,1010.0
c101_21,COORDINATED_MPC_MCTS,0.0,50,173.0606582150062,1073.0606582150062,90,51,C100;C11;C13;C14;C16;C17;C19;C26;C3;C31;C32;C33;C35;C36;C38;C39;C40;C43;C44;C45;C46;C47;C48;C49;C51;C52;C53;C54;C55;C56;C57;C58;C6;C61;C64;C68;C8;C82;C83;C84;C85;C86;C88;C89;C9;C91;C92;C93;C94;C97;C99,True,900.0
c101_21,COORDINATED_MPC_MCTS,0.0,41,364.0,1054.0,69,16,C11;C17;C26;C3;C8;C82;C83;C84;C85;C88;C89;C9;C91;C93;C97;C99,True,690.0
c101_21,COORDINATED_MPC_MCTS,0.0,6,266.0,1076.0,81,3,C16;C17;C19,True,810.0
c101_21,COORDINATED_MPC_MCTS,0.0,51,164.37163097923343,1074.3716309792335,91,58,C100;C11;C13;C14;C16;C17;C19;C26;C3;C31;C32;C33;C35;C36;C38;C39;C40;C43;C44;C45;C46;C47;C48;C49;C51;C52;C53;C54;C55;C56;C57;C58;C6;C61;C64;C68;C71;C73;C76;C77;C78;C79;C8;C81;C82;C83;C84;C85;C86;C88;C89;C9;C91;C92;C93;C94;C97;C99,True,910.0
c101_21,COORDINATED_MPC_MCTS,0.0,31,83.52544642203358,1073.5254464220336,99,66,C1;C100;C11;C12;C13;C14;C16;C17;C19;C26;C3;C31;C32;C33;C35;C36;C38;C39;C40;C41;C43;C44;C45;C46;C47;C48;C49;C51;C52;C53;C54;C55;C56;C57;C58;C59;C6;C60;C61;C64;C68;C71;C73;C74;C76;C77;C78;C79;C8;C81;C82;C83;C84;C85;C86;C87;C88;C89;C9;C91;C92;C93;C94;C96;C97;C99,True,990.0
c101_21,COORDINATED_MPC_MCTS,0.0,40,189.55666596391498,1079.5566659639148,89,34,C26;C31;C32;C33;C35;C36;C38;C39;C43;C44;C45;C46;C47;C48;C49;C51;C52;C53;C54;C55;C56;C57;C58;C61;C64;C68;C78;C81;C82;C83;C84;C85;C86;C89,True,889.9999999999999
c101_21,COORDINATED_MPC_MCTS,0.0,5,83.83817512319533,1073.8381751231955,99,44,C1;C100;C11;C12;C13;C14;C16;C17;C19;C26;C3;C31;C32;C33;C35;C36;C38;C39;C40;C43;C44;C45;C46;C47;C48;C49;C51;C52;C6;C8;C83;C84;C85;C86;C87;C88;C89;C9;C92;C93;C94;C96;C97;C99,True,990.0000000000001
c101_21,COORDINATED_MPC_MCTS,0.0,14,83.8708322362429,1073.870832236243,99,64,C1;C100;C11;C12;C13;C14;C16;C17;C19;C26;C3;C31;C32;C33;C35;C36;C38;C39;C40;C41;C43;C44;C45;C46;C47;C48;C49;C51;C52;C53;C54;C55;C56;C57;C58;C6;C60;C61;C64;C68;C71;C74;C76;C77;C78;C79;C8;C81;C82;C83;C84;C85;C86;C87;C88;C89;C9;C91;C92;C93;C94;C96;C97;C99,True,990.0
c101_21,COORDINATED_MPC_MCTS,0.0,52,199.43994920228312,299.4399492022831,10,36,C100;C11;C26;C3;C44;C45;C46;C47;C48;C49;C52;C55;C6;C61;C64;C68;C71;C73;C76;C77;C78;C79;C8;C81;C82;C83;C84;C85;C88;C89;C9;C91;C93;C94;C97;C99,True,100.0
c101_21,COORDINATED_MPC_MCTS,0.0,52,536.0,1066.0,53,3,C77;C78;C81,True,530.0
c101_21,COORDINATED_MPC_MCTS,0.0,13,100.0,180.0,8,58,C1;C100;C11;C12;C13;C14;C16;C17;C19;C26;C3;C31;C32;C33;C35;C36;C38;C39;C40;C43;C44;C45;C46;C47;C48;C49;C51;C52;C53;C54;C55;C56;C57;C58;C6;C60;C61;C64;C68;C74;C78;C8;C81;C82;C83;C84;C85;C86;C88;C89;C9;C91;C92;C93;C94;C96;C97;C99,True,80.0
c101_21,COORDINATED_MPC_MCTS,0.0,13,379.8892761294483,1079.8892761294483,70,25,C11;C13;C17;C19;C26;C3;C31;C33;C35;C38;C39;C46;C47;C48;C49;C51;C52;C53;C54;C55;C57;C61;C8;C9;C99,True,700.0
c101_21,COORDINATED_MPC_MCTS,0.0,15,101.0,1081.0,98,57,C1;C100;C11;C12;C13;C14;C16;C17;C19;C26;C3;C31;C32;C33;C35;C36;C38;C39;C40;C43;C44;C45;C46;C47;C48;C49;C51;C52;C53;C54;C55;C56;C57;C58;C6;C60;C61;C64;C68;C74;C8;C81;C82;C83;C84;C85;C86;C88;C89;C9;C91;C92;C93;C94;C96;C97;C99,True,980.0
c101_21,COORDINATED_MPC_MCTS,0.0,53,210.8494332412792,1080.8494332412793,87,47,C100;C11;C26;C3;C31;C32;C33;C35;C38;C44;C45;C46;C47;C48;C49;C51;C52;C53;C54;C55;C56;C57;C58;C6;C61;C64;C68;C71;C73;C76;C77;C78;C79;C8;C81;C82;C83;C84;C85;C88;C89;C9;C91;C93;C94;C97;C99,True,870.0
c101_21,COORDINATED_MPC_MCTS,0.0,12,103.0,163.0,6,62,C1;C100;C11;C12;C13;C14;C16;C17;C19;C26;C3;C31;C32;C33;C35;C36;C38;C39;C40;C43;C44;C45;C46;C47;C48;C49;C51;C52;C53;C54;C55;C56;C57;C58;C6;C60;C61;C64;C68;C71;C73;C76;C77;C78;C79;C8;C81;C82;C83;C84;C85;C86;C88;C89;C9;C91;C92;C93;C94;C96;C97;C99,True,60.0
c101_21,COORDINATED_MPC_MCTS,0.0,12,735.0,1075.0,34,1,C99,True,340.0
c101_21,COORDINATED_MPC_MCTS,0.0,16,244.88817546719469,1074.8881754671947,83,27,C11;C17;C26;C31;C32;C33;C35;C36;C38;C39;C44;C45;C46;C47;C48;C49;C51;C52;C53;C54;C55;C56;C57;C6;C61;C68;C9,True,830.0
c101_21,COORDINATED_MPC_MCTS,0.0,22,105.0,1055.0,95,62,C1;C100;C11;C12;C13;C14;C16;C17;C19;C26;C3;C31;C32;C33;C35;C36;C38;C39;C40;C43;C44;C45;C46;C47;C48;C49;C51;C52;C53;C54;C55;C56;C57;C58;C6;C60;C61;C64;C68;C71;C73;C76;C77;C78;C79;C8;C81;C82;C83;C84;C85;C86;C88;C89;C9;C91;C92;C93;C94;C96;C97;C99,True,950.0
c101_21,COORDINATED_MPC_MCTS,0.0,33,179.20234326906976,1079.2023432690698,90,40,C100;C11;C13;C14;C16;C17;C19;C26;C3;C31;C32;C33;C36;C38;C39;C43;C44;C45;C46;C47;C48;C49;C51;C52;C6;C68;C8;C82;C83;C84;C85;C86;C88;C89;C9;C91;C93;C94;C97;C99,True,900.0000000000001
c101_21,COORDINATED_MPC_MCTS,0.0,54,214.6815416922694,1074.6815416922695,86,42,C100;C11;C13;C14;C16;C17;C19;C26;C3;C31;C32;C33;C35;C36;C38;C39;C44;C45;C46;C47;C48;C49;C51;C52;C55;C6;C61;C64;C68;C8;C82;C83;C84;C85;C88;C89;C9;C91;C93;C94;C97;C99,True,860.0000000000001
c101_21,COORDINATED_MPC_MCTS,0.0,55,195.42618758730646,1075.4261875873065,88,31,C100;C11;C13;C14;C16;C17;C19;C26;C3;C43;C46;C47;C49;C52;C6;C64;C68;C8;C82;C83;C84;C85;C86;C88;C89;C9;C91;C93;C94;C97;C99,True,880.0
c101_21,COORDINATED_MPC_MCTS,0.0,4,151.37545012319532,1081.3754501231954,93,47,C100;C11;C13;C14;C16;C17;C19;C26;C3;C31;C32;C33;C35;C36;C38;C39;C43;C44;C45;C46;C47;C48;C49;C51;C52;C54;C55;C6;C61;C64;C68;C8;C82;C83;C84;C85;C86;C88;C89;C9;C91;C92;C93;C94;C96;C97;C99,True,930.0
c101_21,COORDINATED_MPC_MCTS,0.0,11,157.0,1057.0,90,60,C100;C11;C13;C14;C16;C17;C19;C26;C3;C31;C32;C33;C35;C36;C38;C39;C40;C43;C44;C45;C46;C47;C48;C49;C51;C52;C53;C54;C55;C56;C57;C58;C6;C60;C61;C64;C68;C71;C73;C76;C77;C78;C79;C8;C81;C82;C83;C84;C85;C86;C88;C89;C9;C91;C92;C93;C94;C96;C97;C99,True,900.0
c101_21,COORDINATED_MPC_MCTS,0.0,56,294.0787090768687,1064.0787090768686,77,12,C44;C46;C48;C49;C51;C52;C53;C54;C55;C56;C57;C68,True,769.9999999999999
c101_21,COORDINATED_MPC_MCTS,0.0,57,242.67261562242447,1072.6726156224245,83,52,C100;C11;C13;C14;C16;C17;C19;C26;C3;C31;C32;C33;C35;C36;C38;C39;C44;C45;C46;C47;C48;C49;C51;C52;C53;C54;C55;C56;C57;C58;C6;C61;C68;C71;C76;C77;C78;C79;C8;C81;C82;C83;C84;C85;C88;C89;C9;C91;C93;C94;C97;C99,True,830.0
c101_21,COORDINATED_MPC_MCTS,0.0,30,163.0,1073.0,91,52,C100;C11;C13;C14;C16;C17;C19;C26;C3;C31;C32;C33;C35;C36;C38;C39;C40;C43;C44;C45;C46;C47;C48;C49;C51;C52;C53;C54;C55;C56;C57;C58;C6;C61;C64;C68;C8;C82;C83;C84;C85;C86;C88;C89;C9;C91;C92;C93;C94;C96;C97;C99,True,910.0
c101_21,COORDINATED_MPC_MCTS,0.0,58,256.52544642203355,1076.5254464220336,82,50,C100;C11;C13;C16;C17;C19;C26;C3;C31;C32;C33;C35;C36;C38;C39;C44;C46;C47;C48;C49;C51;C52;C53;C54;C55;C56;C57;C6;C61;C68;C71;C73;C76;C77;C78;C79;C8;C81;C82;C83;C84;C85;C88;C89;C9;C91;C93;C94;C97;C99,True,820.0
c101_21,COORDINATED_MPC_MCTS,0.0,59,353.0,1013.0,66,35,C11;C26;C3;C31;C33;C35;C38;C44;C46;C47;C48;C49;C51;C52;C53;C54;C55;C56;C57;C6;C61;C68;C76;C77;C78;C81;C82;C83;C84;C85;C88;C89;C9;C91;C99,True,660.0
c101_21,COORDINATED_MPC_MCTS,0.0,60,879.0,1079.0,20,11,C11;C13;C49;C52;C55;C57;C61;C8;C89;C9;C91,True,200.0
c101_21,COORDINATED_MPC_MCTS,0.0,61,929.0,1079.0,15,0,,True,150.0
c101_21,COORDINATED_MPC_MCTS,0.0,62,298.95163400934,1078.95163400934,78,47,C100;C11;C13;C16;C17;C19;C26;C3;C31;C33;C35;C38;C39;C44;C46;C47;C48;C49;C51;C52;C53;C54;C55;C56;C57;C6;C61;C68;C71;C73;C76;C77;C78;C79;C8;C81;C82;C83;C84;C85;C88;C89;C9;C91;C93;C97;C99,True,780.0
c101_21,COORDINATED_MPC_MCTS,0.0,63,377.7170381406453,1067.7170381406454,69,8,C46;C48;C49;C53;C54;C55;C57;C68,True,690.0000000000001
c101_21,COORDINATED_MPC_MCTS,0.0,64,788.0,1078.0,29,7,C11;C49;C52;C55;C57;C61;C9,True,290.0
c101_21,COORDINATED_MPC_MCTS,0.0,23,371.1360830515618,1081.1360830515619,71,3,C13;C17;C19,True,710.0
c101_21,COORDINATED_MPC_MCTS,0.0,65,723.0,1073.0,35,0,,True,350.0
c101_21,COORDINATED_MPC_MCTS,0.0,20,264.0,284.0,2,39,C100;C11;C13;C16;C17;C19;C26;C3;C31;C32;C33;C35;C36;C38;C39;C44;C46;C47;C48;C49;C51;C52;C53;C54;C55;C56;C57;C6;C61;C68;C8;C82;C83;C84;C85;C88;C89;C9;C99,True,20.0
c101_21,COORDINATED_MPC_MCTS,0.0,20,485.6423401956872,1075.6423401956872,59,8,C26;C35;C38;C47;C48;C49;C51;C52,True,590.0
c101_21,COORDINATED_MPC_MCTS,0.0,66,378.798192495622,1078.798192495622,70,27,C26;C46;C47;C48;C49;C51;C52;C53;C54;C55;C57;C61;C68;C71;C76;C77;C78;C81;C82;C83;C84;C85;C88;C89;C91;C93;C99,True,700.0
c101_21,COORDINATED_MPC_MCTS,0.0,9,284.0,994.0,71,17,C17;C19;C26;C31;C33;C35;C36;C38;C39;C44;C46;C47;C48;C49;C51;C52;C68,True,710.0
c101_21,COORDINATED_MPC_MCTS,0.0,67,665.0,1055.0,39,2,C78;C81,True,390.0
c101_21,COORDINATED_MPC_MCTS,0.0,8,329.0,659.0,33,34,C11;C17;C19;C26;C3;C31;C33;C35;C38;C39;C44;C46;C47;C48;C49;C51;C52;C53;C54;C55;C56;C57;C6;C61;C68;C8;C82;C83;C84;C85;C88;C89;C9;C99,True,330.0
c101_21,COORDINATED_MPC_MCTS,0.0,68,356.2041187008239,1076.204118700824,72,37,C11;C16;C17;C19;C26;C3;C31;C33;C35;C38;C39;C46;C47;C48;C49;C51;C52;C53;C54;C55;C57;C6;C61;C68;C76;C78;C8;C81;C82;C83;C84;C85;C88;C89;C9;C91;C99,True,720.0
c101_21,COORDINATED_MPC_MCTS,0.0,7,821.8471805317982,1081.8471805317981,26,0,,True,259.9999999999999
c101_21,COORDINATED_MPC_MCTS,0.0,69,995.0,1075.0,8,1,C57,True,80.0
c101_21,COORDINATED_MPC_MCTS,0.0,70,773.0,1053.0,28,12,C11;C13;C49;C51;C52;C61;C8;C88;C89;C9;C91;C99,True,280.0
c101_21,COORDINATED_MPC_MCTS,0.0,71,489.41372062371033,1079.4137206237103,59,25,C11;C26;C3;C35;C47;C48;C49;C51;C52;C54;C55;C57;C61;C77;C78;C8;C81;C83;C84;C85;C88;C89;C9;C91;C99,True,590.0
c101_21,COORDINATED_MPC_MCTS,0.0,72,605.2005648709411,1075.200564870941,47,4,C35;C49;C51;C52,True,469.9999999999999
c101_21,COORDINATED_MPC_MCTS,0.0,73,557.0,1077.0,52,7,C26;C35;C47;C49;C51;C52;C55,True,520.0
c101_21,COORDINATED_MPC_MCTS,0.0,21,445.0,1075.0,63,27,C11;C13;C17;C19;C26;C3;C35;C38;C46;C47;C48;C49;C51;C52;C54;C55;C61;C8;C82;C83;C84;C85;C88;C89;C9;C97;C99,True,630.0
c101_21,COORDINATED_MPC_MCTS,0.0,36,575.0,1024.5318690354004,45,0,,True,449.5318690354004
c101_21,COORDINATED_MPC_MCTS,0.0,74,851.0,1071.0,22,8,C49;C52;C55;C57;C61;C88;C89;C91,True,220.0
c101_21,COORDINATED_MPC_MCTS,0.0,28,589.0,879.0,29,18,C11;C13;C26;C3;C47;C49;C51;C52;C61;C8;C84;C85;C88;C89;C9;C91;C97;C99,True,290.0
c101_21,COORDINATED_MPC_MCTS,0.0,3,647.0,1057.0,41,7,C11;C13;C26;C52;C8;C9;C99,True,410.0
c101_21,COORDINATED_MPC_MCTS,0.0,37,659.0,1079.0,42,5,C26;C35;C49;C51;C52,True,420.0
c101_21,COORDINATED_MPC_MCTS,0.0,24,727.0,1067.0,34,0,,True,340.0
c101_21,COORDINATED_MPC_MCTS,0.0,0,835.0,1055.0,22,4,C11;C13;C8;C9,True,220.0
c101_21,COORDINATED_MPC_MCTS,0.0,25,864.0,1074.0,21,10,C11;C13;C49;C52;C55;C61;C8;C89;C9;C91,True,210.0
c101_21,COORDINATED_MPC_MCTS,0.0,1,994.0,1074.0,8,3,C49;C57;C91,True,80.0
c101_21,COORDINATED_MPC_MCTS,0.0,17,1013.0,1063.0,5,2,C57;C8,True,50.0
c101_21,COORDINATED_MPC_MCTS,0.0,18,1040.0,1080.0,4,3,C13;C8;C91,True,40.0
c101_21,INDEPENDENT_MPC_MCTS,0.5,48,757.0,767.0,1,0,,True,10.0
c201_21,INDEPENDENT_MPC_MCTS,0.0,69,76.78283141432074,86.78283141432074,1,12,C16;C25;C30;C39;C53;C54;C70;C71;C73;C78;C80;C97,True,10.0
c201_21,INDEPENDENT_MPC_MCTS,0.0,73,76.78283141432074,86.78283141432074,1,12,C16;C25;C30;C39;C53;C54;C70;C71;C73;C78;C80;C97,True,10.0
c201_21,COORDINATED_MPC_MCTS,0.0,9,62.40625609664467,302.40625609664465,24,86,C1;C100;C12;C13;C14;C15;C16;C17;C18;C19;C20;C21;C22;C23;C24;C25;C26;C27;C28;C29;C3;C30;C31;C32;C33;C34;C35;C36;C37;C38;C39;C4;C40;C41;C44;C45;C46;C49;C50;C51;C52;C53;C54;C55;C56;C57;C58;C59;C6;C60;C61;C64;C65;C66;C68;C69;C7;C70;C71;C72;C73;C74;C76;C77;C78;C79;C80;C81;C82;C83;C84;C85;C86;C87;C88;C89;C9;C90;C91;C92;C94;C95;C96;C97;C98;C99,True,240.0
c201_21,COORDINATED_MPC_MCTS,0.0,9,585.0,3215.0,263,47,C1;C100;C16;C17;C18;C19;C20;C21;C22;C23;C24;C25;C26;C27;C29;C30;C32;C33;C35;C37;C38;C49;C53;C54;C55;C56;C58;C59;C6;C60;C61;C64;C65;C66;C69;C70;C71;C72;C73;C74;C76;C77;C79;C80;C87;C96;C97,True,2630.0
c201_21,COORDINATED_MPC_MCTS,0.0,21,314.0,3194.0,288,60,C1;C100;C15;C16;C17;C18;C19;C20;C21;C22;C23;C24;C25;C26;C27;C29;C30;C31;C32;C33;C34;C35;C36;C37;C38;C49;C53;C54;C55;C56;C57;C58;C59;C6;C60;C61;C64;C65;C66;C69;C70;C71;C72;C73;C74;C76;C77;C79;C80;C82;C83;C84;C87;C92;C94;C95;C96;C97;C98;C99,True,2880.0
c201_21,COORDINATED_MPC_MCTS,0.0,22,170.84486176824117,180.84486176824117,1,74,C1;C100;C12;C15;C16;C17;C18;C19;C20;C21;C22;C23;C24;C25;C26;C27;C29;C3;C30;C31;C32;C33;C34;C35;C36;C37;C38;C39;C40;C44;C45;C46;C49;C50;C51;C53;C54;C55;C56;C57;C58;C59;C6;C60;C61;C64;C65;C66;C69;C7;C70;C71;C72;C73;C74;C76;C77;C79;C80;C81;C82;C83;C84;C85;C86;C87;C9;C92;C94;C95;C96;C97;C98;C99,True,10.0
c201_21,COORDINATED_MPC_MCTS,0.0,22,833.0,843.0,1,39,C17;C20;C21;C22;C23;C24;C25;C26;C27;C29;C30;C32;C33;C35;C37;C38;C49;C53;C54;C55;C56;C58;C59;C6;C60;C61;C64;C65;C66;C69;C70;C72;C73;C74;C77;C79;C80;C87;C96,True,10.0
c201_21,COORDINATED_MPC_MCTS,0.0,22,1412.0,1802.0,39,18,C20;C21;C22;C24;C27;C30;C49;C53;C55;C61;C64;C65;C66;C69;C72;C74;C87;C96,True,390.0
c201_21,COORDINATED_MPC_MCTS,0.0,22,1918.9258240356726,3208.9258240356726,129,14,C20;C21;C22;C24;C27;C30;C49;C61;C64;C65;C66;C69;C72;C74,True,1290.0
c201_21,COORDINATED_MPC_MCTS,0.0,0,62.664312012500396,1062.6643120125004,100,85,C1;C100;C12;C13;C14;C15;C16;C17;C18;C19;C20;C21;C22;C23;C24;C25;C26;C27;C28;C29;C3;C30;C31;C32;C33;C34;C35;C36;C37;C38;C39;C40;C41;C44;C45;C46;C49;C50;C51;C52;C53;C54;C55;C56;C57;C58;C59;C6;C60;C61;C64;C65;C66;C68;C69;C7;C70;C71;C72;C73;C74;C76;C77;C78;C79;C80;C81;C82;C83;C84;C85;C86;C87;C88;C89;C9;C90;C91;C92;C94;C95;C96;C97;C98;C99,True,1000.0
c201_21,COORDINATED_MPC_MCTS,0.0,0,1109.626765100047,1139.626765100047,3,32,C20;C21;C22;C23;C24;C26;C27;C29;C30;C32;C33;C35;C37;C38;C49;C53;C55;C56;C58;C6;C61;C64;C65;C66;C69;C72;C73;C74;C77;C79;C87;C96,True,30.0
c201_21,COORDINATED_MPC_MCTS,0.0,0,2255.0,3215.0,96,15,C20;C21;C22;C24;C27;C29;C30;C32;C33;C6;C61;C64;C69;C72;C74,True,960.0
c201_21,COORDINATED_MPC_MCTS,0.0,8,62.664312012500396,302.66431201250043,24,85,C1;C100;C12;C13;C14;C15;C16;C17;C18;C19;C20;C21;C22;C23;C24;C25;C26;C27;C28;C29;C3;C30;C31;C32;C33;C34;C35;C36;C37;C38;C39;C40;C41;C44;C45;C46;C49;C50;C51;C52;C53;C54;C55;C56;C57;C58;C59;C6;C60;C61;C64;C65;C66;C68;C69;C7;C70;C71;C72;C73;C74;C76;C77;C78;C79;C80;C81;C82;C83;C84;C85;C86;C87;C88;C89;C9;C90;C91;C92;C94;C95;C96;C97;C98;C99,True,240.00000000000003
c201_21,COORDINATED_MPC_MCTS,0.0,8,677.0,3217.0,254,46,C1;C100;C17;C18;C19;C20;C21;C22;C23;C24;C25;C26;C27;C29;C30;C32;C33;C35;C37;C38;C49;C53;C54;C55;C56;C58;C59;C6;C60;C61;C64;C65;C66;C69;C70;C71;C72;C73;C74;C76;C77;C79;C80;C87;C96;C97,True,2540.0
c201_21,COORDINATED_MPC_MCTS,0.0,19,62.664312012500396,3212.6643120125004,315,85,C1;C100;C12;C13;C14;C15;C16;C17;C18;C19;C20;C21;C22;C23;C24;C25;C26;C27;C28;C29;C3;C30;C31;C32;C33;C34;C35;C36;C37;C38;C39;C40;C41;C44;C45;C46;C49;C50;C51;C52;C53;C54;C55;C56;C57;C58;C59;C6;C60;C61;C64;C65;C66;C68;C69;C7;C70;C71;C72;C73;C74;C76;C77;C78;C79;C80;C81;C82;C83;C84;C85;C86;C87;C88;C89;C9;C90;C91;C92;C94;C95;C96;C97;C98;C99,True,3150.0
c201_21,COORDINATED_MPC_MCTS,0.0,20,492.0,512.0,2,52,C1;C100;C16;C17;C18;C19;C20;C21;C22;C23;C24;C25;C26;C27;C29;C30;C32;C33;C34;C35;C37;C38;C49;C53;C54;C55;C56;C58;C59;C6;C60;C61;C64;C65;C66;C69;C70;C71;C72;C73;C74;C76;C77;C79;C80;C82;C87;C92;C94;C95;C96;C97,True,20.0
c201_21,COORDINATED_MPC_MCTS,0.0,20,1784.0,3214.0,143,21,C20;C21;C22;C24;C27;C29;C30;C32;C33;C35;C37;C49;C6;C61;C64;C65;C66;C69;C72;C74;C96,True,1430.0
c201_21,COORDINATED_MPC_MCTS,0.0,23,1606.0,1996.0,39,19,C20;C21;C22;C24;C27;C29;C30;C49;C53;C6;C61;C64;C65;C66;C69;C72;C74;C87;C96,True,390.0
c201_21,COORDINATED_MPC_MCTS,0.0,23,2379.5750258970065,2419.5750258970065,4,12,C20;C21;C22;C24;C27;C29;C30;C32;C33;C6;C69;C74,True,40.0
c201_21,COORDINATED_MPC_MCTS,0.0,23,2634.0,3214.0,58,7,C20;C21;C22;C24;C27;C30;C69,True,580.0
c201_21,COORDINATED_MPC_MCTS,0.0,24,173.9246036379697,3213.92460363797,304,73,C1;C100;C12;C15;C16;C17;C18;C19;C20;C21;C22;C23;C24;C25;C26;C27;C29;C3;C30;C31;C32;C33;C34;C35;C36;C37;C38;C39;C40;C44;C46;C49;C50;C51;C53;C54;C55;C56;C57;C58;C59;C6;C60;C61;C64;C65;C66;C69;C7;C70;C71;C72;C73;C74;C76;C77;C79;C80;C81;C82;C83;C84;C85;C86;C87;C9;C92;C94;C95;C96;C97;C98;C99,True,3040.0000000000005
c201_21,COORDINATED_MPC_MCTS,0.0,25,180.84486176824117,230.84486176824117,5,72,C1;C100;C12;C15;C16;C17;C18;C19;C20;C21;C22;C23;C24;C25;C26;C27;C29;C3;C30;C31;C32;C33;C34;C35;C36;C37;C38;C39;C40;C44;C46;C49;C50;C51;C53;C54;C55;C56;C57;C58;C59;C6;C60;C61;C64;C65;C66;C69;C70;C71;C72;C73;C74;C76;C77;C79;C80;C81;C82;C83;C84;C85;C86;C87;C9;C92;C94;C95;C96;C97;C98;C99,True,50.0
c201_21,COORDINATED_MPC_MCTS,0.0,25,1507.0,3217.0,171,23,C20;C21;C22;C24;C27;C29;C30;C32;C33;C35;C37;C49;C53;C6;C61;C64;C65;C66;C69;C72;C74;C87;C96,True,1710.0
c201_21,COORDINATED_MPC_MCTS,0.0,26,134.81251219328934,3214.8125121932894,308,75,C1;C100;C12;C15;C16;C17;C18;C19;C20;C21;C22;C23;C24;C25;C26;C27;C29;C3;C30;C31;C32;C33;C34;C35;C36;C37;C38;C39;C40;C44;C45;C46;C49;C50;C51;C53;C54;C55;C56;C57;C58;C59;C6;C60;C61;C64;C65;C66;C68;C69;C7;C70;C71;C72;C73;C74;C76;C77;C79;C80;C81;C82;C83;C84;C85;C86;C87;C9;C92;C94;C95;C96;C97;C98;C99,True,3080.0
c201_21,COORDINATED_MPC_MCTS,0.0,27,184.76693587164257,3214.7669358716425,303,71,C1;C100;C12;C15;C16;C17;C18;C19;C20;C21;C22;C23;C24;C25;C26;C27;C29;C3;C30;C31;C32;C33;C34;C35;C36;C37;C38;C39;C40;C44;C46;C49;C50;C51;C53;C54;C55;C56;C57;C58;C59;C6;C60;C61;C64;C65;C66;C69;C70;C71;C72;C73;C74;C76;C77;C79;C80;C81;C82;C83;C84;C86;C87;C9;C92;C94;C95;C96;C97;C98;C99,True,3030.0
c201_21,COORDINATED_MPC_MCTS,0.0,28,2159.0,3209.0,105,15,C20;C21;C22;C24;C27;C29;C30;C32;C33;C6;C61;C64;C69;C72;C74,True,1050.0
c201_21,COORDINATED_MPC_MCTS,0.0,4,76.78283141432074,106.78283141432074,3,82,C1;C100;C12;C13;C14;C15;C16;C17;C18;C19;C20;C21;C22;C23;C24;C25;C26;C27;C28;C29;C3;C30;C31;C32;C33;C34;C35;C36;C37;C38;C39;C40;C41;C44;C45;C46;C49;C50;C51;C53;C54;C55;C56;C57;C58;C59;C6;C60;C61;C64;C65;C66;C68;C69;C7;C70;C71;C72;C73;C74;C76;C77;C78;C79;C80;C81;C82;C83;C84;C85;C86;C87;C88;C9;C90;C92;C94;C95;C96;C97;C98;C99,True,30.0
c201_21,COORDINATED_MPC_MCTS,0.0,4,1683.0,3213.0,153,21,C20;C21;C22;C24;C27;C29;C30;C32;C33;C35;C37;C49;C6;C61;C64;C65;C66;C69;C72;C74;C96,True,1530.0
c201_21,COORDINATED_MPC_MCTS,0.0,29,159.44714342682113,3209.447143426821,305,74,C1;C100;C12;C15;C16;C17;C18;C19;C20;C21;C22;C23;C24;C25;C26;C27;C29;C3;C30;C31;C32;C33;C34;C35;C36;C37;C38;C39;C40;C44;C45;C46;C49;C50;C51;C53;C54;C55;C56;C57;C58;C59;C6;C60;C61;C64;C65;C66;C69;C7;C70;C71;C72;C73;C74;C76;C77;C79;C80;C81;C82;C83;C84;C85;C86;C87;C9;C92;C94;C95;C96;C97;C98;C99,True,3050.0
c201_21,COORDINATED_MPC_MCTS,0.0,30,149.44714342682113,3209.447143426821,306,74,C1;C100;C12;C15;C16;C17;C18;C19;C20;C21;C22;C23;C24;C25;C26;C27;C29;C3;C30;C31;C32;C33;C34;C35;C36;C37;C38;C39;C40;C44;C45;C46;C49;C50;C51;C53;C54;C55;C56;C57;C58;C59;C6;C60;C61;C64;C65;C66;C69;C7;C70;C71;C72;C73;C74;C76;C77;C79;C80;C81;C82;C83;C84;C85;C86;C87;C9;C92;C94;C95;C96;C97;C98;C99,True,3060.0
c201_21,COORDINATED_MPC_MCTS,0.0,31,207.39835954240903,3207.398359542409,300,68,C1;C100;C12;C15;C16;C17;C18;C19;C20;C21;C22;C23;C24;C25;C26;C27;C29;C30;C31;C32;C33;C34;C35;C36;C37;C38;C40;C44;C46;C49;C50;C51;C53;C54;C55;C56;C57;C58;C59;C6;C60;C61;C64;C65;C66;C69;C70;C71;C72;C73;C74;C76;C77;C79;C80;C81;C82;C83;C84;C87;C9;C92;C94;C95;C96;C97;C98;C99,True,3000.0
c201_21,COORDINATED_MPC_MCTS,0.0,32,210.0,3210.0,300,68,C1;C100;C12;C15;C16;C17;C18;C19;C20;C21;C22;C23;C24;C25;C26;C27;C29;C30;C31;C32;C33;C34;C35;C36;C37;C38;C40;C44;C46;C49;C50;C51;C53;C54;C55;C56;C57;C58;C59;C6;C60;C61;C64;C65;C66;C69;C70;C71;C72;C73;C74;C76;C77;C79;C80;C81;C82;C83;C84;C87;C9;C92;C94;C95;C96;C97;C98;C99,True,3000.0
c201_21,COORDINATED_MPC_MCTS,0.0,3,101.0,171.0,7,80,C1;C100;C12;C13;C14;C15;C16;C17;C18;C19;C20;C21;C22;C23;C24;C25;C26;C27;C28;C29;C3;C30;C31;C32;C33;C34;C35;C36;C37;C38;C39;C40;C44;C45;C46;C49;C50;C51;C53;C54;C55;C56;C57;C58;C59;C6;C60;C61;C64;C65;C66;C68;C69;C7;C70;C71;C72;C73;C74;C76;C77;C78;C79;C80;C81;C82;C83;C84;C85;C86;C87;C88;C9;C92;C94;C95;C96;C97;C98;C99,True,70.0
c201_21,COORDINATED_MPC_MCTS,0.0,3,772.0,3212.0,244,44,C1;C100;C17;C18;C19;C20;C21;C22;C23;C24;C25;C26;C27;C29;C30;C32;C33;C35;C37;C38;C49;C53;C54;C55;C56;C58;C59;C6;C60;C61;C64;C65;C66;C69;C70;C72;C73;C74;C76;C77;C79;C80;C87;C96,True,2440.0
c201_21,COORDINATED_MPC_MCTS,0.0,13,101.83858600746576,111.83858600746576,1,80,C1;C100;C12;C13;C14;C15;C16;C17;C18;C19;C20;C21;C22;C23;C24;C25;C26;C27;C28;C29;C3;C30;C31;C32;C33;C34;C35;C36;C37;C38;C39;C40;C44;C45;C46;C49;C50;C51;C53;C54;C55;C56;C57;C58;C59;C6;C60;C61;C64;C65;C66;C68;C69;C7;C70;C71;C72;C73;C74;C76;C77;C78;C79;C80;C81;C82;C83;C84;C85;C86;C87;C88;C9;C92;C94;C95;C96;C97;C98;C99,True,10.0
c201_21,COORDINATED_MPC_MCTS,0.0,13,691.0,3211.0,252,46,C1;C100;C17;C18;C19;C20;C21;C22;C23;C24;C25;C26;C27;C29;C30;C32;C33;C35;C37;C38;C49;C53;C54;C55;C56;C58;C59;C6;C60;C61;C64;C65;C66;C69;C70;C71;C72;C73;C74;C76;C77;C79;C80;C87;C96;C97,True,2520.0
c201_21,COORDINATED_MPC_MCTS,0.0,2,102.0,2732.0,263,80,C1;C100;C12;C13;C14;C15;C16;C17;C18;C19;C20;C21;C22;C23;C24;C25;C26;C27;C28;C29;C3;C30;C31;C32;C33;C34;C35;C36;C37;C38;C39;C40;C44;C45;C46;C49;C50;C51;C53;C54;C55;C56;C57;C58;C59;C6;C60;C61;C64;C65;C66;C68;C69;C7;C70;C71;C72;C73;C74;C76;C77;C78;C79;C80;C81;C82;C83;C84;C85;C86;C87;C88;C9;C92;C94;C95;C96;C97;C98;C99,True,2630.0
c201_21,COORDINATED_MPC_MCTS,0.0,2,2922.0,3112.0,19,4,C20;C21;C22;C24,True,190.0
c201_21,COORDINATED_MPC_MCTS,0.0,33,164.6643120125004,304.66431201250043,14,74,C1;C100;C12;C15;C16;C17;C18;C19;C20;C21;C22;C23;C24;C25;C26;C27;C29;C3;C30;C31;C32;C33;C34;C35;C36;C37;C38;C39;C40;C44;C45;C46;C49;C50;C51;C53;C54;C55;C56;C57;C58;C59;C6;C60;C61;C64;C65;C66;C69;C7;C70;C71;C72;C73;C74;C76;C77;C79;C80;C81;C82;C83;C84;C85;C86;C87;C9;C92;C94;C95;C96;C97;C98;C99,True,140.00000000000003
c201_21,COORDINATED_MPC_MCTS,0.0,33,868.0,878.0,1,38,C17;C20;C21;C22;C23;C24;C25;C26;C27;C29;C30;C32;C33;C35;C37;C38;C49;C53;C54;C55;C56;C58;C59;C6;C60;C61;C64;C65;C66;C69;C72;C73;C74;C77;C79;C80;C87;C96,True,10.0
c201_21,COORDINATED_MPC_MCTS,0.0,33,1575.0,3215.0,164,23,C20;C21;C22;C24;C27;C29;C30;C32;C33;C35;C37;C49;C53;C6;C61;C64;C65;C66;C69;C72;C74;C87;C96,True,1640.0
c201_21,COORDINATED_MPC_MCTS,0.0,34,209.09086982558316,389.0908698255831,18,68,C1;C100;C12;C15;C16;C17;C18;C19;C20;C21;C22;C23;C24;C25;C26;C27;C29;C30;C31;C32;C33;C34;C35;C36;C37;C38;C40;C44;C46;C49;C50;C51;C53;C54;C55;C56;C57;C58;C59;C6;C60;C61;C64;C65;C66;C69;C70;C71;C72;C73;C74;C76;C77;C79;C80;C81;C82;C83;C84;C87;C9;C92;C94;C95;C96;C97;C98;C99,True,179.99999999999997
c201_21,COORDINATED_MPC_MCTS,0.0,34,980.0,2350.0,137,36,C17;C20;C21;C22;C23;C24;C25;C26;C27;C29;C30;C32;C33;C35;C37;C38;C49;C53;C55;C56;C58;C6;C60;C61;C64;C65;C66;C69;C72;C73;C74;C77;C79;C80;C87;C96,True,1370.0
c201_21,COORDINATED_MPC_MCTS,0.0,34,2732.0,2922.0,19,6,C20;C21;C22;C24;C27;C69,True,190.0
c201_21,COORDINATED_MPC_MCTS,0.0,34,3112.0,3212.0,10,2,C21;C22,True,100.0
c201_21,COORDINATED_MPC_MCTS,0.0,35,142.06042592222784,192.06042592222784,5,74,C1;C100;C12;C15;C16;C17;C18;C19;C20;C21;C22;C23;C24;C25;C26;C27;C29;C3;C30;C31;C32;C33;C34;C35;C36;C37;C38;C39;C40;C44;C45;C46;C49;C50;C51;C53;C54;C55;C56;C57;C58;C59;C6;C60;C61;C64;C65;C66;C69;C7;C70;C71;C72;C73;C74;C76;C77;C79;C80;C81;C82;C83;C84;C85;C86;C87;C9;C92;C94;C95;C96;C97;C98;C99,True,50.0
c201_21,COORDINATED_MPC_MCTS,0.0,35,505.0,1125.0,62,27,C1;C100;C20;C21;C22;C30;C49;C61;C64;C65;C66;C69;C70;C71;C72;C73;C74;C76;C77;C79;C80;C82;C87;C92;C94;C96;C97,True,620.0
c201_21,COORDINATED_MPC_MCTS,0.0,35,1141.8092979732974,3211.8092979732974,207,19,C20;C21;C22;C24;C27;C30;C49;C55;C61;C64;C65;C66;C69;C72;C73;C74;C77;C87;C96,True,2070.0
c201_21,COORDINATED_MPC_MCTS,0.0,36,166.33052969659732,3216.3305296965973,305,74,C1;C100;C12;C15;C16;C17;C18;C19;C20;C21;C22;C23;C24;C25;C26;C27;C29;C3;C30;C31;C32;C33;C34;C35;C36;C37;C38;C39;C40;C44;C45;C46;C49;C50;C51;C53;C54;C55;C56;C57;C58;C59;C6;C60;C61;C64;C65;C66;C69;C7;C70;C71;C72;C73;C74;C76;C77;C79;C80;C81;C82;C83;C84;C85;C86;C87;C9;C92;C94;C95;C96;C97;C98;C99,True,3050.0
c201_21,COORDINATED_MPC_MCTS,0.0,37,210.75708750968008,3210.75708750968,300,68,C1;C100;C12;C15;C16;C17;C18;C19;C20;C21;C22;C23;C24;C25;C26;C27;C29;C30;C31;C32;C33;C34;C35;C36;C37;C38;C40;C44;C46;C49;C50;C51;C53;C54;C55;C56;C57;C58;C59;C6;C60;C61;C64;C65;C66;C69;C70;C71;C72;C73;C74;C76;C77;C79;C80;C81;C82;C83;C84;C87;C9;C92;C94;C95;C96;C97;C98;C99,True,3000.0
c201_21,COORDINATED_MPC_MCTS,0.0,11,117.0,217.0,10,77,C1;C100;C12;C13;C15;C16;C17;C18;C19;C20;C21;C22;C23;C24;C25;C26;C27;C29;C3;C30;C31;C32;C33;C34;C35;C36;C37;C38;C39;C40;C44;C45;C46;C49;C50;C51;C53;C54;C55;C56;C57;C58;C59;C6;C60;C61;C64;C65;C66;C68;C69;C7;C70;C71;C72;C73;C74;C76;C77;C79;C80;C81;C82;C83;C84;C85;C86;C87;C88;C9;C92;C94;C95;C96;C97;C98;C99,True,100.0
c201_21,COORDINATED_MPC_MCTS,0.0,11,1058.0,1088.0,3,36,C17;C20;C21;C22;C23;C24;C25;C26;C27;C29;C30;C32;C33;C35;C37;C38;C49;C53;C55;C56;C58;C6;C60;C61;C64;C65;C66;C69;C72;C73;C74;C77;C79;C80;C87;C96,True,30.0
c201_21,COORDINATED_MPC_MCTS,0.0,11,1951.0,2241.0,29,20,C20;C21;C22;C24;C27;C29;C30;C32;C33;C35;C37;C49;C6;C61;C64;C65;C66;C69;C72;C74,True,290.0
c201_21,COORDINATED_MPC_MCTS,0.0,11,2361.615959165048,3211.615959165048,85,12,C20;C21;C22;C24;C27;C29;C30;C32;C33;C6;C69;C74,True,850.0
c201_21,COORDINATED_MPC_MCTS,0.0,38,233.92582403567252,3213.9258240356726,298,66,C1;C100;C12;C15;C16;C17;C18;C19;C20;C21;C22;C23;C24;C25;C26;C27;C29;C30;C31;C32;C33;C34;C35;C36;C37;C38;C44;C46;C49;C50;C51;C53;C54;C55;C56;C57;C58;C59;C6;C60;C61;C64;C65;C66;C69;C70;C71;C72;C73;C74;C76;C77;C79;C80;C82;C83;C84;C87;C9;C92;C94;C95;C96;C97;C98;C99,True,2980.0
c201_21,COORDINATED_MPC_MCTS,0.0,10,406.0,1076.0,67,47,C1;C100;C16;C17;C18;C19;C20;C21;C22;C23;C24;C25;C26;C27;C29;C30;C32;C33;C34;C35;C37;C38;C49;C53;C54;C55;C56;C58;C59;C6;C60;C61;C64;C65;C66;C69;C72;C74;C77;C82;C87;C92;C94;C95;C96;C97;C98,True,670.0
c201_21,COORDINATED_MPC_MCTS,0.0,10,1175.0,3215.0,204,29,C20;C21;C22;C23;C24;C26;C27;C29;C30;C32;C33;C35;C37;C49;C53;C55;C56;C58;C6;C61;C64;C65;C66;C69;C72;C74;C77;C87;C96,True,2040.0
c201_21,COORDINATED_MPC_MCTS,0.0,39,2241.0,2351.0,11,15,C20;C21;C22;C24;C27;C29;C30;C32;C33;C6;C61;C64;C69;C72;C74,True,110.0
c201_21,COORDINATED_MPC_MCTS,0.0,39,2617.0,3207.0,59,7,C20;C21;C22;C24;C27;C30;C69,True,590.0
c201_21,COORDINATED_MPC_MCTS,0.0,40,598.0,3208.0,261,36,C1;C100;C17;C18;C19;C20;C21;C22;C23;C24;C25;C26;C27;C29;C30;C32;C33;C35;C37;C38;C49;C54;C55;C59;C6;C61;C64;C65;C66;C69;C72;C74;C77;C87;C96;C97,True,2610.0
c201_21,COORDINATED_MPC_MCTS,0.0,41,191.65416982558315,3211.6541698255833,302,70,C1;C100;C12;C15;C16;C17;C18;C19;C20;C21;C22;C23;C24;C25;C26;C27;C29;C30;C31;C32;C33;C34;C35;C36;C37;C38;C39;C40;C44;C46;C49;C50;C51;C53;C54;C55;C56;C57;C58;C59;C6;C60;C61;C64;C65;C66;C69;C70;C71;C72;C73;C74;C76;C77;C79;C80;C81;C82;C83;C84;C86;C87;C9;C92;C94;C95;C96;C97;C98;C99,True,3020.0
c201_21,COORDINATED_MPC_MCTS,0.0,42,225.07056810914506,255.07056810914506,3,67,C1;C100;C12;C15;C16;C17;C18;C19;C20;C21;C22;C23;C24;C25;C26;C27;C29;C30;C31;C32;C33;C34;C35;C36;C37;C38;C44;C46;C49;C50;C51;C53;C54;C55;C56;C57;C58;C59;C6;C60;C61;C64;C65;C66;C69;C70;C71;C72;C73;C74;C76;C77;C79;C80;C81;C82;C83;C84;C87;C9;C92;C94;C95;C96;C97;C98;C99,True,30.0
c201_21,COORDINATED_MPC_MCTS,0.0,42,1856.0,3216.0,136,20,C20;C21;C22;C24;C27;C29;C30;C32;C33;C35;C37;C49;C6;C61;C64;C65;C66;C69;C72;C74,True,1360.0
c201_21,COORDINATED_MPC_MCTS,0.0,43,279.0908698255831,3209.090869825583,293,64,C1;C100;C15;C16;C17;C18;C19;C20;C21;C22;C23;C24;C25;C26;C27;C29;C30;C31;C32;C33;C34;C35;C36;C37;C38;C46;C49;C50;C51;C53;C54;C55;C56;C57;C58;C59;C6;C60;C61;C64;C65;C66;C69;C70;C71;C72;C73;C74;C76;C77;C79;C80;C82;C83;C84;C87;C9;C92;C94;C95;C96;C97;C98;C99,True,2930.0
c201_21,COORDINATED_MPC_MCTS,0.0,44,234.72473793472824,3214.724737934728,298,66,C1;C100;C12;C15;C16;C17;C18;C19;C20;C21;C22;C23;C24;C25;C26;C27;C29;C30;C31;C32;C33;C34;C35;C36;C37;C38;C44;C46;C49;C50;C51;C53;C54;C55;C56;C57;C58;C59;C6;C60;C61;C64;C65;C66;C69;C70;C71;C72;C73;C74;C76;C77;C79;C80;C82;C83;C84;C87;C9;C92;C94;C95;C96;C97;C98;C99,True,2980.0
c201_21,COORDINATED_MPC_MCTS,0.0,45,240.68306505887645,400.6830650588764,16,66,C1;C100;C12;C15;C16;C17;C18;C19;C20;C21;C22;C23;C24;C25;C26;C27;C29;C30;C31;C32;C33;C34;C35;C36;C37;C38;C44;C46;C49;C50;C51;C53;C54;C55;C56;C57;C58;C59;C6;C60;C61;C64;C65;C66;C69;C70;C71;C72;C73;C74;C76;C77;C79;C80;C82;C83;C84;C87;C9;C92;C94;C95;C96;C97;C98;C99,True,159.99999999999997
c201_21,COORDINATED_MPC_MCTS,0.0,45,2350.0,2710.0,36,13,C20;C21;C22;C24;C27;C29;C30;C32;C33;C6;C69;C72;C74,True,360.0
c201_21,COORDINATED_MPC_MCTS,0.0,45,2827.0,3197.0,37,4,C20;C21;C22;C24,True,370.0
c201_21,COORDINATED_MPC_MCTS,0.0,46,303.83581957913987,3213.8358195791398,291,61,C1;C100;C15;C16;C17;C18;C19;C20;C21;C22;C23;C24;C25;C26;C27;C29;C30;C31;C32;C33;C34;C35;C36;C37;C38;C46;C49;C53;C54;C55;C56;C57;C58;C59;C6;C60;C61;C64;C65;C66;C69;C70;C71;C72;C73;C74;C76;C77;C79;C80;C82;C83;C84;C87;C92;C94;C95;C96;C97;C98;C99,True,2910.0
c201_21,COORDINATED_MPC_MCTS,0.0,47,269.1890875109654,3209.1890875109657,294,64,C1;C100;C15;C16;C17;C18;C19;C20;C21;C22;C23;C24;C25;C26;C27;C29;C30;C31;C32;C33;C34;C35;C36;C37;C38;C46;C49;C50;C51;C53;C54;C55;C56;C57;C58;C59;C6;C60;C61;C64;C65;C66;C69;C70;C71;C72;C73;C74;C76;C77;C79;C80;C82;C83;C84;C87;C9;C92;C94;C95;C96;C97;C98;C99,True,2940.0000000000005
c201_21,COORDINATED_MPC_MCTS,0.0,48,271.5497672859633,291.5497672859633,2,64,C1;C100;C15;C16;C17;C18;C19;C20;C21;C22;C23;C24;C25;C26;C27;C29;C30;C31;C32;C33;C34;C35;C36;C37;C38;C46;C49;C50;C51;C53;C54;C55;C56;C57;C58;C59;C6;C60;C61;C64;C65;C66;C69;C70;C71;C72;C73;C74;C76;C77;C79;C80;C82;C83;C84;C87;C9;C92;C94;C95;C96;C97;C98;C99,True,20.0
c201_21,COORDINATED_MPC_MCTS,0.0,48,1877.0,3197.0,132,20,C20;C21;C22;C24;C27;C29;C30;C32;C33;C35;C37;C49;C6;C61;C64;C65;C66;C69;C72;C74,True,1320.0
c201_21,COORDINATED_MPC_MCTS,0.0,49,273.78283141432075,3213.7828314143208,294,64,C1;C100;C15;C16;C17;C18;C19;C20;C21;C22;C23;C24;C25;C26;C27;C29;C30;C31;C32;C33;C34;C35;C36;C37;C38;C46;C49;C50;C51;C53;C54;C55;C56;C57;C58;C59;C6;C60;C61;C64;C65;C66;C69;C70;C71;C72;C73;C74;C76;C77;C79;C80;C82;C83;C84;C87;C9;C92;C94;C95;C96;C97;C98;C99,True,2940.0
c201_21,COORDINATED_MPC_MCTS,0.0,50,278.4370012399039,3208.437001239904,293,64,C1;C100;C15;C16;C17;C18;C19;C20;C21;C22;C23;C24;C25;C26;C27;C29;C30;C31;C32;C33;C34;C35;C36;C37;C38;C46;C49;C50;C51;C53;C54;C55;C56;C57;C58;C59;C6;C60;C61;C64;C65;C66;C69;C70;C71;C72;C73;C74;C76;C77;C79;C80;C82;C83;C84;C87;C9;C92;C94;C95;C96;C97;C98;C99,True,2930.0
c201_21,COORDINATED_MPC_MCTS,0.0,15,211.0,3211.0,300,68,C1;C100;C12;C15;C16;C17;C18;C19;C20;C21;C22;C23;C24;C25;C26;C27;C29;C30;C31;C32;C33;C34;C35;C36;C37;C38;C40;C44;C46;C49;C50;C51;C53;C54;C55;C56;C57;C58;C59;C6;C60;C61;C64;C65;C66;C69;C70;C71;C72;C73;C74;C76;C77;C79;C80;C81;C82;C83;C84;C87;C9;C92;C94;C95;C96;C97;C98;C99,True,3000.0
c201_21,COORDINATED_MPC_MCTS,0.0,51,310.70743505229046,3200.7074350522907,289,60,C1;C100;C15;C16;C17;C18;C19;C20;C21;C22;C23;C24;C25;C26;C27;C29;C30;C31;C32;C33;C34;C35;C36;C37;C38;C49;C53;C54;C55;C56;C57;C58;C59;C6;C60;C61;C64;C65;C66;C69;C70;C71;C72;C73;C74;C76;C77;C79;C80;C82;C83;C84;C87;C92;C94;C95;C96;C97;C98;C99,True,2890.0000000000005
c201_21,COORDINATED_MPC_MCTS,0.0,52,303.66431201250043,3213.6643120125004,291,61,C1;C100;C15;C16;C17;C18;C19;C20;C21;C22;C23;C24;C25;C26;C27;C29;C30;C31;C32;C33;C34;C35;C36;C37;C38;C46;C49;C53;C54;C55;C56;C57;C58;C59;C6;C60;C61;C64;C65;C66;C69;C70;C71;C72;C73;C74;C76;C77;C79;C80;C82;C83;C84;C87;C92;C94;C95;C96;C97;C98;C99,True,2910.0
c201_21,COORDINATED_MPC_MCTS,0.0,53,329.4471434268212,3209.447143426821,288,59,C1;C100;C15;C16;C17;C18;C19;C20;C21;C22;C23;C24;C25;C26;C27;C29;C30;C31;C32;C33;C34;C35;C36;C37;C38;C49;C53;C54;C55;C56;C57;C58;C59;C6;C60;C61;C64;C65;C66;C69;C70;C71;C72;C73;C74;C76;C77;C79;C80;C82;C84;C87;C92;C94;C95;C96;C97;C98;C99,True,2880.0
c201_21,COORDINATED_MPC_MCTS,0.0,54,351.4471434268212,3211.447143426821,286,58,C1;C100;C15;C16;C17;C18;C19;C20;C21;C22;C23;C24;C25;C26;C27;C29;C30;C31;C32;C33;C34;C35;C37;C38;C49;C53;C54;C55;C56;C57;C58;C59;C6;C60;C61;C64;C65;C66;C69;C70;C71;C72;C73;C74;C76;C77;C79;C80;C82;C84;C87;C92;C94;C95;C96;C97;C98;C99,True,2860.0
c201_21,COORDINATED_MPC_MCTS,0.0,55,351.507569349049,3211.507569349049,286,57,C1;C100;C15;C16;C17;C18;C19;C20;C21;C22;C23;C24;C25;C26;C27;C29;C30;C31;C32;C33;C34;C35;C37;C38;C49;C53;C54;C55;C56;C57;C58;C59;C6;C60;C61;C64;C65;C66;C69;C70;C71;C72;C73;C74;C76;C77;C79;C80;C82;C87;C92;C94;C95;C96;C97;C98;C99,True,2860.0
c201_21,COORDINATED_MPC_MCTS,0.0,56,359.4471434268212,3209.447143426821,285,57,C1;C100;C15;C16;C17;C18;C19;C20;C21;C22;C23;C24;C25;C26;C27;C29;C30;C31;C32;C33;C34;C35;C37;C38;C49;C53;C54;C55;C56;C57;C58;C59;C6;C60;C61;C64;C65;C66;C69;C70;C71;C72;C73;C74;C76;C77;C79;C80;C82;C87;C92;C94;C95;C96;C97;C98;C99,True,2850.0
c201_21,COORDINATED_MPC_MCTS,0.0,14,302.0,362.0,6,64,C1;C100;C15;C16;C17;C18;C19;C20;C21;C22;C23;C24;C25;C26;C27;C29;C30;C31;C32;C33;C34;C35;C36;C37;C38;C46;C49;C50;C51;C53;C54;C55;C56;C57;C58;C59;C6;C60;C61;C64;C65;C66;C69;C70;C71;C72;C73;C74;C76;C77;C79;C80;C82;C83;C84;C87;C9;C92;C94;C95;C96;C97;C98;C99,True,60.0
c201_21,COORDINATED_MPC_MCTS,0.0,14,1291.0,1391.0,10,26,C20;C21;C22;C24;C27;C29;C30;C32;C33;C35;C37;C49;C53;C55;C56;C58;C6;C61;C64;C65;C66;C69;C72;C74;C87;C96,True,100.0
c201_21,COORDINATED_MPC_MCTS,0.0,14,1761.0,1951.0,19,21,C20;C21;C22;C24;C27;C29;C30;C32;C33;C35;C37;C49;C6;C61;C64;C65;C66;C69;C72;C74;C96,True,190.0
c201_21,COORDINATED_MPC_MCTS,0.0,14,2146.0,3216.0,107,9,C20;C24;C27;C30;C61;C64;C69;C72;C74,True,1070.0
c201_21,COORDINATED_MPC_MCTS,0.0,57,415.3238075793812,3215.323807579381,280,53,C1;C100;C16;C17;C18;C19;C20;C21;C22;C23;C24;C25;C26;C27;C29;C30;C32;C33;C34;C35;C37;C38;C49;C53;C54;C55;C56;C58;C59;C6;C60;C61;C64;C65;C66;C69;C70;C71;C72;C73;C74;C76;C77;C79;C80;C82;C87;C92;C94;C95;C96;C97;C98,True,2800.0
c201_21,COORDINATED_MPC_MCTS,0.0,58,343.4899894047231,1143.489989404723,80,59,C1;C100;C15;C16;C17;C18;C19;C20;C21;C22;C23;C24;C25;C26;C27;C29;C30;C31;C32;C33;C34;C35;C36;C37;C38;C49;C53;C54;C55;C56;C57;C58;C59;C6;C60;C61;C64;C65;C66;C69;C70;C71;C72;C73;C74;C76;C77;C79;C80;C82;C84;C87;C92;C94;C95;C96;C97;C98;C99,True,800.0
c201_21,COORDINATED_MPC_MCTS,0.0,58,1704.0,3204.0,150,16,C20;C21;C22;C24;C27;C29;C30;C49;C61;C64;C65;C66;C69;C72;C74;C96,True,1500.0
c201_21,COORDINATED_MPC_MCTS,0.0,59,411.7551818380836,3211.7551818380834,280,53,C1;C100;C16;C17;C18;C19;C20;C21;C22;C23;C24;C25;C26;C27;C29;C30;C32;C33;C34;C35;C37;C38;C49;C53;C54;C55;C56;C58;C59;C6;C60;C61;C64;C65;C66;C69;C70;C71;C72;C73;C74;C76;C77;C79;C80;C82;C87;C92;C94;C95;C96;C97;C98,True,2800.0
c201_21,COORDINATED_MPC_MCTS,0.0,60,427.7739348844596,3207.77393488446,278,52,C1;C100;C16;C17;C18;C19;C20;C21;C22;C23;C24;C25;C26;C27;C29;C30;C32;C33;C34;C35;C37;C38;C49;C53;C54;C55;C56;C58;C59;C6;C60;C61;C64;C65;C66;C69;C70;C71;C72;C73;C74;C76;C77;C79;C80;C82;C87;C92;C94;C95;C96;C97,True,2780.0
c201_21,COORDINATED_MPC_MCTS,0.0,61,392.1114554393216,3212.1114554393216,282,54,C1;C100;C16;C17;C18;C19;C20;C21;C22;C23;C24;C25;C26;C27;C29;C30;C31;C32;C33;C34;C35;C37;C38;C49;C53;C54;C55;C56;C58;C59;C6;C60;C61;C64;C65;C66;C69;C70;C71;C72;C73;C74;C76;C77;C79;C80;C82;C87;C92;C94;C95;C96;C97;C98,True,2820.0
c201_21,COORDINATED_MPC_MCTS,0.0,62,448.0908698255832,3208.0908698255835,276,52,C1;C100;C16;C17;C18;C19;C20;C21;C22;C23;C24;C25;C26;C27;C29;C30;C32;C33;C34;C35;C37;C38;C49;C53;C54;C55;C56;C58;C59;C6;C60;C61;C64;C65;C66;C69;C70;C71;C72;C73;C74;C76;C77;C79;C80;C82;C87;C92;C94;C95;C96;C97,True,2760.0000000000005
c201_21,COORDINATED_MPC_MCTS,0.0,63,383.1441592303063,3213.1441592303063,283,56,C1;C100;C15;C16;C17;C18;C19;C20;C21;C22;C23;C24;C25;C26;C27;C29;C30;C31;C32;C33;C34;C35;C37;C38;C49;C53;C54;C55;C56;C58;C59;C6;C60;C61;C64;C65;C66;C69;C70;C71;C72;C73;C74;C76;C77;C79;C80;C82;C87;C92;C94;C95;C96;C97;C98;C99,True,2830.0
c201_21,COORDINATED_MPC_MCTS,0.0,64,472.4954928193412,3212.495492819341,274,52,C1;C100;C16;C17;C18;C19;C20;C21;C22;C23;C24;C25;C26;C27;C29;C30;C32;C33;C34;C35;C37;C38;C49;C53;C54;C55;C56;C58;C59;C6;C60;C61;C64;C65;C66;C69;C70;C71;C72;C73;C74;C76;C77;C79;C80;C82;C87;C92;C94;C95;C96;C97,True,2740.0
c201_21,COORDINATED_MPC_MCTS,0.0,65,404.37890776031145,3214.3789077603114,281,53,C1;C100;C16;C17;C18;C19;C20;C21;C22;C23;C24;C25;C26;C27;C29;C30;C32;C33;C34;C35;C37;C38;C49;C53;C54;C55;C56;C58;C59;C6;C60;C61;C64;C65;C66;C69;C70;C71;C72;C73;C74;C76;C77;C79;C80;C82;C87;C92;C94;C95;C96;C97;C98,True,2810.0
c201_21,COORDINATED_MPC_MCTS,0.0,66,509.1996719849462,1269.1996719849462,76,39,C1;C100;C16;C17;C18;C19;C20;C21;C22;C23;C24;C25;C26;C27;C29;C30;C32;C33;C34;C35;C37;C38;C49;C54;C55;C6;C61;C64;C65;C66;C69;C72;C74;C77;C87;C92;C94;C96;C97,True,760.0
c201_21,COORDINATED_MPC_MCTS,0.0,66,1380.8329796377302,3210.83297963773,183,16,C20;C21;C22;C24;C27;C29;C30;C32;C33;C35;C37;C6;C64;C65;C66;C69,True,1830.0
c201_21,COORDINATED_MPC_MCTS,0.0,67,451.59534360761006,3211.59534360761,276,52,C1;C100;C16;C17;C18;C19;C20;C21;C22;C23;C24;C25;C26;C27;C29;C30;C32;C33;C34;C35;C37;C38;C49;C53;C54;C55;C56;C58;C59;C6;C60;C61;C64;C65;C66;C69;C70;C71;C72;C73;C74;C76;C77;C79;C80;C82;C87;C92;C94;C95;C96;C97,True,2760.0
c201_21,COORDINATED_MPC_MCTS,0.0,68,496.2799573365486,3196.2799573365487,270,52,C1;C100;C16;C17;C18;C19;C20;C21;C22;C23;C24;C25;C26;C27;C29;C30;C32;C33;C34;C35;C37;C38;C49;C53;C54;C55;C56;C58;C59;C6;C60;C61;C64;C65;C66;C69;C70;C71;C72;C73;C74;C76;C77;C79;C80;C82;C87;C92;C94;C95;C96;C97,True,2700.0
c201_21,COORDINATED_MPC_MCTS,0.0,16,397.0,3217.0,282,54,C1;C100;C16;C17;C18;C19;C20;C21;C22;C23;C24;C25;C26;C27;C29;C30;C31;C32;C33;C34;C35;C37;C38;C49;C53;C54;C55;C56;C58;C59;C6;C60;C61;C64;C65;C66;C69;C70;C71;C72;C73;C74;C76;C77;C79;C80;C82;C87;C92;C94;C95;C96;C97;C98,True,2820.0
c201_21,COORDINATED_MPC_MCTS,0.0,69,536.1296511808799,1076.12965118088,54,49,C1;C100;C16;C17;C18;C19;C20;C21;C22;C23;C24;C25;C26;C27;C29;C30;C32;C33;C35;C37;C38;C49;C53;C54;C55;C56;C58;C59;C6;C60;C61;C64;C65;C66;C69;C70;C71;C72;C73;C74;C76;C77;C79;C80;C87;C92;C94;C96;C97,True,540.0000000000001
c201_21,COORDINATED_MPC_MCTS,0.0,69,1206.12965118088,3216.12965118088,201,13,C20;C21;C22;C23;C24;C26;C27;C29;C30;C32;C33;C37;C6,True,2010.0
c201_21,COORDINATED_MPC_MCTS,0.0,70,531.4697775858947,2281.469777585895,175,49,C1;C100;C16;C17;C18;C19;C20;C21;C22;C23;C24;C25;C26;C27;C29;C30;C32;C33;C35;C37;C38;C49;C53;C54;C55;C56;C58;C59;C6;C60;C61;C64;C65;C66;C69;C70;C71;C72;C73;C74;C76;C77;C79;C80;C87;C92;C94;C96;C97,True,1750.0000000000002
c201_21,COORDINATED_MPC_MCTS,0.0,70,2429.0,3209.0,78,10,C20;C21;C22;C24;C27;C29;C30;C32;C69;C74,True,780.0
c201_21,COORDINATED_MPC_MCTS,0.0,71,975.0,3215.0,224,25,C17;C20;C21;C22;C23;C24;C25;C26;C27;C29;C30;C32;C33;C35;C37;C38;C6;C61;C64;C65;C66;C69;C74;C77;C87,True,2240.0
c201_21,COORDINATED_MPC_MCTS,0.0,72,514.4062560966447,3214.406256096645,270,49,C1;C100;C16;C17;C18;C19;C20;C21;C22;C23;C24;C25;C26;C27;C29;C30;C32;C33;C35;C37;C38;C49;C53;C54;C55;C56;C58;C59;C6;C60;C61;C64;C65;C66;C69;C70;C71;C72;C73;C74;C76;C77;C79;C80;C87;C92;C94;C96;C97,True,2700.0
c201_21,COORDINATED_MPC_MCTS,0.0,73,571.0166938612557,3211.0166938612556,264,48,C1;C100;C16;C17;C18;C19;C20;C21;C22;C23;C24;C25;C26;C27;C29;C30;C32;C33;C35;C37;C38;C49;C53;C54;C55;C56;C58;C59;C6;C60;C61;C64;C65;C66;C69;C70;C71;C72;C73;C74;C76;C77;C79;C80;C87;C92;C96;C97,True,2640.0
c201_21,COORDINATED_MPC_MCTS,0.0,74,628.6492939022977,3208.649293902298,258,40,C1;C100;C17;C18;C19;C20;C21;C22;C23;C24;C25;C26;C27;C29;C30;C32;C33;C37;C38;C49;C54;C55;C6;C61;C64;C65;C66;C69;C70;C71;C72;C73;C74;C76;C77;C79;C80;C87;C96;C97,True,2580.0
c201_21,COORDINATED_MPC_MCTS,0.0,75,630.3553390593274,680.3553390593274,5,46,C1;C100;C17;C18;C19;C20;C21;C22;C23;C24;C25;C26;C27;C29;C30;C32;C33;C35;C37;C38;C49;C53;C54;C55;C56;C58;C59;C6;C60;C61;C64;C65;C66;C69;C70;C71;C72;C73;C74;C76;C77;C79;C80;C87;C96;C97,True,50.0
c201_21,COORDINATED_MPC_MCTS,0.0,75,1030.0,1060.0,3,20,C20;C49;C53;C55;C56;C58;C60;C61;C64;C65;C66;C69;C72;C73;C74;C77;C79;C80;C87;C96,True,30.0
c201_21,COORDINATED_MPC_MCTS,0.0,75,1317.0,3217.0,190,14,C49;C53;C55;C56;C58;C61;C64;C65;C66;C69;C72;C74;C87;C96,True,1900.0
c201_21,COORDINATED_MPC_MCTS,0.0,76,576.6541698255832,3216.6541698255833,264,48,C1;C100;C16;C17;C18;C19;C20;C21;C22;C23;C24;C25;C26;C27;C29;C30;C32;C33;C35;C37;C38;C49;C53;C54;C55;C56;C58;C59;C6;C60;C61;C64;C65;C66;C69;C70;C71;C72;C73;C74;C76;C77;C79;C80;C87;C92;C96;C97,True,2640.0
c201_21,COORDINATED_MPC_MCTS,0.0,77,616.3320801323173,3216.332080132317,260,46,C1;C100;C17;C18;C19;C20;C21;C22;C23;C24;C25;C26;C27;C29;C30;C32;C33;C35;C37;C38;C49;C53;C54;C55;C56;C58;C59;C6;C60;C61;C64;C65;C66;C69;C70;C71;C72;C73;C74;C76;C77;C79;C80;C87;C96;C97,True,2600.0
c201_21,COORDINATED_MPC_MCTS,0.0,78,686.1357520739809,3216.135752073981,253,34,C1;C100;C17;C18;C19;C20;C21;C22;C23;C24;C25;C26;C27;C29;C30;C49;C6;C61;C64;C65;C66;C69;C70;C71;C72;C73;C74;C76;C77;C79;C80;C87;C96;C97,True,2530.0
c201_21,COORDINATED_MPC_MCTS,0.0,79,633.0627887508693,3213.0627887508695,258,46,C1;C100;C17;C18;C19;C20;C21;C22;C23;C24;C25;C26;C27;C29;C30;C32;C33;C35;C37;C38;C49;C53;C54;C55;C56;C58;C59;C6;C60;C61;C64;C65;C66;C69;C70;C71;C72;C73;C74;C76;C77;C79;C80;C87;C96;C97,True,2580.0
c201_21,COORDINATED_MPC_MCTS,0.0,80,678.5984391746322,3208.5984391746324,253,46,C1;C100;C17;C18;C19;C20;C21;C22;C23;C24;C25;C26;C27;C29;C30;C32;C33;C35;C37;C38;C49;C53;C54;C55;C56;C58;C59;C6;C60;C61;C64;C65;C66;C69;C70;C71;C72;C73;C74;C76;C77;C79;C80;C87;C96;C97,True,2530.0
c201_21,COORDINATED_MPC_MCTS,0.0,81,711.2040722106007,2241.2040722106008,153,28,C1;C100;C17;C18;C19;C20;C21;C22;C23;C24;C25;C26;C27;C29;C30;C61;C64;C65;C66;C69;C71;C72;C74;C76;C77;C79;C87;C96,True,1530.0
c201_21,COORDINATED_MPC_MCTS,0.0,81,2419.542013701541,3209.542013701541,79,12,C20;C21;C22;C24;C27;C29;C30;C32;C33;C6;C69;C74,True,790.0
c201_21,COORDINATED_MPC_MCTS,0.0,82,674.5567662987803,3214.5567662987805,254,46,C1;C100;C17;C18;C19;C20;C21;C22;C23;C24;C25;C26;C27;C29;C30;C32;C33;C35;C37;C38;C49;C53;C54;C55;C56;C58;C59;C6;C60;C61;C64;C65;C66;C69;C70;C71;C72;C73;C74;C76;C77;C79;C80;C87;C96;C97,True,2540.0
c201_21,COORDINATED_MPC_MCTS,0.0,83,698.4370012399039,3208.437001239904,251,45,C1;C100;C17;C18;C19;C20;C21;C22;C23;C24;C25;C26;C27;C29;C30;C32;C33;C35;C37;C38;C49;C53;C54;C55;C56;C58;C59;C6;C60;C61;C64;C65;C66;C69;C70;C71;C72;C73;C74;C76;C77;C79;C80;C87;C96,True,2510.0
c201_21,COORDINATED_MPC_MCTS,0.0,84,693.8533995234659,3213.8533995234657,252,45,C1;C100;C17;C18;C19;C20;C21;C22;C23;C24;C25;C26;C27;C29;C30;C32;C33;C35;C37;C38;C49;C53;C54;C55;C56;C58;C59;C6;C60;C61;C64;C65;C66;C69;C70;C71;C72;C73;C74;C76;C77;C79;C80;C87;C96,True,2520.0
c201_21,COORDINATED_MPC_MCTS,0.0,85,796.2799573365487,3196.2799573365487,240,41,C1;C17;C20;C21;C22;C23;C24;C25;C26;C27;C29;C30;C32;C33;C35;C37;C38;C49;C53;C54;C55;C56;C58;C59;C6;C60;C61;C64;C65;C66;C69;C70;C72;C73;C74;C76;C77;C79;C80;C87;C96,True,2400.0
c201_21,COORDINATED_MPC_MCTS,0.0,86,1076.0,1606.0,53,24,C17;C20;C21;C22;C23;C24;C25;C26;C27;C29;C30;C32;C49;C6;C61;C64;C65;C66;C69;C72;C74;C77;C87;C96,True,530.0
c201_21,COORDINATED_MPC_MCTS,0.0,86,1802.0,3212.0,141,7,C61;C64;C66;C69;C72;C74;C96,True,1410.0
c201_21,COORDINATED_MPC_MCTS,0.0,87,770.7074350522905,3200.7074350522907,243,44,C1;C100;C17;C18;C19;C20;C21;C22;C23;C24;C25;C26;C27;C29;C30;C32;C33;C35;C37;C38;C49;C53;C54;C55;C56;C58;C59;C6;C60;C61;C64;C65;C66;C69;C70;C72;C73;C74;C76;C77;C79;C80;C87;C96,True,2430.0
c201_21,COORDINATED_MPC_MCTS,0.0,88,771.7828314143208,3211.7828314143208,244,44,C1;C100;C17;C18;C19;C20;C21;C22;C23;C24;C25;C26;C27;C29;C30;C32;C33;C35;C37;C38;C49;C53;C54;C55;C56;C58;C59;C6;C60;C61;C64;C65;C66;C69;C70;C72;C73;C74;C76;C77;C79;C80;C87;C96,True,2440.0
c201_21,COORDINATED_MPC_MCTS,0.0,89,788.8942868536424,3208.8942868536424,242,43,C1;C100;C17;C19;C20;C21;C22;C23;C24;C25;C26;C27;C29;C30;C32;C33;C35;C37;C38;C49;C53;C54;C55;C56;C58;C59;C6;C60;C61;C64;C65;C66;C69;C70;C72;C73;C74;C76;C77;C79;C80;C87;C96,True,2420.0
c201_21,COORDINATED_MPC_MCTS,0.0,90,786.0705681091451,3216.070568109145,243,43,C1;C100;C17;C19;C20;C21;C22;C23;C24;C25;C26;C27;C29;C30;C32;C33;C35;C37;C38;C49;C53;C54;C55;C56;C58;C59;C6;C60;C61;C64;C65;C66;C69;C70;C72;C73;C74;C76;C77;C79;C80;C87;C96,True,2430.0
c201_21,COORDINATED_MPC_MCTS,0.0,91,916.9731523829619,3216.973152382962,230,31,C17;C20;C21;C22;C23;C24;C25;C26;C27;C29;C30;C32;C33;C35;C37;C38;C49;C55;C6;C61;C64;C65;C66;C69;C72;C74;C77;C79;C80;C87;C96,True,2300.0
c201_21,COORDINATED_MPC_MCTS,0.0,92,917.9455352331756,3207.9455352331756,229,29,C17;C20;C21;C22;C23;C24;C25;C26;C27;C29;C30;C32;C33;C35;C37;C38;C49;C55;C6;C61;C64;C65;C66;C69;C72;C74;C77;C87;C96,True,2290.0
c201_21,COORDINATED_MPC_MCTS,0.0,93,867.7828314143208,3207.7828314143208,234,38,C17;C20;C21;C22;C23;C24;C25;C26;C27;C29;C30;C32;C33;C35;C37;C38;C49;C53;C54;C55;C56;C58;C59;C6;C60;C61;C64;C65;C66;C69;C72;C73;C74;C77;C79;C80;C87;C96,True,2340.0
c201_21,COORDINATED_MPC_MCTS,0.0,94,857.7300636760259,3207.730063676026,235,38,C17;C20;C21;C22;C23;C24;C25;C26;C27;C29;C30;C32;C33;C35;C37;C38;C49;C53;C54;C55;C56;C58;C59;C6;C60;C61;C64;C65;C66;C69;C72;C73;C74;C77;C79;C80;C87;C96,True,2350.0
c201_21,COORDINATED_MPC_MCTS,0.0,95,858.6862134331933,3208.686213433193,235,38,C17;C20;C21;C22;C23;C24;C25;C26;C27;C29;C30;C32;C33;C35;C37;C38;C49;C53;C54;C55;C56;C58;C59;C6;C60;C61;C64;C65;C66;C69;C72;C73;C74;C77;C79;C80;C87;C96,True,2350.0
c201_21,COORDINATED_MPC_MCTS,0.0,96,938.4814898811014,1168.4814898811014,23,17,C49;C53;C54;C55;C61;C64;C65;C66;C69;C72;C73;C74;C77;C79;C80;C87;C96,True,230.0
c201_21,COORDINATED_MPC_MCTS,0.0,96,1263.866654688236,3213.866654688236,195,11,C49;C55;C61;C64;C65;C66;C69;C72;C74;C87;C96,True,1950.0
c201_21,COORDINATED_MPC_MCTS,0.0,97,923.1136911489352,3213.1136911489352,229,37,C17;C20;C21;C22;C23;C24;C25;C26;C27;C29;C30;C32;C33;C35;C37;C38;C49;C53;C54;C55;C56;C58;C6;C60;C61;C64;C65;C66;C69;C72;C73;C74;C77;C79;C80;C87;C96,True,2290.0
c201_21,COORDINATED_MPC_MCTS,0.0,98,944.873701239904,3214.873701239904,227,37,C17;C20;C21;C22;C23;C24;C25;C26;C27;C29;C30;C32;C33;C35;C37;C38;C49;C53;C54;C55;C56;C58;C6;C60;C61;C64;C65;C66;C69;C72;C73;C74;C77;C79;C80;C87;C96,True,2270.0
c201_21,COORDINATED_MPC_MCTS,0.0,99,951.339597713101,3211.3395977131013,226,37,C17;C20;C21;C22;C23;C24;C25;C26;C27;C29;C30;C32;C33;C35;C37;C38;C49;C53;C54;C55;C56;C58;C6;C60;C61;C64;C65;C66;C69;C72;C73;C74;C77;C79;C80;C87;C96,True,2260.0
c201_21,COORDINATED_MPC_MCTS,0.0,18,1174.0,3214.0,204,29,C20;C21;C22;C23;C24;C26;C27;C29;C30;C32;C33;C35;C37;C49;C53;C55;C56;C58;C6;C61;C64;C65;C66;C69;C72;C74;C77;C87;C96,True,2040.0
c201_21,COORDINATED_MPC_MCTS,0.0,1,1390.0161248385416,2420.0161248385416,103,23,C20;C21;C22;C24;C27;C29;C30;C32;C33;C35;C37;C49;C55;C6;C61;C64;C65;C66;C69;C72;C74;C87;C96,True,1030.0
c201_21,COORDINATED_MPC_MCTS,0.0,1,2536.699452966794,3216.699452966794,68,8,C20;C21;C22;C24;C27;C29;C30;C69,True,680.0
c201_21,COORDINATED_MPC_MCTS,0.0,6,1362.0,3212.0,185,26,C20;C21;C22;C24;C27;C29;C30;C32;C33;C35;C37;C49;C53;C55;C56;C58;C6;C61;C64;C65;C66;C69;C72;C74;C87;C96,True,1850.0
c201_21,COORDINATED_MPC_MCTS,0.0,5,1459.0,3209.0,175,24,C20;C21;C22;C24;C27;C29;C30;C32;C33;C35;C37;C49;C53;C55;C6;C61;C64;C65;C66;C69;C72;C74;C87;C96,True,1750.0
c201_21,COORDINATED_MPC_MCTS,0.0,7,2895.0,3215.0,32,4,C20;C21;C22;C24,True,320.0
c201_21,COORDINATED_MPC_MCTS,0.0,17,2093.0,3213.0,112,15,C20;C21;C22;C24;C27;C29;C30;C32;C33;C6;C61;C64;C69;C72;C74,True,1120.0
c201_21,COORDINATED_MPC_MCTS,0.0,12,2710.0,3210.0,50,7,C20;C21;C22;C24;C27;C30;C69,True,500.0
r101_21,GREEDY,0.0,48,37.0,47.0,1,0,,True,10.0
r101_21,INDEPENDENT_MPC_MCTS,0.0,96,67.47007744796778,77.47007744796778,1,0,,True,10.0
r101_21,COORDINATED_MPC_MCTS,0.0,3,106.0,196.0,9,15,C13;C14;C27;C37;C42;C44;C45;C47;C5;C82;C83;C87;C92;C93;C94,True,90.0
r101_21,COORDINATED_MPC_MCTS,0.0,12,47.25203581575347,197.25203581575346,15,19,C100;C14;C16;C17;C37;C42;C44;C45;C5;C83;C84;C85;C86;C87;C91;C92;C93;C94;C98,True,150.0
r101_21,COORDINATED_MPC_MCTS,0.0,16,36.295347250299,196.29534725029902,16,33,C10;C100;C11;C13;C14;C15;C16;C17;C26;C27;C28;C36;C37;C42;C44;C45;C47;C48;C5;C57;C7;C82;C83;C84;C85;C86;C87;C88;C91;C92;C93;C94;C98,True,160.0
r101_21,COORDINATED_MPC_MCTS,0.0,24,152.0,192.0,4,7,C12;C13;C14;C28;C37;C87;C94,True,40.0
r101_21,COORDINATED_MPC_MCTS,0.0,25,78.31096843746325,178.31096843746326,10,5,C10;C47;C49;C63;C88,True,100.00000000000001
r101_21,COORDINATED_MPC_MCTS,0.0,26,122.52230771205869,192.08753089784474,7,1,C77,True,69.56522318578605
r101_21,COORDINATED_MPC_MCTS,0.0,27,41.22606118446491,101.22606118446491,6,56,C10;C100;C12;C13;C14;C15;C16;C17;C20;C23;C24;C25;C26;C27;C28;C29;C30;C35;C36;C37;C38;C4;C41;C42;C44;C45;C47;C48;C49;C5;C51;C54;C55;C57;C63;C67;C7;C71;C72;C73;C77;C78;C79;C80;C82;C83;C84;C85;C86;C87;C88;C91;C92;C93;C94;C98,True,60.0
r101_21,COORDINATED_MPC_MCTS,0.0,27,176.2195444572929,193.06253491330017,2,0,,True,16.84299045600727
r101_21,COORDINATED_MPC_MCTS,0.0,28,121.0,191.0,7,1,C73,True,70.0
r101_21,COORDINATED_MPC_MCTS,0.0,29,54.71937700639745,194.71937700639745,14,19,C10;C11;C20;C27;C28;C30;C36;C45;C47;C48;C49;C51;C63;C7;C82;C83;C88;C90;C94,True,140.0
r101_21,COORDINATED_MPC_MCTS,0.0,30,66.33962682574393,196.33962682574395,13,31,C100;C12;C13;C14;C15;C23;C24;C25;C26;C27;C28;C29;C37;C4;C41;C42;C44;C5;C54;C57;C67;C73;C77;C80;C83;C85;C87;C92;C93;C94;C98,True,130.0
r101_21,COORDINATED_MPC_MCTS,0.0,11,54.02449729157663,194.02449729157664,14,22,C100;C13;C14;C15;C23;C37;C38;C41;C42;C44;C5;C57;C72;C73;C85;C86;C87;C91;C92;C93;C94;C98,True,140.0
r101_21,COORDINATED_MPC_MCTS,0.0,20,34.00709169499152,194.00709169499152,16,40,C10;C100;C13;C14;C15;C16;C17;C23;C26;C27;C28;C36;C37;C38;C4;C41;C42;C44;C45;C47;C48;C5;C55;C57;C7;C72;C73;C80;C82;C83;C84;C85;C86;C87;C88;C91;C92;C93;C94;C98,True,160.0
r101_21,COORDINATED_MPC_MCTS,0.0,31,44.2510603860233,204.2510603860233,16,56,C10;C100;C12;C13;C14;C15;C16;C17;C20;C23;C24;C25;C26;C27;C28;C29;C30;C34;C35;C37;C4;C41;C42;C44;C45;C47;C48;C5;C51;C54;C55;C56;C57;C63;C67;C7;C71;C72;C73;C75;C77;C78;C79;C80;C82;C83;C84;C85;C86;C87;C88;C91;C92;C93;C94;C98,True,160.0
r101_21,COORDINATED_MPC_MCTS,0.0,32,40.483067401704695,110.48306740170469,7,41,C10;C100;C11;C13;C14;C15;C16;C17;C20;C26;C27;C28;C30;C36;C37;C42;C44;C45;C47;C48;C49;C5;C51;C57;C63;C7;C77;C80;C82;C83;C84;C85;C86;C87;C88;C90;C91;C92;C93;C94;C98,True,70.0
r101_21,COORDINATED_MPC_MCTS,0.0,32,160.17073389556361,190.17073389556361,3,4,C13;C37;C82;C94,True,30.0
r101_21,COORDINATED_MPC_MCTS,0.0,33,37.01967382452393,97.01967382452392,6,47,C10;C100;C12;C13;C14;C15;C16;C17;C23;C25;C26;C27;C28;C30;C36;C37;C38;C4;C41;C42;C44;C45;C47;C48;C5;C51;C54;C55;C57;C7;C72;C73;C75;C77;C80;C82;C83;C84;C85;C86;C87;C88;C91;C92;C93;C94;C98,True,59.99999999999999
r101_21,COORDINATED_MPC_MCTS,0.0,34,67.47007744796778,177.47007744796778,11,6,C45;C47;C48;C7;C82;C83,True,110.0
r101_21,COORDINATED_MPC_MCTS,0.0,35,66.00178174603138,186.00178174603138,12,7,C10;C20;C30;C51;C63;C71;C88,True,120.0
r101_21,COORDINATED_MPC_MCTS,0.0,36,110.16227766016839,200.1622776601684,9,14,C13;C14;C27;C37;C42;C44;C45;C5;C57;C83;C87;C92;C93;C94,True,90.00000000000001
r101_21,COORDINATED_MPC_MCTS,0.0,37,47.50327544101073,197.50327544101071,15,23,C10;C12;C20;C27;C28;C29;C30;C33;C35;C51;C63;C65;C66;C7;C70;C71;C77;C78;C79;C80;C88;C9;C90,True,150.0
r101_21,COORDINATED_MPC_MCTS,0.0,38,104.0,174.0,7,7,C20;C24;C28;C29;C30;C51;C77,True,70.0
r101_21,COORDINATED_MPC_MCTS,0.0,39,67.34648921163108,197.34648921163108,13,16,C10;C12;C20;C24;C27;C28;C29;C30;C35;C51;C54;C71;C77;C78;C80;C88,True,130.0
r101_21,COORDINATED_MPC_MCTS,0.0,40,85.21499093760782,185.2149909376078,10,11,C10;C20;C27;C28;C29;C30;C35;C51;C63;C77;C88,True,99.99999999999999
r101_21,COORDINATED_MPC_MCTS,0.0,41,51.63367544101073,61.63367544101073,1,33,C10;C12;C20;C24;C25;C26;C27;C28;C29;C30;C35;C4;C45;C47;C48;C51;C54;C55;C63;C65;C66;C7;C71;C77;C78;C79;C80;C82;C83;C88;C9;C90;C94,True,10.0
r101_21,COORDINATED_MPC_MCTS,0.0,41,80.17767918632826,190.17767918632825,11,14,C10;C20;C24;C27;C28;C29;C30;C35;C51;C63;C71;C77;C80;C88,True,109.99999999999999
r101_21,COORDINATED_MPC_MCTS,0.0,5,69.0,189.0,12,26,C12;C13;C14;C15;C23;C24;C25;C26;C27;C28;C29;C37;C4;C41;C42;C54;C57;C67;C73;C77;C80;C87;C92;C93;C94;C98,True,120.0
r101_21,COORDINATED_MPC_MCTS,0.0,17,135.36358927452648,195.36358927452648,6,13,C12;C13;C14;C28;C37;C41;C51;C57;C82;C83;C87;C88;C94,True,60.0
r101_21,COORDINATED_MPC_MCTS,0.0,42,111.0,201.0,9,22,C10;C13;C14;C26;C27;C28;C37;C41;C42;C44;C47;C48;C5;C57;C73;C82;C83;C87;C88;C92;C93;C94,True,90.0
r101_21,COORDINATED_MPC_MCTS,0.0,43,59.337972334971234,199.33797233497123,14,45,C10;C12;C13;C15;C20;C23;C24;C25;C26;C27;C28;C29;C30;C35;C37;C4;C42;C45;C47;C48;C49;C5;C51;C54;C57;C63;C64;C7;C71;C72;C73;C77;C78;C80;C82;C83;C84;C87;C88;C9;C90;C92;C93;C94;C98,True,140.0
r101_21,COORDINATED_MPC_MCTS,0.0,10,26.68107943843352,56.68107943843352,3,64,C10;C100;C11;C12;C13;C14;C15;C16;C17;C20;C23;C24;C25;C26;C27;C28;C29;C30;C33;C34;C35;C36;C37;C38;C4;C41;C42;C44;C45;C47;C48;C49;C5;C51;C54;C55;C57;C63;C64;C66;C68;C7;C70;C71;C72;C73;C77;C78;C79;C80;C82;C83;C84;C85;C86;C87;C88;C9;C90;C91;C92;C93;C94;C98,True,30.0
r101_21,COORDINATED_MPC_MCTS,0.0,10,127.0,189.1591833714161,7,0,,True,62.159183371416106
r101_21,COORDINATED_MPC_MCTS,0.0,23,33.0,193.0,16,41,C100;C12;C13;C14;C15;C16;C22;C23;C24;C25;C26;C27;C28;C29;C37;C4;C41;C42;C44;C5;C51;C54;C55;C56;C57;C67;C68;C72;C73;C75;C77;C79;C80;C83;C85;C87;C91;C92;C93;C94;C98,True,160.0
r101_21,COORDINATED_MPC_MCTS,0.0,44,94.74409189056558,114.74409189056558,2,5,C45;C47;C48;C49;C82,True,20.0
r101_21,COORDINATED_MPC_MCTS,0.0,45,55.00178174603139,195.00178174603138,14,51,C10;C100;C12;C13;C14;C15;C20;C23;C24;C25;C26;C27;C28;C29;C30;C35;C37;C4;C41;C42;C44;C45;C47;C48;C49;C5;C51;C54;C57;C63;C67;C7;C71;C72;C73;C77;C78;C79;C80;C82;C83;C84;C85;C86;C87;C88;C91;C92;C93;C94;C98,True,140.0
r101_21,COORDINATED_MPC_MCTS,0.0,19,35.0,185.0,15,47,C10;C100;C11;C12;C13;C16;C17;C20;C26;C27;C28;C29;C30;C33;C35;C36;C37;C45;C47;C48;C49;C5;C51;C54;C63;C66;C68;C7;C70;C71;C77;C78;C79;C80;C82;C83;C84;C85;C87;C88;C9;C90;C91;C92;C93;C94;C98,True,150.0
r101_21,COORDINATED_MPC_MCTS,0.0,46,167.0,197.0,3,0,,True,30.0
r101_21,COORDINATED_MPC_MCTS,0.0,47,58.68286118446491,198.6828611844649,14,49,C10;C100;C12;C13;C14;C15;C20;C23;C24;C25;C26;C27;C28;C29;C30;C35;C37;C4;C41;C42;C44;C45;C47;C48;C49;C5;C51;C54;C57;C63;C67;C7;C71;C72;C73;C77;C80;C82;C83;C84;C85;C86;C87;C88;C91;C92;C93;C94;C98,True,140.0
r101_21,COORDINATED_MPC_MCTS,0.0,48,74.43835050828761,184.4383505082876,11,27,C12;C13;C14;C15;C23;C24;C25;C26;C27;C28;C29;C37;C4;C41;C42;C44;C54;C57;C67;C73;C77;C80;C87;C92;C93;C94;C98,True,110.0
r101_21,COORDINATED_MPC_MCTS,0.0,49,79.57614815929432,99.57614815929432,2,32,C10;C12;C13;C14;C15;C23;C24;C25;C26;C27;C28;C29;C37;C4;C41;C42;C44;C45;C5;C51;C57;C67;C73;C77;C80;C83;C87;C88;C92;C93;C94;C98,True,20.0
r101_21,COORDINATED_MPC_MCTS,0.0,49,155.2788205960997,195.2788205960997,4,6,C12;C13;C28;C37;C87;C94,True,40.0
r101_21,COORDINATED_MPC_MCTS,0.0,14,38.0,198.0,16,47,C10;C100;C12;C13;C14;C15;C16;C17;C23;C25;C26;C27;C28;C30;C36;C37;C38;C4;C41;C42;C44;C45;C47;C48;C5;C51;C54;C55;C57;C7;C72;C73;C77;C80;C82;C83;C84;C85;C86;C87;C88;C90;C91;C92;C93;C94;C98,True,160.0
r101_21,COORDINATED_MPC_MCTS,0.0,50,57.175190585428076,197.17519058542808,14,45,C10;C100;C12;C13;C14;C15;C23;C24;C25;C26;C27;C28;C29;C30;C37;C4;C41;C42;C44;C45;C47;C48;C5;C51;C54;C55;C57;C67;C7;C72;C73;C77;C80;C82;C83;C84;C85;C86;C87;C88;C91;C92;C93;C94;C98,True,140.0
r101_21,COORDINATED_MPC_MCTS,0.0,51,151.11774216321055,191.11774216321055,4,4,C12;C13;C28;C37,True,40.0
r101_21,COORDINATED_MPC_MCTS,0.0,6,44.0,204.0,16,54,C10;C100;C12;C13;C14;C15;C16;C17;C20;C23;C24;C25;C26;C27;C28;C29;C30;C37;C4;C41;C42;C44;C45;C47;C48;C5;C51;C54;C55;C56;C57;C67;C68;C7;C71;C72;C73;C75;C77;C78;C79;C80;C82;C83;C84;C85;C86;C87;C88;C91;C92;C93;C94;C98,True,160.0
r101_21,COORDINATED_MPC_MCTS,0.0,13,74.02775637731995,194.02775637731995,12,12,C12;C24;C25;C26;C27;C28;C29;C4;C51;C54;C77;C80,True,120.0
r101_21,COORDINATED_MPC_MCTS,0.0,52,92.05551275463989,178.62792017390677,9,3,C29;C51;C80,True,86.57240741926688
r101_21,COORDINATED_MPC_MCTS,0.0,53,68.39100126943362,198.39100126943362,13,46,C10;C100;C12;C13;C14;C15;C20;C23;C24;C25;C26;C27;C28;C29;C30;C35;C37;C4;C41;C42;C44;C45;C47;C48;C5;C51;C54;C57;C63;C67;C71;C73;C77;C80;C82;C83;C84;C85;C86;C87;C88;C91;C92;C93;C94;C98,True,130.0
r101_21,COORDINATED_MPC_MCTS,0.0,54,98.0,168.0,7,27,C10;C12;C13;C14;C15;C25;C26;C27;C28;C37;C41;C42;C44;C45;C47;C48;C5;C51;C57;C73;C82;C83;C87;C88;C92;C93;C94,True,70.0
r101_21,COORDINATED_MPC_MCTS,0.0,4,55.0,195.0,14,49,C10;C100;C12;C13;C14;C15;C20;C23;C24;C25;C26;C27;C28;C29;C30;C37;C4;C41;C42;C44;C45;C47;C48;C49;C5;C51;C54;C57;C63;C7;C71;C72;C73;C77;C78;C79;C80;C82;C83;C84;C85;C86;C87;C88;C91;C92;C93;C94;C98,True,140.0
r101_21,COORDINATED_MPC_MCTS,0.0,55,104.99109933673712,194.99109933673714,9,27,C10;C12;C13;C14;C20;C26;C27;C28;C30;C37;C42;C44;C45;C47;C48;C49;C5;C51;C57;C73;C77;C82;C83;C87;C88;C92;C94,True,90.00000000000001
r101_21,COORDINATED_MPC_MCTS,0.0,56,101.19432418566926,201.19432418566925,10,29,C10;C12;C13;C14;C15;C26;C27;C28;C30;C37;C41;C42;C44;C45;C47;C48;C49;C5;C51;C57;C73;C77;C82;C83;C87;C88;C92;C93;C94,True,99.99999999999999
r101_21,COORDINATED_MPC_MCTS,0.0,57,104.48967143596826,194.48967143596826,9,28,C10;C12;C13;C14;C26;C27;C28;C30;C37;C41;C42;C44;C45;C47;C48;C49;C5;C51;C57;C73;C77;C82;C83;C87;C88;C92;C93;C94,True,90.0
r101_21,COORDINATED_MPC_MCTS,0.0,58,93.0574714533769,193.0574714533769,10,19,C13;C14;C15;C27;C28;C37;C42;C44;C45;C5;C57;C82;C83;C85;C87;C92;C93;C94;C98,True,100.0
r101_21,COORDINATED_MPC_MCTS,0.0,59,181.0,191.0,1,0,,True,10.0
r101_21,COORDINATED_MPC_MCTS,0.0,60,105.6443406483238,185.6443406483238,8,18,C10;C13;C20;C27;C28;C30;C37;C45;C47;C48;C49;C5;C51;C77;C82;C83;C88;C94,True,80.0
r101_21,COORDINATED_MPC_MCTS,0.0,61,97.25106038602328,197.25106038602328,10,33,C10;C12;C13;C14;C15;C20;C23;C24;C25;C26;C27;C28;C30;C37;C41;C42;C44;C45;C47;C48;C5;C51;C57;C67;C73;C77;C82;C83;C87;C88;C92;C93;C94,True,100.0
r101_21,COORDINATED_MPC_MCTS,0.0,62,188.0,198.0,1,0,,True,10.0
r101_21,COORDINATED_MPC_MCTS,0.0,63,118.00092851819417,188.00092851819417,7,11,C13;C25;C26;C28;C41;C42;C57;C67;C73;C87;C94,True,70.0
r101_21,COORDINATED_MPC_MCTS,0.0,64,136.2515599949742,176.2515599949742,4,1,C51,True,40.0
r101_21,COORDINATED_MPC_MCTS,0.0,65,109.84259161016536,199.84259161016536,9,27,C10;C12;C13;C14;C26;C27;C28;C30;C37;C41;C42;C44;C45;C47;C48;C5;C51;C57;C73;C77;C82;C83;C87;C88;C92;C93;C94,True,90.0
r101_21,COORDINATED_MPC_MCTS,0.0,66,120.68464293049631,200.6846429304963,8,24,C10;C12;C13;C14;C20;C24;C26;C27;C28;C30;C37;C41;C42;C48;C5;C51;C57;C73;C77;C82;C83;C87;C88;C94,True,79.99999999999999
r101_21,COORDINATED_MPC_MCTS,0.0,67,135.20238954251857,185.20238954251857,5,3,C24;C25;C67,True,50.0
r101_21,COORDINATED_MPC_MCTS,0.0,68,135.20238954251857,185.20238954251857,5,3,C24;C25;C67,True,50.0
r101_21,COORDINATED_MPC_MCTS,0.0,7,105.0,195.0,9,30,C10;C12;C13;C14;C20;C25;C26;C27;C28;C30;C37;C41;C42;C44;C45;C47;C48;C49;C5;C51;C57;C73;C77;C82;C83;C87;C88;C92;C93;C94,True,90.0
r101_21,COORDINATED_MPC_MCTS,0.0,69,128.58890546573585,198.58890546573585,7,17,C12;C13;C14;C24;C27;C28;C30;C37;C41;C42;C51;C57;C73;C82;C87;C88;C94,True,70.0
r101_21,COORDINATED_MPC_MCTS,0.0,70,162.24273371044083,171.72405171076318,1,0,,True,9.481318000322347
r101_21,COORDINATED_MPC_MCTS,0.0,21,121.0,161.0,4,22,C10;C12;C13;C14;C20;C24;C26;C27;C28;C30;C37;C42;C48;C5;C51;C57;C77;C82;C83;C87;C88;C94,True,40.0
r101_21,COORDINATED_MPC_MCTS,0.0,21,180.0553851381374,200.0553851381374,2,2,C13;C28,True,20.0
r101_21,COORDINATED_MPC_MCTS,0.0,2,122.0,202.0,8,24,C10;C12;C13;C14;C20;C24;C26;C27;C28;C30;C37;C41;C42;C48;C5;C51;C57;C73;C77;C82;C83;C87;C88;C94,True,80.0
r101_21,COORDINATED_MPC_MCTS,0.0,72,184.0,194.0,1,2,C13;C28,True,10.0
r101_21,COORDINATED_MPC_MCTS,0.0,73,142.9862253173045,202.9862253173045,6,12,C12;C13;C14;C24;C28;C37;C41;C57;C82;C87;C88;C94,True,60.0
r101_21,COORDINATED_MPC_MCTS,0.0,15,128.0,188.0,6,14,C10;C12;C13;C20;C24;C27;C28;C30;C37;C51;C82;C87;C88;C94,True,60.0
r101_21,COORDINATED_MPC_MCTS,0.0,74,183.0,193.0,1,2,C13;C28,True,10.0
r101_21,COORDINATED_MPC_MCTS,0.0,75,175.91902610966395,195.91902610966395,2,1,C28,True,20.0
r101_21,COORDINATED_MPC_MCTS,0.0,18,165.0444050848239,185.0444050848239,2,2,C28;C82,True,20.0
r101_21,COORDINATED_MPC_MCTS,0.0,22,148.0,198.0,5,9,C13;C14;C28;C37;C57;C82;C87;C88;C94,True,50.0
r101_21,COORDINATED_MPC_MCTS,0.0,9,150.0,200.0,5,7,C12;C13;C28;C37;C82;C87;C94,True,50.0
r101_21,COORDINATED_MPC_MCTS,0.0,79,185.38477631085024,195.38477631085024,1,2,C13;C28,True,10.0
r101_21,COORDINATED_MPC_MCTS,0.0,1,161.0,201.0,4,6,C13;C28;C37;C51;C88;C94,True,40.0
r101_21,COORDINATED_MPC_MCTS,0.0,0,177.0,197.0,2,2,C13;C28,True,20.0
r101_21,GREEDY,0.5,21,37.0,42.75065452844574,1,0,,True,5.750654528445743
r201_21,INDEPENDENT_MPC_MCTS,0.0,71,17.24463974688947,27.24463974688947,1,33,C16;C2;C23;C3;C33;C35;C37;C38;C39;C43;C45;C47;C48;C54;C55;C56;C57;C60;C61;C63;C66;C68;C70;C72;C78;C79;C81;C85;C9;C91;C92;C94;C95,True,10.0
r201_21,COORDINATED_MPC_MCTS,0.0,3,510.0,900.0,39,28,C11;C16;C22;C24;C29;C3;C35;C36;C38;C41;C43;C44;C45;C47;C48;C49;C51;C55;C56;C60;C62;C63;C66;C82;C83;C85;C91;C94,True,390.0
r201_21,COORDINATED_MPC_MCTS,0.0,7,17.438623798912573,907.4386237989125,89,64,C10;C11;C14;C16;C18;C19;C2;C21;C22;C23;C24;C25;C29;C3;C30;C32;C33;C34;C35;C36;C38;C39;C41;C43;C44;C45;C46;C47;C48;C49;C5;C50;C51;C52;C54;C55;C56;C57;C59;C60;C61;C62;C63;C66;C67;C68;C72;C74;C76;C77;C78;C79;C8;C80;C82;C83;C84;C85;C88;C9;C91;C92;C94;C98,True,890.0
r201_21,COORDINATED_MPC_MCTS,0.0,27,17.438623798912573,907.4386237989125,89,64,C10;C11;C14;C16;C18;C19;C2;C21;C22;C23;C24;C25;C29;C3;C30;C32;C33;C34;C35;C36;C38;C39;C41;C43;C44;C45;C46;C47;C48;C49;C5;C50;C51;C52;C54;C55;C56;C57;C59;C60;C61;C62;C63;C66;C67;C68;C72;C74;C76;C77;C78;C79;C8;C80;C82;C83;C84;C85;C88;C9;C91;C92;C94;C98,True,890.0
r201_21,COORDINATED_MPC_MCTS,0.0,33,114.0,904.0,79,46,C10;C11;C14;C16;C18;C19;C22;C24;C29;C3;C32;C35;C36;C38;C39;C41;C43;C44;C45;C47;C48;C49;C51;C52;C55;C56;C57;C60;C61;C62;C63;C66;C68;C74;C77;C78;C80;C82;C83;C84;C85;C88;C9;C91;C92;C94,True,790.0
r201_21,COORDINATED_MPC_MCTS,0.0,40,50.242132300895335,930.2421323008953,88,55,C10;C11;C14;C16;C18;C19;C22;C23;C24;C29;C3;C32;C34;C35;C36;C38;C39;C41;C43;C44;C45;C46;C47;C48;C49;C5;C50;C51;C52;C55;C56;C57;C59;C60;C61;C62;C63;C66;C68;C72;C74;C76;C77;C78;C8;C80;C82;C83;C84;C85;C88;C9;C91;C92;C94,True,879.9999999999999
r201_21,COORDINATED_MPC_MCTS,0.0,41,45.43862379891257,55.43862379891257,1,57,C10;C11;C14;C16;C18;C19;C22;C23;C24;C29;C3;C32;C33;C34;C35;C36;C38;C39;C41;C43;C44;C45;C46;C47;C48;C49;C5;C50;C51;C52;C55;C56;C57;C59;C60;C61;C62;C63;C66;C67;C68;C72;C74;C76;C77;C78;C8;C80;C82;C83;C84;C85;C88;C9;C91;C92;C94,True,10.0
r201_21,COORDINATED_MPC_MCTS,0.0,41,101.50800139265544,901.5080013926554,80,48,C10;C11;C14;C16;C18;C19;C22;C24;C29;C3;C32;C34;C35;C36;C38;C39;C41;C43;C44;C45;C47;C48;C49;C51;C52;C55;C56;C57;C59;C60;C61;C62;C63;C66;C68;C74;C77;C78;C80;C82;C83;C84;C85;C88;C9;C91;C92;C94,True,800.0
r201_21,COORDINATED_MPC_MCTS,0.0,42,550.295630140987,920.295630140987,37,23,C16;C22;C24;C3;C35;C36;C38;C41;C44;C45;C47;C49;C51;C56;C60;C62;C63;C66;C82;C83;C85;C91;C94,True,370.0
r201_21,COORDINATED_MPC_MCTS,0.0,17,20.912197397691138,910.9121973976911,89,60,C10;C11;C14;C16;C18;C19;C22;C23;C24;C25;C29;C3;C32;C33;C34;C35;C36;C38;C39;C41;C43;C44;C45;C46;C47;C48;C49;C5;C50;C51;C52;C55;C56;C57;C59;C60;C61;C62;C63;C66;C67;C68;C72;C74;C76;C77;C78;C79;C8;C80;C82;C83;C84;C85;C88;C9;C91;C92;C94;C98,True,890.0
r201_21,COORDINATED_MPC_MCTS,0.0,12,22.0,52.0,3,60,C10;C11;C14;C16;C18;C19;C22;C23;C24;C25;C29;C3;C32;C33;C34;C35;C36;C38;C39;C41;C43;C44;C45;C46;C47;C48;C49;C5;C50;C51;C52;C55;C56;C57;C59;C60;C61;C62;C63;C66;C67;C68;C72;C74;C76;C77;C78;C79;C8;C80;C82;C83;C84;C85;C88;C9;C91;C92;C94;C98,True,30.0
r201_21,COORDINATED_MPC_MCTS,0.0,12,561.3656805548792,911.3656805548792,35,23,C16;C22;C24;C3;C35;C36;C38;C41;C44;C45;C47;C49;C51;C56;C60;C62;C63;C66;C82;C83;C85;C91;C94,True,350.0
r201_21,COORDINATED_MPC_MCTS,0.0,29,435.0,905.0,47,32,C10;C11;C16;C22;C24;C29;C3;C32;C35;C36;C38;C41;C43;C44;C45;C47;C48;C49;C51;C55;C56;C60;C61;C62;C63;C66;C74;C82;C83;C85;C91;C94,True,470.0
r201_21,COORDINATED_MPC_MCTS,0.0,21,52.0312195418814,922.0312195418815,87,54,C10;C11;C14;C16;C18;C19;C22;C23;C24;C29;C3;C32;C34;C35;C36;C38;C39;C41;C43;C44;C45;C46;C47;C48;C49;C5;C51;C52;C55;C56;C57;C59;C60;C61;C62;C63;C66;C68;C72;C74;C76;C77;C78;C8;C80;C82;C83;C84;C85;C88;C9;C91;C92;C94,True,870.0
r201_21,COORDINATED_MPC_MCTS,0.0,24,32.0,912.0,88,59,C10;C11;C14;C16;C18;C19;C22;C23;C24;C25;C29;C3;C32;C33;C34;C35;C36;C38;C39;C41;C43;C44;C45;C46;C47;C48;C49;C5;C50;C51;C52;C55;C56;C57;C59;C60;C61;C62;C63;C66;C67;C68;C72;C74;C76;C77;C78;C8;C80;C82;C83;C84;C85;C88;C9;C91;C92;C94;C98,True,880.0
r201_21,COORDINATED_MPC_MCTS,0.0,39,38.0,48.0,1,59,C10;C11;C14;C16;C18;C19;C22;C23;C24;C25;C29;C3;C32;C33;C34;C35;C36;C38;C39;C41;C43;C44;C45;C46;C47;C48;C49;C5;C50;C51;C52;C55;C56;C57;C59;C60;C61;C62;C63;C66;C67;C68;C72;C74;C76;C77;C78;C8;C80;C82;C83;C84;C85;C88;C9;C91;C92;C94;C98,True,10.0
r201_21,COORDINATED_MPC_MCTS,0.0,39,259.0,409.0,15,39,C10;C11;C16;C19;C22;C24;C29;C3;C32;C35;C36;C38;C41;C43;C44;C45;C47;C48;C49;C51;C55;C56;C57;C60;C61;C62;C63;C66;C68;C74;C82;C83;C84;C85;C88;C9;C91;C92;C94,True,150.0
r201_21,COORDINATED_MPC_MCTS,0.0,39,432.34166406412635,922.3416640641263,49,32,C10;C11;C16;C22;C24;C29;C3;C32;C35;C36;C38;C41;C43;C44;C45;C47;C48;C49;C51;C55;C56;C60;C61;C62;C63;C66;C74;C82;C83;C85;C91;C94,True,490.0
r201_21,COORDINATED_MPC_MCTS,0.0,43,78.45246728556761,908.4524672855675,83,50,C10;C11;C14;C16;C18;C19;C22;C23;C24;C29;C3;C32;C34;C35;C36;C38;C39;C41;C43;C44;C45;C47;C48;C49;C51;C52;C55;C56;C57;C59;C60;C61;C62;C63;C66;C68;C74;C76;C77;C78;C80;C82;C83;C84;C85;C88;C9;C91;C92;C94,True,829.9999999999999
r201_21,COORDINATED_MPC_MCTS,0.0,44,84.45321706018798,924.453217060188,84,50,C10;C11;C14;C16;C18;C19;C22;C23;C24;C29;C3;C32;C34;C35;C36;C38;C39;C41;C43;C44;C45;C47;C48;C49;C51;C52;C55;C56;C57;C59;C60;C61;C62;C63;C66;C68;C74;C76;C77;C78;C80;C82;C83;C84;C85;C88;C9;C91;C92;C94,True,840.0
r201_21,COORDINATED_MPC_MCTS,0.0,20,42.0,902.0,86,57,C10;C11;C14;C16;C18;C19;C22;C23;C24;C29;C3;C32;C33;C34;C35;C36;C38;C39;C41;C43;C44;C45;C46;C47;C48;C49;C5;C50;C51;C52;C55;C56;C57;C59;C60;C61;C62;C63;C66;C67;C68;C72;C74;C76;C77;C78;C8;C80;C82;C83;C84;C85;C88;C9;C91;C92;C94,True,860.0
r201_21,COORDINATED_MPC_MCTS,0.0,45,294.0,914.0,62,36,C10;C11;C16;C22;C24;C29;C3;C32;C35;C36;C38;C41;C43;C44;C45;C47;C48;C49;C51;C55;C56;C57;C60;C61;C62;C63;C66;C68;C74;C82;C83;C85;C88;C9;C91;C94,True,620.0
r201_21,COORDINATED_MPC_MCTS,0.0,19,51.0,711.0,66,55,C10;C11;C14;C16;C18;C19;C22;C23;C24;C29;C3;C32;C34;C35;C36;C38;C39;C41;C43;C44;C45;C46;C47;C48;C49;C5;C50;C51;C52;C55;C56;C57;C59;C60;C61;C62;C63;C66;C68;C72;C74;C76;C77;C78;C8;C80;C82;C83;C84;C85;C88;C9;C91;C92;C94,True,660.0
r201_21,COORDINATED_MPC_MCTS,0.0,19,775.0,905.0,13,9,C24;C3;C35;C36;C41;C45;C49;C51;C62,True,130.0
r201_21,COORDINATED_MPC_MCTS,0.0,46,97.4995152438178,897.4995152438178,80,50,C10;C11;C14;C16;C18;C19;C22;C23;C24;C29;C3;C32;C34;C35;C36;C38;C39;C41;C43;C44;C45;C47;C48;C49;C51;C52;C55;C56;C57;C59;C60;C61;C62;C63;C66;C68;C74;C76;C77;C78;C80;C82;C83;C84;C85;C88;C9;C91;C92;C94,True,800.0
r201_21,COORDINATED_MPC_MCTS,0.0,47,232.0,912.0,68,41,C10;C11;C16;C19;C22;C24;C29;C3;C32;C35;C36;C38;C41;C43;C44;C45;C47;C48;C49;C51;C52;C55;C56;C57;C60;C61;C62;C63;C66;C68;C74;C78;C82;C83;C84;C85;C88;C9;C91;C92;C94,True,680.0
r201_21,COORDINATED_MPC_MCTS,0.0,38,123.23606797749979,913.2360679774997,79,43,C10;C11;C14;C16;C19;C22;C24;C29;C3;C32;C35;C36;C38;C41;C43;C44;C45;C47;C48;C49;C51;C52;C55;C56;C57;C60;C61;C62;C63;C66;C68;C74;C78;C80;C82;C83;C84;C85;C88;C9;C91;C92;C94,True,789.9999999999999
r201_21,COORDINATED_MPC_MCTS,0.0,48,157.0555127546399,927.05551275464,77,42,C10;C11;C14;C16;C19;C22;C24;C29;C3;C32;C35;C36;C38;C41;C43;C44;C45;C47;C48;C49;C51;C52;C55;C56;C57;C60;C61;C62;C63;C66;C68;C74;C78;C82;C83;C84;C85;C88;C9;C91;C92;C94,True,770.0
r201_21,COORDINATED_MPC_MCTS,0.0,49,143.6977156035922,253.6977156035922,11,43,C10;C11;C14;C16;C19;C22;C24;C29;C3;C32;C35;C36;C38;C41;C43;C44;C45;C47;C48;C49;C51;C52;C55;C56;C57;C60;C61;C62;C63;C66;C68;C74;C78;C80;C82;C83;C84;C85;C88;C9;C91;C92;C94,True,110.0
r201_21,COORDINATED_MPC_MCTS,0.0,49,334.9429685829547,904.9429685829547,57,36,C10;C11;C16;C22;C24;C29;C3;C32;C35;C36;C38;C41;C43;C44;C45;C47;C48;C49;C51;C55;C56;C57;C60;C61;C62;C63;C66;C68;C74;C82;C83;C85;C88;C9;C91;C94,True,570.0
r201_21,COORDINATED_MPC_MCTS,0.0,32,123.0,413.0,29,44,C10;C11;C14;C16;C18;C19;C22;C24;C29;C3;C32;C35;C36;C38;C41;C43;C44;C45;C47;C48;C49;C51;C52;C55;C56;C57;C60;C61;C62;C63;C66;C68;C74;C78;C80;C82;C83;C84;C85;C88;C9;C91;C92;C94,True,290.0
r201_21,COORDINATED_MPC_MCTS,0.0,32,568.0,928.0,36,21,C16;C22;C24;C3;C35;C36;C38;C41;C44;C45;C47;C49;C51;C56;C60;C62;C63;C66;C82;C83;C85,True,360.0
r201_21,COORDINATED_MPC_MCTS,0.0,50,413.0,903.0,49,33,C10;C11;C16;C22;C24;C29;C3;C32;C35;C36;C38;C41;C43;C44;C45;C47;C48;C49;C51;C55;C56;C60;C61;C62;C63;C66;C74;C82;C83;C85;C9;C91;C94,True,490.0
r201_21,COORDINATED_MPC_MCTS,0.0,6,128.0,898.0,77,43,C10;C11;C14;C16;C19;C22;C24;C29;C3;C32;C35;C36;C38;C41;C43;C44;C45;C47;C48;C49;C51;C52;C55;C56;C57;C60;C61;C62;C63;C66;C68;C74;C78;C80;C82;C83;C84;C85;C88;C9;C91;C92;C94,True,770.0
r201_21,COORDINATED_MPC_MCTS,0.0,14,167.0384048104053,927.0384048104053,76,41,C10;C11;C16;C19;C22;C24;C29;C3;C32;C35;C36;C38;C41;C43;C44;C45;C47;C48;C49;C51;C52;C55;C56;C57;C60;C61;C62;C63;C66;C68;C74;C78;C82;C83;C84;C85;C88;C9;C91;C92;C94,True,760.0
r201_21,COORDINATED_MPC_MCTS,0.0,51,164.87724759782515,914.8772475978251,75,42,C10;C11;C14;C16;C19;C22;C24;C29;C3;C32;C35;C36;C38;C41;C43;C44;C45;C47;C48;C49;C51;C52;C55;C56;C57;C60;C61;C62;C63;C66;C68;C74;C78;C82;C83;C84;C85;C88;C9;C91;C92;C94,True,750.0
r201_21,COORDINATED_MPC_MCTS,0.0,52,206.8928687849894,896.8928687849893,69,41,C10;C11;C16;C19;C22;C24;C29;C3;C32;C35;C36;C38;C41;C43;C44;C45;C47;C48;C49;C51;C52;C55;C56;C57;C60;C61;C62;C63;C66;C68;C74;C78;C82;C83;C84;C85;C88;C9;C91;C92;C94,True,690.0
r201_21,COORDINATED_MPC_MCTS,0.0,53,253.31370849898477,923.3137084989847,67,40,C10;C11;C16;C19;C22;C24;C29;C3;C32;C35;C36;C38;C41;C43;C44;C45;C47;C48;C49;C51;C55;C56;C57;C60;C61;C62;C63;C66;C68;C74;C78;C82;C83;C84;C85;C88;C9;C91;C92;C94,True,670.0
r201_21,COORDINATED_MPC_MCTS,0.0,54,301.01562118716424,911.0156211871642,61,36,C10;C11;C16;C22;C24;C29;C3;C32;C35;C36;C38;C41;C43;C44;C45;C47;C48;C49;C51;C55;C56;C57;C60;C61;C62;C63;C66;C68;C74;C82;C83;C85;C88;C9;C91;C94,True,610.0
r201_21,COORDINATED_MPC_MCTS,0.0,55,324.0,894.0,57,36,C10;C11;C16;C22;C24;C29;C3;C32;C35;C36;C38;C41;C43;C44;C45;C47;C48;C49;C51;C55;C56;C57;C60;C61;C62;C63;C66;C68;C74;C82;C83;C85;C88;C9;C91;C94,True,570.0
r201_21,COORDINATED_MPC_MCTS,0.0,22,309.0,909.0,60,36,C10;C11;C16;C22;C24;C29;C3;C32;C35;C36;C38;C41;C43;C44;C45;C47;C48;C49;C51;C55;C56;C57;C60;C61;C62;C63;C66;C68;C74;C82;C83;C85;C88;C9;C91;C94,True,600.0
r201_21,COORDINATED_MPC_MCTS,0.0,9,367.0,917.0,55,36,C10;C11;C16;C22;C24;C29;C3;C32;C35;C36;C38;C41;C43;C44;C45;C47;C48;C49;C51;C55;C56;C57;C60;C61;C62;C63;C66;C68;C74;C82;C83;C85;C88;C9;C91;C94,True,550.0
r201_21,COORDINATED_MPC_MCTS,0.0,10,398.0,908.0,51,36,C10;C11;C16;C22;C24;C29;C3;C32;C35;C36;C38;C41;C43;C44;C45;C47;C48;C49;C51;C55;C56;C57;C60;C61;C62;C63;C66;C68;C74;C82;C83;C85;C88;C9;C91;C94,True,510.0
r201_21,COORDINATED_MPC_MCTS,0.0,56,427.23538406167137,917.2353840616713,49,32,C10;C11;C16;C22;C24;C29;C3;C32;C35;C36;C38;C41;C43;C44;C45;C47;C48;C49;C51;C55;C56;C60;C61;C62;C63;C66;C74;C82;C83;C85;C91;C94,True,489.99999999999994
r201_21,COORDINATED_MPC_MCTS,0.0,5,409.0,909.0,50,35,C10;C11;C16;C22;C24;C29;C3;C32;C35;C36;C38;C41;C43;C44;C45;C47;C48;C49;C51;C55;C56;C57;C60;C61;C62;C63;C66;C68;C74;C82;C83;C85;C9;C91;C94,True,500.0
r201_21,COORDINATED_MPC_MCTS,0.0,57,481.0,601.0,12,30,C11;C16;C22;C24;C29;C3;C32;C35;C36;C38;C41;C43;C44;C45;C47;C48;C49;C51;C55;C56;C60;C62;C63;C66;C74;C82;C83;C85;C91;C94,True,120.0
r201_21,COORDINATED_MPC_MCTS,0.0,57,634.4093998214393,894.4093998214393,26,17,C22;C24;C3;C35;C36;C41;C44;C45;C47;C49;C51;C56;C60;C62;C63;C66;C82,True,260.0
r201_21,COORDINATED_MPC_MCTS,0.0,58,470.4950975679639,900.495097567964,43,31,C10;C11;C16;C22;C24;C29;C3;C32;C35;C36;C38;C41;C43;C44;C45;C47;C48;C49;C51;C55;C56;C60;C62;C63;C66;C74;C82;C83;C85;C91;C94,True,430.00000000000006
r201_21,COORDINATED_MPC_MCTS,0.0,28,595.0,925.0,33,21,C16;C22;C24;C3;C35;C36;C38;C41;C44;C45;C47;C49;C51;C56;C60;C62;C63;C66;C82;C83;C85,True,330.0
r201_21,COORDINATED_MPC_MCTS,0.0,59,515.5967477524977,915.5967477524977,40,26,C11;C16;C22;C24;C29;C3;C35;C36;C38;C41;C44;C45;C47;C49;C51;C55;C56;C60;C62;C63;C66;C82;C83;C85;C91;C94,True,400.0
r201_21,COORDINATED_MPC_MCTS,0.0,60,554.1760149812701,894.1760149812701,34,23,C16;C22;C24;C3;C35;C36;C38;C41;C44;C45;C47;C49;C51;C56;C60;C62;C63;C66;C82;C83;C85;C91;C94,True,340.0
r201_21,COORDINATED_MPC_MCTS,0.0,4,540.0,760.0,22,26,C11;C16;C22;C24;C29;C3;C35;C36;C38;C41;C44;C45;C47;C49;C51;C55;C56;C60;C62;C63;C66;C82;C83;C85;C91;C94,True,220.0
r201_21,COORDINATED_MPC_MCTS,0.0,4,795.7099202643649,915.7099202643649,12,8,C24;C3;C35;C36;C41;C49;C51;C62,True,120.0
r201_21,COORDINATED_MPC_MCTS,0.0,37,711.0,911.0,20,14,C22;C24;C3;C35;C36;C41;C45;C49;C51;C56;C62;C63;C66;C82,True,200.0
r201_21,COORDINATED_MPC_MCTS,0.0,61,857.0,927.0,7,4,C24;C3;C41;C62,True,70.0
r201_21,COORDINATED_MPC_MCTS,0.0,34,547.0,857.0,31,24,C16;C22;C24;C3;C35;C36;C38;C41;C44;C45;C47;C49;C51;C55;C56;C60;C62;C63;C66;C82;C83;C85;C91;C94,True,310.0
r201_21,COORDINATED_MPC_MCTS,0.0,34,875.0622577482985,905.0622577482985,3,3,C24;C3;C62,True,30.0
r201_21,COORDINATED_MPC_MCTS,0.0,62,587.4630924234557,927.4630924234557,34,21,C16;C22;C24;C3;C35;C36;C38;C41;C44;C45;C47;C49;C51;C56;C60;C62;C63;C66;C82;C83;C85,True,340.0
r201_21,COORDINATED_MPC_MCTS,0.0,63,645.3037692529969,905.3037692529969,26,17,C22;C24;C3;C35;C36;C41;C44;C45;C47;C49;C51;C56;C60;C62;C63;C66;C82,True,260.0
r201_21,COORDINATED_MPC_MCTS,0.0,11,562.0,902.0,34,22,C16;C22;C24;C3;C35;C36;C38;C41;C44;C45;C47;C49;C51;C56;C60;C62;C63;C66;C82;C83;C85;C91,True,340.0
r201_21,COORDINATED_MPC_MCTS,0.0,18,566.0,916.0,35,22,C16;C22;C24;C3;C35;C36;C38;C41;C44;C45;C47;C49;C51;C56;C60;C62;C63;C66;C82;C83;C85;C91,True,350.0
r201_21,COORDINATED_MPC_MCTS,0.0,8,575.0,905.0,33,22,C16;C22;C24;C3;C35;C36;C38;C41;C44;C45;C47;C49;C51;C56;C60;C62;C63;C66;C82;C83;C85;C91,True,330.0
r201_21,COORDINATED_MPC_MCTS,0.0,2,576.0,906.0,33,22,C16;C22;C24;C3;C35;C36;C38;C41;C44;C45;C47;C49;C51;C56;C60;C62;C63;C66;C82;C83;C85;C91,True,330.0
r201_21,COORDINATED_MPC_MCTS,0.0,35,601.0,921.0,32,21,C16;C22;C24;C3;C35;C36;C38;C41;C44;C45;C47;C49;C51;C56;C60;C62;C63;C66;C82;C83;C85,True,320.0
r201_21,COORDINATED_MPC_MCTS,0.0,64,680.2518063399918,900.2518063399918,22,16,C22;C24;C3;C35;C36;C41;C45;C47;C49;C51;C56;C60;C62;C63;C66;C82,True,220.0
r201_21,COORDINATED_MPC_MCTS,0.0,65,742.0492913653212,902.0492913653212,16,12,C24;C3;C35;C36;C41;C45;C49;C51;C56;C62;C63;C82,True,160.0
r201_21,COORDINATED_MPC_MCTS,0.0,26,689.0,909.0,22,15,C22;C24;C3;C35;C36;C41;C45;C47;C49;C51;C56;C62;C63;C66;C82,True,220.0
r201_21,COORDINATED_MPC_MCTS,0.0,25,739.4339811320566,919.4339811320566,18,12,C24;C3;C35;C36;C41;C45;C49;C51;C56;C62;C63;C82,True,180.0
r201_21,COORDINATED_MPC_MCTS,0.0,31,729.0,899.0,17,12,C24;C3;C35;C36;C41;C45;C49;C51;C56;C62;C63;C82,True,170.0
r201_21,COORDINATED_MPC_MCTS,0.0,16,743.0,763.0,2,12,C24;C3;C35;C36;C41;C45;C49;C51;C56;C62;C63;C82,True,20.0
r201_21,COORDINATED_MPC_MCTS,0.0,16,818.8802789878179,908.8802789878179,9,8,C24;C3;C35;C36;C41;C49;C51;C62,True,90.0
r201_21,COORDINATED_MPC_MCTS,0.0,15,763.0,923.0,16,10,C24;C3;C35;C36;C41;C45;C49;C51;C62;C63,True,160.0
r201_21,COORDINATED_MPC_MCTS,0.0,23,860.0,930.0,7,3,C24;C3;C62,True,70.0
r201_21,COORDINATED_MPC_MCTS,0.0,30,871.0,901.0,3,2,C3;C62,True,30.0
r201_21,COORDINATED_MPC_MCTS,0.0,1,884.0,904.0,2,2,C3;C62,True,20.0
r201_21,COORDINATED_MPC_MCTS,0.0,0,887.0,897.0,1,2,C3;C62,True,10.0
r201_21,COORDINATED_MPC_MCTS,0.0,13,888.0,898.0,1,2,C3;C62,True,10.0
rc101_21,INDEPENDENT_MPC_MCTS,0.0,1,83.52454108589147,93.52454108589147,1,0,,True,10.0
rc101_21,COORDINATED_MPC_MCTS,0.0,11,20.0,180.0,16,67,C1;C10;C11;C12;C13;C14;C15;C16;C17;C18;C19;C2;C20;C21;C22;C23;C24;C25;C29;C3;C31;C34;C35;C36;C37;C38;C39;C4;C40;C42;C43;C44;C45;C46;C47;C48;C49;C5;C50;C51;C54;C57;C58;C59;C6;C60;C61;C63;C67;C7;C70;C73;C74;C76;C77;C78;C79;C8;C84;C85;C86;C87;C88;C9;C90;C94;C97,True,160.0
rc101_21,COORDINATED_MPC_MCTS,0.0,38,65.05652449978804,195.05652449978805,13,35,C1;C12;C15;C16;C17;C20;C22;C24;C27;C28;C29;C3;C30;C31;C33;C34;C35;C36;C38;C39;C40;C46;C5;C50;C51;C54;C60;C61;C67;C7;C74;C8;C86;C9;C94,True,130.0
rc101_21,COORDINATED_MPC_MCTS,0.0,39,46.36486298086906,176.36486298086908,13,53,C1;C10;C11;C12;C13;C15;C16;C17;C18;C2;C20;C21;C22;C23;C24;C25;C27;C29;C3;C30;C31;C33;C34;C35;C38;C39;C4;C40;C43;C46;C47;C48;C49;C5;C50;C51;C54;C58;C60;C61;C63;C67;C7;C74;C75;C77;C8;C85;C86;C89;C9;C94;C97,True,130.0
rc101_21,COORDINATED_MPC_MCTS,0.0,40,70.04996878900158,150.04996878900158,8,14,C18;C20;C21;C22;C23;C24;C25;C48;C49;C51;C74;C77;C85;C86,True,80.0
rc101_21,COORDINATED_MPC_MCTS,0.0,41,72.42640687119285,132.42640687119285,6,10,C10;C11;C15;C16;C58;C74;C77;C86;C9;C97,True,60.0
rc101_21,COORDINATED_MPC_MCTS,0.0,41,148.75096219152962,168.75096219152962,2,1,C86,True,20.0
rc101_21,COORDINATED_MPC_MCTS,0.0,42,39.753814664293444,179.75381466429343,14,49,C1;C10;C11;C12;C13;C15;C16;C17;C18;C2;C20;C21;C22;C23;C24;C25;C29;C3;C31;C32;C33;C34;C38;C39;C43;C46;C47;C48;C49;C50;C51;C54;C58;C60;C61;C63;C67;C7;C74;C77;C8;C85;C86;C87;C89;C9;C90;C94;C97,True,140.0
rc101_21,COORDINATED_MPC_MCTS,0.0,26,23.58931713031503,193.58931713031504,17,36,C1;C10;C11;C12;C13;C14;C15;C16;C17;C2;C20;C3;C38;C39;C4;C43;C45;C46;C47;C5;C54;C6;C60;C61;C7;C70;C73;C74;C78;C79;C8;C86;C87;C88;C9;C90,True,170.0
rc101_21,COORDINATED_MPC_MCTS,0.0,10,49.65459382795402,189.65459382795402,14,51,C1;C10;C11;C12;C13;C15;C16;C17;C18;C2;C20;C21;C22;C23;C24;C25;C27;C29;C3;C30;C31;C33;C34;C35;C38;C39;C40;C43;C46;C47;C48;C49;C5;C50;C51;C54;C58;C60;C61;C67;C7;C74;C75;C77;C8;C85;C86;C89;C9;C94;C97,True,140.0
rc101_21,COORDINATED_MPC_MCTS,0.0,43,45.492405642705975,185.492405642706,14,54,C1;C10;C11;C12;C15;C16;C17;C18;C2;C20;C21;C22;C23;C24;C25;C27;C28;C29;C3;C30;C31;C32;C33;C34;C35;C38;C39;C40;C43;C46;C47;C48;C49;C5;C50;C51;C54;C58;C60;C61;C63;C67;C7;C74;C75;C77;C8;C85;C86;C87;C89;C9;C94;C97,True,140.0
rc101_21,COORDINATED_MPC_MCTS,0.0,28,176.43327716188793,186.43327716188793,1,0,,True,10.0
rc101_21,COORDINATED_MPC_MCTS,0.0,6,26.25629067480782,186.25629067480781,16,70,C1;C10;C11;C12;C13;C14;C15;C16;C17;C18;C2;C20;C21;C22;C23;C24;C25;C26;C27;C28;C29;C3;C30;C31;C32;C33;C34;C35;C36;C37;C38;C39;C4;C40;C43;C45;C46;C47;C48;C49;C5;C50;C51;C54;C57;C58;C60;C61;C63;C67;C7;C70;C73;C74;C75;C76;C77;C78;C79;C8;C84;C85;C86;C87;C88;C89;C9;C90;C94;C97,True,160.0
rc101_21,COORDINATED_MPC_MCTS,0.0,21,90.68054997155893,190.68054997155895,10,6,C1;C3;C46;C5;C7;C8,True,100.00000000000001
rc101_21,COORDINATED_MPC_MCTS,0.0,31,26.25629067480782,36.256290674807815,1,70,C1;C10;C11;C12;C13;C14;C15;C16;C17;C18;C2;C20;C21;C22;C23;C24;C25;C26;C27;C28;C29;C3;C30;C31;C32;C33;C34;C35;C36;C37;C38;C39;C4;C40;C43;C45;C46;C47;C48;C49;C5;C50;C51;C54;C57;C58;C60;C61;C63;C67;C7;C70;C73;C74;C75;C76;C77;C78;C79;C8;C84;C85;C86;C87;C88;C89;C9;C90;C94;C97,True,9.999999999999996
rc101_21,COORDINATED_MPC_MCTS,0.0,31,83.0,173.0,9,24,C21;C23;C24;C25;C27;C28;C29;C30;C31;C33;C34;C35;C48;C50;C51;C54;C60;C61;C67;C74;C86;C89;C9;C94,True,90.0
rc101_21,COORDINATED_MPC_MCTS,0.0,45,63.182114710480334,173.18211471048033,11,25,C10;C11;C12;C15;C16;C17;C18;C20;C21;C22;C23;C24;C25;C48;C49;C50;C51;C58;C60;C74;C77;C86;C9;C94;C97,True,110.0
rc101_21,COORDINATED_MPC_MCTS,0.0,30,58.83706803511329,88.83706803511329,3,24,C1;C10;C11;C12;C15;C16;C17;C2;C20;C22;C24;C3;C46;C47;C49;C5;C60;C7;C74;C77;C8;C86;C9;C97,True,30.0
rc101_21,COORDINATED_MPC_MCTS,0.0,30,104.66801992995859,174.66801992995858,7,8,C16;C17;C46;C60;C74;C86;C9;C97,True,69.99999999999999
rc101_21,COORDINATED_MPC_MCTS,0.0,37,26.364862980869063,176.36486298086908,15,64,C1;C10;C11;C12;C13;C14;C15;C16;C17;C18;C2;C20;C21;C22;C23;C24;C25;C27;C29;C3;C30;C31;C32;C33;C34;C35;C37;C38;C39;C4;C40;C43;C46;C47;C48;C49;C5;C50;C51;C54;C58;C60;C61;C63;C67;C7;C70;C73;C74;C75;C77;C78;C79;C8;C84;C85;C86;C87;C88;C89;C9;C90;C94;C97,True,150.0
rc101_21,COORDINATED_MPC_MCTS,0.0,46,83.4736825679865,173.4736825679865,9,7,C10;C11;C16;C74;C86;C9;C97,True,89.99999999999999
rc101_21,COORDINATED_MPC_MCTS,0.0,47,47.26321084741697,77.26321084741697,3,48,C1;C10;C11;C12;C15;C16;C17;C18;C2;C20;C21;C22;C23;C24;C25;C29;C3;C30;C31;C32;C33;C34;C35;C38;C39;C43;C46;C47;C48;C49;C5;C50;C51;C54;C58;C60;C61;C67;C7;C74;C77;C8;C85;C86;C89;C9;C94;C97,True,30.0
rc101_21,COORDINATED_MPC_MCTS,0.0,47,141.6777669012076,171.6777669012076,3,2,C21;C48,True,30.0
rc101_21,COORDINATED_MPC_MCTS,0.0,48,114.76823882036075,174.76823882036075,6,3,C21;C25;C48,True,60.0
rc101_21,COORDINATED_MPC_MCTS,0.0,19,93.0,183.0,9,17,C1;C16;C17;C3;C35;C39;C40;C46;C5;C50;C54;C60;C61;C7;C8;C9;C94,True,90.0
rc101_21,COORDINATED_MPC_MCTS,0.0,49,73.48240304971473,203.48240304971472,13,29,C1;C12;C16;C20;C27;C28;C29;C3;C30;C31;C34;C35;C36;C38;C39;C40;C46;C5;C50;C51;C54;C60;C61;C67;C7;C8;C86;C9;C94,True,130.0
rc101_21,COORDINATED_MPC_MCTS,0.0,17,32.0,182.0,15,47,C1;C10;C11;C12;C13;C15;C16;C17;C18;C2;C20;C21;C22;C24;C25;C3;C38;C39;C4;C43;C46;C47;C48;C49;C5;C50;C51;C54;C58;C60;C61;C7;C73;C74;C77;C78;C79;C8;C84;C85;C86;C87;C88;C9;C90;C94;C97,True,150.0
rc101_21,COORDINATED_MPC_MCTS,0.0,8,87.0,177.0,9,21,C1;C11;C12;C16;C17;C24;C3;C40;C46;C5;C51;C54;C60;C61;C7;C74;C8;C86;C9;C94;C97,True,90.0
rc101_21,COORDINATED_MPC_MCTS,0.0,16,140.6124969497314,190.6124969497314,5,3,C1;C5;C60,True,50.0
rc101_21,COORDINATED_MPC_MCTS,0.0,20,32.304971753586166,52.304971753586166,2,54,C1;C10;C11;C12;C13;C15;C16;C17;C18;C2;C20;C21;C22;C23;C24;C25;C3;C35;C36;C37;C38;C39;C4;C40;C43;C46;C47;C48;C49;C5;C50;C51;C54;C58;C60;C61;C67;C7;C73;C74;C75;C77;C78;C79;C8;C84;C85;C86;C87;C88;C9;C90;C94;C97,True,20.0
rc101_21,COORDINATED_MPC_MCTS,0.0,20,121.0,181.0,6,5,C16;C17;C60;C86;C9,True,60.0
rc101_21,COORDINATED_MPC_MCTS,0.0,50,111.74380465692536,191.74380465692536,8,3,C35;C39;C40,True,80.0
rc101_21,COORDINATED_MPC_MCTS,0.0,9,36.0,66.0,3,47,C1;C10;C11;C12;C13;C15;C16;C17;C18;C2;C20;C22;C24;C3;C35;C36;C38;C39;C4;C40;C43;C46;C47;C48;C49;C5;C50;C51;C54;C58;C60;C61;C63;C67;C7;C74;C79;C8;C84;C85;C86;C87;C88;C9;C90;C94;C97,True,30.0
rc101_21,COORDINATED_MPC_MCTS,0.0,9,98.36067977499789,108.36067977499789,1,7,C1;C3;C46;C5;C60;C7;C8,True,10.0
rc101_21,COORDINATED_MPC_MCTS,0.0,9,125.43174758686337,185.43174758686337,6,4,C1;C3;C5;C60,True,60.0
rc101_21,COORDINATED_MPC_MCTS,0.0,51,81.05652449978804,201.05652449978805,12,27,C1;C12;C16;C17;C27;C28;C29;C3;C30;C34;C35;C38;C39;C40;C46;C5;C50;C51;C54;C60;C61;C67;C7;C8;C86;C9;C94,True,120.00000000000001
rc101_21,COORDINATED_MPC_MCTS,0.0,52,104.0,184.0,8,18,C1;C16;C17;C3;C35;C40;C46;C5;C51;C54;C60;C61;C7;C74;C86;C9;C94;C97,True,80.0
rc101_21,COORDINATED_MPC_MCTS,0.0,53,63.742265174595865,183.74226517459587,12,48,C1;C10;C11;C12;C15;C16;C17;C18;C2;C20;C21;C22;C23;C24;C25;C26;C27;C28;C29;C3;C30;C31;C33;C34;C35;C38;C39;C40;C46;C48;C49;C5;C50;C51;C54;C60;C61;C67;C7;C74;C77;C8;C85;C86;C89;C9;C94;C97,True,120.0
rc101_21,COORDINATED_MPC_MCTS,0.0,36,40.014443432804,190.014443432804,15,27,C1;C10;C11;C12;C15;C16;C17;C2;C3;C35;C36;C38;C39;C4;C40;C43;C46;C47;C5;C54;C60;C61;C7;C79;C8;C9;C90,True,150.0
rc101_21,COORDINATED_MPC_MCTS,0.0,54,99.72557111962045,179.72557111962044,8,8,C16;C17;C46;C60;C74;C86;C9;C97,True,79.99999999999999
rc101_21,COORDINATED_MPC_MCTS,0.0,55,94.0,184.0,9,8,C1;C3;C46;C5;C60;C61;C7;C8,True,90.0
rc101_21,COORDINATED_MPC_MCTS,0.0,56,88.48521155614668,178.48521155614668,9,11,C1;C12;C16;C17;C3;C46;C5;C60;C7;C8;C9,True,90.0
rc101_21,COORDINATED_MPC_MCTS,0.0,12,41.0,191.0,15,54,C1;C10;C11;C12;C13;C15;C16;C17;C18;C2;C20;C21;C22;C23;C24;C25;C29;C3;C30;C31;C32;C33;C34;C35;C38;C39;C4;C40;C43;C46;C47;C48;C49;C5;C50;C51;C54;C58;C60;C61;C63;C67;C7;C74;C77;C8;C85;C86;C87;C89;C9;C90;C94;C97,True,150.0
rc101_21,COORDINATED_MPC_MCTS,0.0,57,155.0,195.0,4,4,C54;C60;C61;C67,True,40.0
rc101_21,COORDINATED_MPC_MCTS,0.0,58,87.5191100102129,187.5191100102129,10,19,C21;C24;C25;C27;C28;C29;C30;C31;C33;C34;C35;C48;C50;C51;C54;C61;C67;C89;C94,True,100.0
rc101_21,COORDINATED_MPC_MCTS,0.0,59,95.41611136040234,105.41611136040234,1,11,C21;C24;C29;C30;C31;C33;C34;C48;C50;C51;C89,True,10.0
rc101_21,COORDINATED_MPC_MCTS,0.0,59,151.86259138333594,172.78725603610098,3,0,,True,20.924664652765046
rc101_21,COORDINATED_MPC_MCTS,0.0,60,70.1698002329153,180.1698002329153,11,44,C1;C10;C11;C12;C15;C16;C17;C18;C20;C21;C22;C23;C24;C25;C27;C28;C29;C3;C30;C31;C33;C34;C35;C39;C40;C46;C48;C49;C5;C50;C51;C54;C60;C61;C67;C7;C74;C77;C8;C86;C89;C9;C94;C97,True,109.99999999999999
rc101_21,COORDINATED_MPC_MCTS,0.0,35,47.584993432804,187.584993432804,14,33,C1;C10;C11;C12;C15;C16;C17;C2;C20;C22;C24;C3;C35;C38;C39;C4;C40;C43;C46;C47;C5;C50;C51;C54;C60;C61;C67;C7;C74;C8;C86;C9;C94,True,140.0
rc101_21,COORDINATED_MPC_MCTS,0.0,32,117.1623969968586,181.977828687151,7,4,C27;C29;C30;C34,True,64.8154316902924
rc101_21,COORDINATED_MPC_MCTS,0.0,7,54.0,204.0,15,49,C1;C10;C11;C12;C15;C16;C17;C18;C2;C20;C21;C22;C23;C24;C25;C26;C27;C28;C29;C3;C30;C31;C33;C34;C35;C38;C39;C40;C43;C46;C48;C49;C5;C50;C51;C54;C60;C61;C67;C7;C74;C77;C8;C85;C86;C89;C9;C94;C97,True,150.0
rc101_21,COORDINATED_MPC_MCTS,0.0,23,54.0,184.0,13,32,C1;C18;C2;C20;C22;C24;C26;C27;C28;C29;C3;C30;C31;C32;C33;C34;C35;C38;C39;C40;C43;C46;C49;C5;C50;C51;C54;C60;C61;C67;C85;C94,True,130.0
rc101_21,COORDINATED_MPC_MCTS,0.0,27,60.0,190.0,13,24,C2;C20;C26;C27;C28;C29;C30;C31;C32;C33;C34;C35;C38;C39;C40;C43;C50;C51;C54;C60;C61;C67;C85;C94,True,130.0
rc101_21,COORDINATED_MPC_MCTS,0.0,18,61.0,181.0,12,35,C1;C10;C11;C12;C15;C16;C17;C18;C2;C20;C21;C22;C23;C24;C25;C3;C46;C47;C48;C49;C5;C50;C51;C54;C58;C60;C61;C7;C74;C77;C8;C86;C9;C94;C97,True,120.0
rc101_21,COORDINATED_MPC_MCTS,0.0,61,87.1739093339161,187.1739093339161,10,28,C1;C11;C12;C16;C17;C21;C24;C25;C3;C34;C35;C40;C46;C48;C5;C50;C51;C54;C60;C61;C67;C7;C74;C86;C89;C9;C94;C97,True,100.0
rc101_21,COORDINATED_MPC_MCTS,0.0,62,132.265764728194,165.84247826799378,4,2,C29;C30,True,33.57671353979978
rc101_21,COORDINATED_MPC_MCTS,0.0,25,68.0,178.0,11,25,C10;C11;C12;C15;C16;C17;C18;C20;C21;C22;C23;C24;C25;C48;C49;C50;C51;C58;C60;C74;C77;C86;C9;C94;C97,True,110.0
rc101_21,COORDINATED_MPC_MCTS,0.0,63,123.96935501057533,193.96935501057533,7,13,C21;C29;C30;C34;C40;C48;C51;C54;C60;C61;C67;C86;C89,True,70.0
rc101_21,COORDINATED_MPC_MCTS,0.0,64,118.93229018124333,168.93229018124333,5,6,C21;C25;C48;C51;C86;C89,True,50.0
rc101_21,COORDINATED_MPC_MCTS,0.0,22,129.0,179.0,5,5,C21;C48;C51;C86;C89,True,50.0
rc101_21,COORDINATED_MPC_MCTS,0.0,24,116.0,176.0,6,5,C21;C25;C48;C51;C86,True,60.0
rc101_21,COORDINATED_MPC_MCTS,0.0,66,169.0,179.0,1,1,C60,True,10.0
rc101_21,COORDINATED_MPC_MCTS,0.0,67,125.0964591696703,175.0964591696703,5,5,C16;C17;C60;C86;C97,True,50.000000000000014
rc101_21,COORDINATED_MPC_MCTS,0.0,4,86.0,186.0,10,33,C1;C12;C16;C17;C21;C24;C25;C27;C28;C29;C3;C30;C31;C33;C34;C35;C39;C40;C46;C48;C5;C50;C51;C54;C60;C61;C67;C74;C86;C89;C9;C94;C97,True,100.0
rc101_21,COORDINATED_MPC_MCTS,0.0,68,106.59846080306079,186.5984608030608,8,18,C1;C16;C17;C21;C25;C34;C48;C51;C54;C60;C61;C67;C74;C86;C89;C9;C94;C97,True,80.0
rc101_21,COORDINATED_MPC_MCTS,0.0,71,169.45581828333235,171.02852682720794,1,0,,True,1.5727085438755921
rc101_21,COORDINATED_MPC_MCTS,0.0,5,180.0,190.0,1,3,C54;C61;C67,True,10.0
rc101_21,COORDINATED_MPC_MCTS,0.0,29,116.0,186.0,7,9,C1;C34;C35;C40;C51;C54;C60;C61;C67,True,70.0
rc101_21,COORDINATED_MPC_MCTS,0.0,33,120.0,180.0,6,6,C1;C35;C40;C5;C54;C61,True,60.0
rc101_21,COORDINATED_MPC_MCTS,0.0,0,124.0,174.0,5,14,C1;C16;C17;C21;C40;C48;C5;C51;C54;C60;C61;C67;C86;C97,True,50.0
rc101_21,COORDINATED_MPC_MCTS,0.0,15,128.0,188.0,6,11,C16;C17;C21;C48;C51;C54;C60;C61;C67;C86;C97,True,60.0
rc101_21,COORDINATED_MPC_MCTS,0.0,13,143.0,193.0,5,8,C21;C48;C51;C54;C60;C61;C67;C86,True,50.0
rc101_21,COORDINATED_MPC_MCTS,0.0,2,150.0,190.0,4,5,C51;C54;C60;C61;C67,True,40.0
rc101_21,COORDINATED_MPC_MCTS,0.0,1,153.0,183.0,3,5,C1;C54;C60;C61;C67,True,30.0
rc101_21,COORDINATED_MPC_MCTS,0.0,3,167.0,197.0,3,4,C54;C60;C61;C67,True,30.0
rc101_21,COORDINATED_MPC_MCTS,0.0,14,188.0,198.0,1,1,C61,True,10.0
rc101_21,GREEDY,0.5,29,75.0,78.43404188370492,1,0,,True,3.4340418837049214
rc201_21,COORDINATED_MPC_MCTS,0.0,5,77.16990566028302,877.169905660283,80,54,C1;C11;C12;C14;C15;C16;C17;C18;C20;C21;C22;C23;C26;C27;C28;C29;C3;C30;C31;C32;C33;C34;C35;C36;C37;C38;C39;C4;C40;C42;C44;C45;C46;C47;C49;C5;C50;C51;C52;C58;C59;C6;C63;C73;C74;C75;C77;C78;C8;C86;C87;C89;C9;C97,True,800.0
rc201_21,COORDINATED_MPC_MCTS,0.0,37,218.0,868.0,65,44,C1;C11;C12;C15;C16;C18;C20;C21;C22;C23;C26;C27;C29;C3;C30;C31;C33;C35;C36;C37;C39;C4;C40;C42;C44;C45;C46;C47;C5;C50;C51;C58;C59;C6;C63;C73;C74;C75;C8;C86;C87;C89;C9;C97,True,650.0
rc201_21,COORDINATED_MPC_MCTS,0.0,3,21.68997925310211,881.6899792531021,86,70,C1;C10;C11;C12;C13;C14;C15;C16;C17;C18;C19;C20;C21;C22;C23;C24;C26;C27;C28;C29;C3;C30;C31;C32;C33;C34;C35;C36;C37;C38;C39;C4;C40;C42;C43;C44;C45;C46;C47;C48;C49;C5;C50;C51;C52;C57;C58;C59;C6;C63;C7;C72;C73;C74;C75;C76;C77;C78;C79;C8;C83;C85;C86;C87;C88;C89;C9;C93;C95;C97,True,860.0
rc201_21,COORDINATED_MPC_MCTS,0.0,16,21.68997925310211,881.6899792531021,86,70,C1;C10;C11;C12;C13;C14;C15;C16;C17;C18;C19;C20;C21;C22;C23;C24;C26;C27;C28;C29;C3;C30;C31;C32;C33;C34;C35;C36;C37;C38;C39;C4;C40;C42;C43;C44;C45;C46;C47;C48;C49;C5;C50;C51;C52;C57;C58;C59;C6;C63;C7;C72;C73;C74;C75;C76;C77;C78;C79;C8;C83;C85;C86;C87;C88;C89;C9;C93;C95;C97,True,860.0
rc201_21,COORDINATED_MPC_MCTS,0.0,27,443.0,883.0,44,30,C12;C15;C18;C21;C26;C27;C29;C30;C31;C33;C35;C36;C39;C4;C40;C42;C45;C46;C5;C50;C51;C58;C59;C74;C75;C8;C87;C89;C9;C97,True,440.0
rc201_21,COORDINATED_MPC_MCTS,0.0,38,460.0,610.0,15,26,C12;C15;C18;C21;C26;C27;C29;C30;C31;C33;C35;C36;C39;C4;C40;C42;C45;C46;C5;C50;C51;C59;C74;C89;C9;C97,True,150.0
rc201_21,COORDINATED_MPC_MCTS,0.0,38,625.8309518948453,855.8309518948453,23,17,C12;C15;C18;C26;C31;C33;C35;C39;C4;C45;C46;C5;C50;C59;C74;C89;C97,True,230.0
rc201_21,COORDINATED_MPC_MCTS,0.0,4,21.77966941897879,881.7796694189788,86,68,C1;C10;C11;C12;C13;C14;C15;C16;C17;C18;C19;C20;C21;C22;C23;C24;C26;C27;C28;C29;C3;C30;C31;C32;C33;C34;C35;C36;C37;C38;C39;C4;C40;C42;C43;C44;C45;C46;C47;C48;C49;C5;C50;C51;C52;C57;C58;C59;C6;C63;C7;C73;C74;C75;C76;C77;C78;C79;C8;C85;C86;C87;C88;C89;C9;C93;C95;C97,True,860.0
rc201_21,COORDINATED_MPC_MCTS,0.0,17,21.77966941897879,881.7796694189788,86,68,C1;C10;C11;C12;C13;C14;C15;C16;C17;C18;C19;C20;C21;C22;C23;C24;C26;C27;C28;C29;C3;C30;C31;C32;C33;C34;C35;C36;C37;C38;C39;C4;C40;C42;C43;C44;C45;C46;C47;C48;C49;C5;C50;C51;C52;C57;C58;C59;C6;C63;C7;C73;C74;C75;C76;C77;C78;C79;C8;C85;C86;C87;C88;C89;C9;C93;C95;C97,True,860.0
rc201_21,COORDINATED_MPC_MCTS,0.0,35,236.0,416.0,18,43,C1;C12;C15;C16;C18;C20;C21;C22;C23;C26;C27;C29;C3;C30;C31;C33;C35;C36;C37;C39;C4;C40;C42;C44;C45;C46;C47;C5;C50;C51;C58;C59;C6;C63;C73;C74;C75;C8;C86;C87;C89;C9;C97,True,180.0
rc201_21,COORDINATED_MPC_MCTS,0.0,35,466.8438700997647,876.8438700997647,41,25,C12;C15;C18;C21;C26;C27;C29;C31;C33;C35;C36;C39;C4;C40;C42;C45;C46;C5;C50;C51;C59;C74;C89;C9;C97,True,410.0
rc201_21,COORDINATED_MPC_MCTS,0.0,39,70.25043754232148,880.2504375423215,81,56,C1;C11;C12;C13;C14;C15;C16;C17;C18;C20;C21;C22;C23;C26;C27;C28;C29;C3;C30;C31;C32;C33;C34;C35;C36;C37;C38;C39;C4;C40;C42;C43;C44;C45;C46;C47;C49;C5;C50;C51;C52;C58;C59;C6;C63;C73;C74;C75;C77;C78;C8;C86;C87;C89;C9;C97,True,810.0
rc201_21,COORDINATED_MPC_MCTS,0.0,40,87.07436330097327,867.0743633009733,78,52,C1;C11;C12;C14;C15;C16;C17;C18;C20;C21;C22;C23;C26;C27;C28;C29;C3;C30;C31;C32;C33;C34;C35;C36;C37;C38;C39;C4;C40;C42;C44;C45;C46;C47;C49;C5;C50;C51;C58;C59;C6;C63;C73;C74;C75;C77;C8;C86;C87;C89;C9;C97,True,780.0000000000001
rc201_21,COORDINATED_MPC_MCTS,0.0,41,619.8033472520156,859.8033472520156,24,17,C12;C15;C18;C26;C31;C33;C35;C39;C4;C45;C46;C5;C50;C59;C74;C89;C97,True,240.0
rc201_21,COORDINATED_MPC_MCTS,0.0,42,416.0,886.0,47,30,C12;C15;C18;C21;C26;C27;C29;C30;C31;C33;C35;C36;C39;C4;C40;C42;C45;C46;C5;C50;C51;C58;C59;C74;C75;C8;C87;C89;C9;C97,True,470.0
rc201_21,COORDINATED_MPC_MCTS,0.0,26,26.686715796440748,886.6867157964407,86,63,C1;C11;C12;C13;C14;C15;C16;C17;C18;C19;C20;C21;C22;C23;C24;C26;C27;C28;C29;C3;C30;C31;C32;C33;C34;C35;C36;C37;C38;C39;C4;C40;C42;C43;C44;C45;C46;C47;C48;C49;C5;C50;C51;C52;C58;C59;C6;C63;C7;C73;C74;C75;C77;C78;C8;C85;C86;C87;C89;C9;C93;C95;C97,True,860.0
rc201_21,COORDINATED_MPC_MCTS,0.0,23,31.0,171.0,14,63,C1;C11;C12;C13;C14;C15;C16;C17;C18;C19;C20;C21;C22;C23;C24;C26;C27;C28;C29;C3;C30;C31;C32;C33;C34;C35;C36;C37;C38;C39;C4;C40;C42;C43;C44;C45;C46;C47;C48;C49;C5;C50;C51;C52;C58;C59;C6;C63;C7;C73;C74;C75;C77;C78;C8;C85;C86;C87;C89;C9;C93;C95;C97,True,140.0
rc201_21,COORDINATED_MPC_MCTS,0.0,23,208.0,628.0,42,44,C1;C11;C12;C15;C16;C18;C20;C21;C22;C23;C26;C27;C29;C3;C30;C31;C33;C35;C36;C37;C39;C4;C40;C42;C44;C45;C46;C47;C5;C50;C51;C58;C59;C6;C63;C73;C74;C75;C8;C86;C87;C89;C9;C97,True,420.0
rc201_21,COORDINATED_MPC_MCTS,0.0,23,826.3851648071345,886.3851648071345,6,0,,True,60.0
rc201_21,COORDINATED_MPC_MCTS,0.0,43,81.73994804210369,871.7399480421037,79,54,C1;C11;C12;C14;C15;C16;C17;C18;C20;C21;C22;C23;C26;C27;C28;C29;C3;C30;C31;C32;C33;C34;C35;C36;C37;C38;C39;C4;C40;C42;C44;C45;C46;C47;C49;C5;C50;C51;C52;C58;C59;C6;C63;C73;C74;C75;C77;C78;C8;C86;C87;C89;C9;C97,True,790.0
rc201_21,COORDINATED_MPC_MCTS,0.0,44,86.73440177132295,866.734401771323,78,54,C1;C11;C12;C14;C15;C16;C17;C18;C20;C21;C22;C23;C26;C27;C28;C29;C3;C30;C31;C32;C33;C34;C35;C36;C37;C38;C39;C4;C40;C42;C44;C45;C46;C47;C49;C5;C50;C51;C52;C58;C59;C6;C63;C73;C74;C75;C77;C78;C8;C86;C87;C89;C9;C97,True,780.0
rc201_21,COORDINATED_MPC_MCTS,0.0,28,36.0,56.0,2,61,C1;C11;C12;C13;C14;C15;C16;C17;C18;C20;C21;C22;C23;C24;C26;C27;C28;C29;C3;C30;C31;C32;C33;C34;C35;C36;C37;C38;C39;C4;C40;C42;C43;C44;C45;C46;C47;C49;C5;C50;C51;C52;C58;C59;C6;C63;C7;C73;C74;C75;C77;C78;C8;C85;C86;C87;C89;C9;C93;C95;C97,True,20.0
rc201_21,COORDINATED_MPC_MCTS,0.0,28,327.0,877.0,55,37,C12;C15;C18;C21;C22;C26;C27;C29;C3;C30;C31;C33;C35;C36;C39;C4;C40;C42;C44;C45;C46;C5;C50;C51;C58;C59;C6;C63;C73;C74;C75;C8;C86;C87;C89;C9;C97,True,550.0
rc201_21,COORDINATED_MPC_MCTS,0.0,45,685.0,875.0,19,13,C12;C15;C26;C31;C33;C39;C4;C46;C5;C50;C74;C89;C97,True,190.0
rc201_21,COORDINATED_MPC_MCTS,0.0,30,37.22060719547708,867.2206071954771,83,60,C1;C11;C12;C13;C14;C15;C16;C17;C18;C20;C21;C22;C23;C24;C26;C27;C28;C29;C3;C30;C31;C32;C33;C34;C35;C36;C37;C38;C39;C4;C40;C42;C43;C44;C45;C46;C47;C49;C5;C50;C51;C52;C58;C59;C6;C63;C7;C73;C74;C75;C77;C78;C8;C85;C86;C87;C89;C9;C93;C97,True,830.0
rc201_21,COORDINATED_MPC_MCTS,0.0,10,38.0,228.0,19,60,C1;C11;C12;C13;C14;C15;C16;C17;C18;C20;C21;C22;C23;C24;C26;C27;C28;C29;C3;C30;C31;C32;C33;C34;C35;C36;C37;C38;C39;C4;C40;C42;C43;C44;C45;C46;C47;C49;C5;C50;C51;C52;C58;C59;C6;C63;C7;C73;C74;C75;C77;C78;C8;C85;C86;C87;C89;C9;C93;C97,True,190.0
rc201_21,COORDINATED_MPC_MCTS,0.0,10,411.0,881.0,47,31,C12;C15;C18;C21;C26;C27;C29;C30;C31;C33;C35;C36;C39;C4;C40;C42;C45;C46;C5;C50;C51;C58;C59;C74;C75;C8;C86;C87;C89;C9;C97,True,470.0
rc201_21,COORDINATED_MPC_MCTS,0.0,29,139.0,519.0,38,48,C1;C11;C12;C14;C15;C16;C17;C18;C20;C21;C22;C23;C26;C27;C29;C3;C30;C31;C33;C34;C35;C36;C37;C39;C4;C40;C42;C44;C45;C46;C47;C49;C5;C50;C51;C58;C59;C6;C63;C73;C74;C75;C8;C86;C87;C89;C9;C97,True,380.0
rc201_21,COORDINATED_MPC_MCTS,0.0,29,601.3659875083252,851.3659875083252,25,19,C12;C15;C18;C26;C31;C33;C35;C39;C4;C40;C42;C45;C46;C5;C50;C59;C74;C89;C9,True,250.0
rc201_21,COORDINATED_MPC_MCTS,0.0,46,109.81121847434733,879.8112184743474,77,50,C1;C11;C12;C14;C15;C16;C17;C18;C20;C21;C22;C23;C26;C27;C28;C29;C3;C30;C31;C33;C34;C35;C36;C37;C39;C4;C40;C42;C44;C45;C46;C47;C49;C5;C50;C51;C58;C59;C6;C63;C73;C74;C75;C77;C8;C86;C87;C89;C9;C97,True,770.0
rc201_21,COORDINATED_MPC_MCTS,0.0,36,73.0,443.0,37,56,C1;C11;C12;C13;C14;C15;C16;C17;C18;C20;C21;C22;C23;C26;C27;C28;C29;C3;C30;C31;C32;C33;C34;C35;C36;C37;C38;C39;C4;C40;C42;C43;C44;C45;C46;C47;C49;C5;C50;C51;C52;C58;C59;C6;C63;C73;C74;C75;C77;C78;C8;C86;C87;C89;C9;C97,True,370.0
rc201_21,COORDINATED_MPC_MCTS,0.0,36,504.9711458407451,884.9711458407451,38,25,C12;C15;C18;C21;C26;C27;C29;C31;C33;C35;C36;C39;C4;C40;C42;C45;C46;C5;C50;C51;C59;C74;C89;C9;C97,True,379.99999999999994
rc201_21,COORDINATED_MPC_MCTS,0.0,47,122.80035605546611,852.8003560554662,73,49,C1;C11;C12;C14;C15;C16;C17;C18;C20;C21;C22;C23;C26;C27;C28;C29;C3;C30;C31;C33;C34;C35;C36;C37;C39;C4;C40;C42;C44;C45;C46;C47;C49;C5;C50;C51;C58;C59;C6;C63;C73;C74;C75;C8;C86;C87;C89;C9;C97,True,730.0000000000001
rc201_21,COORDINATED_MPC_MCTS,0.0,48,122.80035605546611,882.8003560554662,76,49,C1;C11;C12;C14;C15;C16;C17;C18;C20;C21;C22;C23;C26;C27;C28;C29;C3;C30;C31;C33;C34;C35;C36;C37;C39;C4;C40;C42;C44;C45;C46;C47;C49;C5;C50;C51;C58;C59;C6;C63;C73;C74;C75;C8;C86;C87;C89;C9;C97,True,760.0000000000001
rc201_21,COORDINATED_MPC_MCTS,0.0,49,563.0,883.0,32,20,C12;C15;C18;C26;C31;C33;C35;C39;C4;C40;C42;C45;C46;C5;C50;C59;C74;C89;C9;C97,True,320.0
rc201_21,COORDINATED_MPC_MCTS,0.0,50,362.0,882.0,52,33,C12;C15;C18;C21;C22;C26;C27;C29;C3;C30;C31;C33;C35;C36;C39;C4;C40;C42;C45;C46;C5;C50;C51;C58;C59;C74;C75;C8;C86;C87;C89;C9;C97,True,520.0
rc201_21,COORDINATED_MPC_MCTS,0.0,51,148.1527344574618,878.1527344574617,73,47,C1;C11;C12;C14;C15;C16;C17;C18;C20;C21;C22;C23;C26;C27;C29;C3;C30;C31;C33;C35;C36;C37;C39;C4;C40;C42;C44;C45;C46;C47;C49;C5;C50;C51;C58;C59;C6;C63;C73;C74;C75;C8;C86;C87;C89;C9;C97,True,730.0
rc201_21,COORDINATED_MPC_MCTS,0.0,52,134.27651377644983,854.2765137764499,72,48,C1;C11;C12;C14;C15;C16;C17;C18;C20;C21;C22;C23;C26;C27;C29;C3;C30;C31;C33;C34;C35;C36;C37;C39;C4;C40;C42;C44;C45;C46;C47;C49;C5;C50;C51;C58;C59;C6;C63;C73;C74;C75;C8;C86;C87;C89;C9;C97,True,720.0
rc201_21,COORDINATED_MPC_MCTS,0.0,11,90.0,880.0,79,50,C1;C11;C12;C14;C15;C16;C17;C18;C20;C21;C22;C23;C26;C27;C28;C29;C3;C30;C31;C33;C34;C35;C36;C37;C39;C4;C40;C42;C44;C45;C46;C47;C49;C5;C50;C51;C58;C59;C6;C63;C73;C74;C75;C77;C8;C86;C87;C89;C9;C97,True,790.0
rc201_21,COORDINATED_MPC_MCTS,0.0,53,169.79121447274653,879.7912144727466,71,47,C1;C11;C12;C14;C15;C16;C17;C18;C20;C21;C22;C23;C26;C27;C29;C3;C30;C31;C33;C35;C36;C37;C39;C4;C40;C42;C44;C45;C46;C47;C49;C5;C50;C51;C58;C59;C6;C63;C73;C74;C75;C8;C86;C87;C89;C9;C97,True,710.0
rc201_21,COORDINATED_MPC_MCTS,0.0,54,188.51390916420257,878.5139091642026,69,45,C1;C11;C12;C15;C16;C17;C18;C20;C21;C22;C23;C26;C27;C29;C3;C30;C31;C33;C35;C36;C37;C39;C4;C40;C42;C44;C45;C46;C47;C5;C50;C51;C58;C59;C6;C63;C73;C74;C75;C8;C86;C87;C89;C9;C97,True,690.0
rc201_21,COORDINATED_MPC_MCTS,0.0,32,148.0,878.0,73,48,C1;C11;C12;C14;C15;C16;C17;C18;C20;C21;C22;C23;C26;C27;C29;C3;C30;C31;C33;C34;C35;C36;C37;C39;C4;C40;C42;C44;C45;C46;C47;C49;C5;C50;C51;C58;C59;C6;C63;C73;C74;C75;C8;C86;C87;C89;C9;C97,True,730.0
rc201_21,COORDINATED_MPC_MCTS,0.0,55,205.43416490252568,875.4341649025257,67,45,C1;C11;C12;C15;C16;C17;C18;C20;C21;C22;C23;C26;C27;C29;C3;C30;C31;C33;C35;C36;C37;C39;C4;C40;C42;C44;C45;C46;C47;C5;C50;C51;C58;C59;C6;C63;C73;C74;C75;C8;C86;C87;C89;C9;C97,True,670.0
rc201_21,COORDINATED_MPC_MCTS,0.0,21,194.0,874.0,68,45,C1;C11;C12;C15;C16;C17;C18;C20;C21;C22;C23;C26;C27;C29;C3;C30;C31;C33;C35;C36;C37;C39;C4;C40;C42;C44;C45;C46;C47;C5;C50;C51;C58;C59;C6;C63;C73;C74;C75;C8;C86;C87;C89;C9;C97,True,680.0
rc201_21,COORDINATED_MPC_MCTS,0.0,56,317.3594052462742,877.3594052462743,56,37,C1;C12;C15;C18;C21;C22;C26;C27;C29;C3;C30;C31;C33;C35;C36;C39;C4;C40;C42;C44;C45;C46;C5;C50;C51;C58;C59;C63;C73;C74;C75;C8;C86;C87;C89;C9;C97,True,560.0
rc201_21,COORDINATED_MPC_MCTS,0.0,7,228.0,408.0,18,44,C1;C11;C12;C15;C16;C18;C20;C21;C22;C23;C26;C27;C29;C3;C30;C31;C33;C35;C36;C37;C39;C4;C40;C42;C44;C45;C46;C47;C5;C50;C51;C58;C59;C6;C63;C73;C74;C75;C8;C86;C87;C89;C9;C97,True,180.0
rc201_21,COORDINATED_MPC_MCTS,0.0,7,451.2415402771893,881.2415402771893,43,27,C12;C15;C18;C21;C26;C27;C29;C31;C33;C35;C36;C39;C4;C40;C42;C45;C46;C5;C50;C51;C58;C59;C74;C8;C89;C9;C97,True,430.0
rc201_21,COORDINATED_MPC_MCTS,0.0,33,286.8994949366117,856.8994949366117,57,39,C1;C12;C15;C18;C21;C22;C26;C27;C29;C3;C30;C31;C33;C35;C36;C39;C4;C40;C42;C44;C45;C46;C47;C5;C50;C51;C58;C59;C6;C63;C73;C74;C75;C8;C86;C87;C89;C9;C97,True,570.0
rc201_21,COORDINATED_MPC_MCTS,0.0,19,380.88693256236974,880.8869325623698,50,32,C12;C15;C18;C21;C26;C27;C29;C3;C30;C31;C33;C35;C36;C39;C4;C40;C42;C45;C46;C5;C50;C51;C58;C59;C74;C75;C8;C86;C87;C89;C9;C97,True,500.00000000000006
rc201_21,COORDINATED_MPC_MCTS,0.0,57,372.93131294118183,872.9313129411819,50,32,C12;C15;C18;C21;C26;C27;C29;C3;C30;C31;C33;C35;C36;C39;C4;C40;C42;C45;C46;C5;C50;C51;C58;C59;C74;C75;C8;C86;C87;C89;C9;C97,True,500.00000000000006
rc201_21,COORDINATED_MPC_MCTS,0.0,18,287.0,867.0,58,39,C1;C12;C15;C18;C21;C22;C26;C27;C29;C3;C30;C31;C33;C35;C36;C39;C4;C40;C42;C44;C45;C46;C47;C5;C50;C51;C58;C59;C6;C63;C73;C74;C75;C8;C86;C87;C89;C9;C97,True,580.0
rc201_21,COORDINATED_MPC_MCTS,0.0,58,376.293765408777,886.2937654087771,51,32,C12;C15;C18;C21;C26;C27;C29;C3;C30;C31;C33;C35;C36;C39;C4;C40;C42;C45;C46;C5;C50;C51;C58;C59;C74;C75;C8;C86;C87;C89;C9;C97,True,510.00000000000006
rc201_21,COORDINATED_MPC_MCTS,0.0,59,370.3016516106934,880.3016516106934,51,32,C12;C15;C18;C21;C26;C27;C29;C3;C30;C31;C33;C35;C36;C39;C4;C40;C42;C45;C46;C5;C50;C51;C58;C59;C74;C75;C8;C86;C87;C89;C9;C97,True,510.0
rc201_21,COORDINATED_MPC_MCTS,0.0,9,359.0,879.0,52,33,C12;C15;C18;C21;C22;C26;C27;C29;C3;C30;C31;C33;C35;C36;C39;C4;C40;C42;C45;C46;C5;C50;C51;C58;C59;C74;C75;C8;C86;C87;C89;C9;C97,True,520.0
rc201_21,COORDINATED_MPC_MCTS,0.0,60,631.0,871.0,24,16,C12;C15;C18;C26;C31;C33;C39;C4;C45;C46;C5;C50;C59;C74;C89;C97,True,240.0
rc201_21,COORDINATED_MPC_MCTS,0.0,22,408.0,868.0,46,32,C12;C15;C18;C21;C26;C27;C29;C3;C30;C31;C33;C35;C36;C39;C4;C40;C42;C45;C46;C5;C50;C51;C58;C59;C74;C75;C8;C86;C87;C89;C9;C97,True,460.0
rc201_21,COORDINATED_MPC_MCTS,0.0,61,488.04196907295767,878.0419690729577,39,25,C12;C15;C18;C21;C26;C27;C29;C31;C33;C35;C36;C39;C4;C40;C42;C45;C46;C5;C50;C51;C59;C74;C89;C9;C97,True,390.00000000000006
rc201_21,COORDINATED_MPC_MCTS,0.0,8,449.0,869.0,42,28,C12;C15;C18;C21;C26;C27;C29;C30;C31;C33;C35;C36;C39;C4;C40;C42;C45;C46;C5;C50;C51;C58;C59;C74;C8;C89;C9;C97,True,420.0
rc201_21,COORDINATED_MPC_MCTS,0.0,62,500.29278865672256,880.2927886567226,38,25,C12;C15;C18;C21;C26;C27;C29;C31;C33;C35;C36;C39;C4;C40;C42;C45;C46;C5;C50;C51;C59;C74;C89;C9;C97,True,380.0
rc201_21,COORDINATED_MPC_MCTS,0.0,63,508.4114459374723,878.4114459374723,37,25,C12;C15;C18;C21;C26;C27;C29;C31;C33;C35;C36;C39;C4;C40;C42;C45;C46;C5;C50;C51;C59;C74;C89;C9;C97,True,370.0
rc201_21,COORDINATED_MPC_MCTS,0.0,64,585.464030336454,865.464030336454,28,18,C12;C15;C18;C26;C31;C33;C35;C39;C4;C45;C46;C5;C50;C59;C74;C89;C9;C97,True,280.0
rc201_21,COORDINATED_MPC_MCTS,0.0,31,478.0,868.0,39,25,C12;C15;C18;C21;C26;C27;C29;C31;C33;C35;C36;C39;C4;C40;C42;C45;C46;C5;C50;C51;C59;C74;C89;C9;C97,True,390.0
rc201_21,COORDINATED_MPC_MCTS,0.0,12,519.0,879.0,36,25,C12;C15;C18;C21;C26;C27;C29;C31;C33;C35;C36;C39;C4;C40;C42;C45;C46;C5;C50;C51;C59;C74;C89;C9;C97,True,360.0
rc201_21,COORDINATED_MPC_MCTS,0.0,65,577.0,867.0,29,18,C12;C15;C18;C26;C31;C33;C35;C39;C4;C45;C46;C5;C50;C59;C74;C89;C9;C97,True,290.0
rc201_21,COORDINATED_MPC_MCTS,0.0,20,567.0,867.0,30,20,C12;C15;C18;C26;C31;C33;C35;C39;C4;C40;C42;C45;C46;C5;C50;C59;C74;C89;C9;C97,True,300.0
rc201_21,COORDINATED_MPC_MCTS,0.0,6,594.0,794.0,20,19,C12;C15;C18;C26;C31;C33;C35;C39;C4;C42;C45;C46;C5;C50;C59;C74;C89;C9;C97,True,200.0
rc201_21,COORDINATED_MPC_MCTS,0.0,66,689.0,879.0,19,14,C12;C15;C26;C31;C33;C39;C4;C45;C46;C5;C50;C74;C89;C97,True,190.0
rc201_21,COORDINATED_MPC_MCTS,0.0,15,628.0,868.0,24,17,C12;C15;C18;C26;C31;C33;C35;C39;C4;C45;C46;C5;C50;C59;C74;C89;C97,True,240.0
rc201_21,COORDINATED_MPC_MCTS,0.0,67,832.3019433961698,882.3019433961698,5,2,C12;C15,True,50.0
rc201_21,COORDINATED_MPC_MCTS,0.0,25,638.0,878.0,24,15,C12;C15;C26;C31;C33;C39;C4;C45;C46;C5;C50;C59;C74;C89;C97,True,240.0
rc201_21,COORDINATED_MPC_MCTS,0.0,13,671.0,871.0,20,14,C12;C15;C26;C31;C33;C39;C4;C45;C46;C5;C50;C74;C89;C97,True,200.0
rc201_21,COORDINATED_MPC_MCTS,0.0,1,705.0,875.0,17,14,C12;C15;C26;C31;C33;C39;C4;C45;C46;C5;C50;C74;C89;C97,True,170.0
rc201_21,COORDINATED_MPC_MCTS,0.0,14,729.0,869.0,14,13,C12;C15;C26;C31;C33;C39;C4;C46;C5;C50;C74;C89;C97,True,140.0
rc201_21,COORDINATED_MPC_MCTS,0.0,68,791.4785670536077,871.4785670536077,8,9,C12;C15;C26;C31;C33;C39;C46;C74;C97,True,80.0
rc201_21,COORDINATED_MPC_MCTS,0.0,2,804.6078810084939,874.6078810084939,7,5,C12;C26;C31;C33;C39,True,70.0
rc201_21,COORDINATED_MPC_MCTS,0.0,0,794.0,864.0,7,10,C12;C15;C26;C31;C33;C39;C4;C46;C74;C97,True,70.0
rc201_21,COORDINATED_MPC_MCTS,0.0,24,805.0,865.0,6,5,C12;C26;C31;C33;C39,True,60.0
