key,path,execution_profile
4d6cef9a91594c14546f7388cce11b4f3748d95b17b9f0a125fc369159d92d73,C:\Users\AYOUB\AppData\Local\EVRP\calibration\raw\c101_21_COORDINATED_MPC_MCTS_4343a9152c1c0c7b9c19.json.gz,isolated
865be127a21d22920d10b0bbdeef5f27181015ded43373baa5d1f20703f78c96,C:\Users\AYOUB\AppData\Local\EVRP\calibration\raw\c101_21_COORDINATED_MPC_MCTS_6478c331b1257876c19b.json.gz,isolated
0d5b23eca9c22048f79409f80c24d87c8e7a696c798ed04adca2797e90d0eac4,C:\Users\AYOUB\AppData\Local\EVRP\calibration\raw\c101_21_COORDINATED_MPC_MCTS_971fa1837e9e1f1e5c72.json.gz,isolated
93f7cb4ab18b8ab719f3f651ea0e6f7f78452b00cccc36f568f92fab9bd384e2,C:\Users\AYOUB\AppData\Local\EVRP\calibration\raw\c101_21_COORDINATED_MPC_MCTS_b5a54d80491d8c9c89d3.json.gz,isolated
c1506cc1ae8fc527b47cfe34f133bb358d94198b3f37ce8a54342ae446a59f1b,C:\Users\AYOUB\AppData\Local\EVRP\calibration\raw\c201_21_COORDINATED_MPC_MCTS_1c7b69640c9cba6457b9.json.gz,isolated
41bd5a3eca30acfeb4c732a5f0b2d973e91137ad4b4db126e99650e2f00bb7e3,C:\Users\AYOUB\AppData\Local\EVRP\calibration\raw\c201_21_COORDINATED_MPC_MCTS_262bc22a4b8cf3330ed0.json.gz,isolated
f90016e9d691f99dc0b7c1f0d50b62b261e34fc7f53031dfe5cbc7d3ad7f0d8e,C:\Users\AYOUB\AppData\Local\EVRP\calibration\raw\c201_21_COORDINATED_MPC_MCTS_925030028576ad206a8d.json.gz,isolated
173012f0cbb9c57119699c129806804ccaf3c104828f53385fbc545e2301e308,C:\Users\AYOUB\AppData\Local\EVRP\calibration\raw\c201_21_COORDINATED_MPC_MCTS_d0b3309f884dfddc5c52.json.gz,isolated
a57e00735eaf23bda3f8b0fcf6a6bde58b75fa9339300137eeb0b2ad71f434ec,C:\Users\AYOUB\AppData\Local\EVRP\calibration\raw\r101_21_COORDINATED_MPC_MCTS_daa4540be055693ff7bb.json.gz,isolated
a57cce216dc51d82664efc3235bb5f652a8a47b6a2f34b5ef2b4639f603d9796,C:\Users\AYOUB\AppData\Local\EVRP\calibration\raw\r101_21_COORDINATED_MPC_MCTS_e6a7556e517c25bf6e50.json.gz,isolated
3f6b59d0afe0f52ea8724c997f333628e1e9b2894ddee8e17ea4279d313bc129,C:\Users\AYOUB\AppData\Local\EVRP\calibration\raw\r101_21_COORDINATED_MPC_MCTS_e9b95baafab0371f0a49.json.gz,isolated
8a71d62013460e2c74f1e5b363757a519ae9968fb65922ad15e4d6ef6841d304,C:\Users\AYOUB\AppData\Local\EVRP\calibration\raw\r101_21_COORDINATED_MPC_MCTS_ee7d47679376f7e7f458.json.gz,isolated
0d8373a206de0254f12df719ac2f40e921a50de0ca8dc3d13107aa93902c27c8,C:\Users\AYOUB\AppData\Local\EVRP\calibration\raw\r201_21_COORDINATED_MPC_MCTS_0cbcdcdb6caf2ff57bd1.json.gz,isolated
ba0d090d0b6c279a890436477a5f4f8cb70fc85e052c3bb9067ce6f9d9fe3b31,C:\Users\AYOUB\AppData\Local\EVRP\calibration\raw\r201_21_COORDINATED_MPC_MCTS_64d0f7167fb0a7052d8e.json.gz,isolated
d1b9f045b9c3a40b0c4398bee7898699851761c45bc56942da2d21a7a19361ec,C:\Users\AYOUB\AppData\Local\EVRP\calibration\raw\r201_21_COORDINATED_MPC_MCTS_6689d67239bf8b592902.json.gz,isolated
2cb781eea33ae7a3ae57bf9d978293ff0665abfb12f1db0cfd451f9bf569bf63,C:\Users\AYOUB\AppData\Local\EVRP\calibration\raw\r201_21_COORDINATED_MPC_MCTS_6ca7d89c4b54f20090a7.json.gz,isolated
a2b2ddf08abed78c91df3fdf02c73ac09c7a167c987882baf4d61bd7b8026907,C:\Users\AYOUB\AppData\Local\EVRP\calibration\raw\rc101_21_COORDINATED_MPC_MCTS_0bbaf0c63f9e43a086ca.json.gz,isolated
670c876e8ee0e6dee408570400c22508f460adced2d2fcdadb317e93d071e2be,C:\Users\AYOUB\AppData\Local\EVRP\calibration\raw\rc101_21_COORDINATED_MPC_MCTS_6e4e16c775881847a251.json.gz,isolated
abaa7f9a724a019692630bee4127fd84a4cd7a435e4c39d0cbbb92e64b3c36f0,C:\Users\AYOUB\AppData\Local\EVRP\calibration\raw\rc101_21_COORDINATED_MPC_MCTS_7bc7c535f98fbe992eaf.json.gz,isolated
b6cfb242311c4bdaaff7faf9bb03dac06afa737c321e0af7631f031f1a12949a,C:\Users\AYOUB\AppData\Local\EVRP\calibration\raw\rc101_21_COORDINATED_MPC_MCTS_a65e23a2abc447e49b9f.json.gz,isolated
b4e8bcad6f15fb9b8b12f784613a14cf17f907792bd24e064f2639f7b631f632,C:\Users\AYOUB\AppData\Local\EVRP\calibration\raw\rc201_21_COORDINATED_MPC_MCTS_4fadc04eb8decd893a15.json.gz,isolated
6aaa425323371500ec441f7e09cf1f86dbe03c84ee3a6799202bcfca81a7b81e,C:\Users\AYOUB\AppData\Local\EVRP\calibration\raw\rc201_21_COORDINATED_MPC_MCTS_86fcad64e834f6631180.json.gz,isolated
e53b3fe50c911451544f8dcf85a0038627e2ce276852632fd811517694e9447f,C:\Users\AYOUB\AppData\Local\EVRP\calibration\raw\rc201_21_COORDINATED_MPC_MCTS_b2fe5dc1da4459c6f05a.json.gz,isolated
9e1a4fd85e643f64c2652eff33b2e0688679708b91737bb136b36de111a7d826,C:\Users\AYOUB\AppData\Local\EVRP\calibration\raw\rc201_21_COORDINATED_MPC_MCTS_bb5f0869795e78dbab87.json.gz,isolated
2d5b6d31c2ab883ea7a85b0ce0b0d4d95c8d57a39ef32c4ec51e6b54ca677835,C:\Users\AYOUB\AppData\Local\EVRP\paper\raw\c102_21_GREEDY_3fb7ca50d82f72c3b6cc.json.gz,concurrent
eeda496502e53119d6468957bb9be0234855ec4d16b6df1ee2c6a0e6c89cce8b,C:\Users\AYOUB\AppData\Local\EVRP\paper\raw\c101_21_GREEDY_b2f5a5e9cbb3592684ef.json.gz,concurrent
c740eb3bb684419f29d158149dc6d2ebf3b410eb347ffe4b2b0614f8cb376a9c,C:\Users\AYOUB\AppData\Local\EVRP\paper\raw\c101_21_MPC_MCTS_H1_0ece4573c5c37d737f0e.json.gz,concurrent
6d22100d3c146b537aed34ae08d3350d0e7dbf2215c2bd1b071d17051f7cf70d,C:\Users\AYOUB\AppData\Local\EVRP\paper\raw\c102_21_MPC_MCTS_H1_77397a5ff6430569ec9e.json.gz,concurrent
afba3f5428f96de0d7ae0a959cd4e8ddc6336455d1ec7fa57e88fe262a98102c,C:\Users\AYOUB\AppData\Local\EVRP\paper\raw\c103_21_GREEDY_5dc512f17d220c582d89.json.gz,concurrent
7366a3f153237073d09938c121bcac2b209c96abf39075b23b0b7cc172e82ed8,C:\Users\AYOUB\AppData\Local\EVRP\paper\raw\c101_21_INDEPENDENT_MPC_MCTS_3b6fa05c8f6aa2f62f60.json.gz,concurrent
5adec12206985d0cb886e3c283ea8781cd3884dcc975afd883b9ed45aa6f387e,C:\Users\AYOUB\AppData\Local\EVRP\paper\raw\c103_21_MPC_MCTS_H1_9137fa7259452e369ae1.json.gz,concurrent
e7c5e44797dbd50b789c161e910ba25c3de8763370e888d582d02af3f14630ea,C:\Users\AYOUB\AppData\Local\EVRP\paper\raw\c102_21_INDEPENDENT_MPC_MCTS_374213d873e2ad1850f7.json.gz,concurrent
8619e343359c4c35ee40fe784f4fe7761b0e67049a5ff863bc0072c32e088b4a,C:\Users\AYOUB\AppData\Local\EVRP\paper\raw\c104_21_GREEDY_a0411823dad3de7ef699.json.gz,concurrent
5365416a5644141943ffa939ce764e85f23113eb6e7b9c7ce399aee2dfd0cdf8,C:\Users\AYOUB\AppData\Local\EVRP\paper\raw\c102_21_COORDINATED_MPC_MCTS_54ec5222d1b2345782f3.json.gz,concurrent
c017af02ffd05c63e8f307680c819e94b6f2bb0fd12601880a525164045313ce,C:\Users\AYOUB\AppData\Local\EVRP\paper\raw\c104_21_MPC_MCTS_H1_b302cee2d23946df8069.json.gz,concurrent
1ad16310acc42bba00cf949f995772fdbc776dfbd9dbff448ebb75a637d796d5,C:\Users\AYOUB\AppData\Local\EVRP\paper\raw\c103_21_INDEPENDENT_MPC_MCTS_e15c73d72bfdf14c54b5.json.gz,concurrent
f4e43e5bebfa0d650d17533cf9b96f946ce9b7d656921ff6a3eb1c9387350f69,C:\Users\AYOUB\AppData\Local\EVRP\paper\raw\c105_21_GREEDY_56230ebf7c56ba14c77e.json.gz,concurrent
1037673796d38bafe25192a2800836204b6843110557beb707ac0795012da705,C:\Users\AYOUB\AppData\Local\EVRP\paper\raw\c105_21_MPC_MCTS_H1_75b0f37f95dd4d90e658.json.gz,concurrent
367e95928ee751879875013c7be3538be7a5fe2c240298f1b910f5083f962181,C:\Users\AYOUB\AppData\Local\EVRP\paper\raw\c103_21_COORDINATED_MPC_MCTS_a1cc2882fa58fa41a216.json.gz,concurrent
a08769872271ec2046aaf3227da5b676331e1bd0fe735fdceb2cfe745841cafe,C:\Users\AYOUB\AppData\Local\EVRP\paper\raw\c104_21_INDEPENDENT_MPC_MCTS_de8e3a92aa7964f3f54c.json.gz,concurrent
3b94fab60a2f116d3888fc95980690047cccb8cf1356f68ac8562c93571d4753,C:\Users\AYOUB\AppData\Local\EVRP\paper\raw\c106_21_GREEDY_204ff96942c3141ebfac.json.gz,concurrent
09d02eaa1e2e1c18d2d16831f73e98f305d01e64aaab1ad7223c9ffd3c233b24,C:\Users\AYOUB\AppData\Local\EVRP\paper\raw\c104_21_COORDINATED_MPC_MCTS_8d0f00d20858e9049dcb.json.gz,concurrent
a79156a136b1cf12c898923dafd0c6f59465c9a4d5c388118b7a3855b712409e,C:\Users\AYOUB\AppData\Local\EVRP\paper\raw\c105_21_INDEPENDENT_MPC_MCTS_2666028c784a3b1b2a75.json.gz,concurrent
75ca019f2c8dccdd833dffdc963a2b2cbd2aafce7d7545e141a72e6e0b445366,C:\Users\AYOUB\AppData\Local\EVRP\paper\raw\c106_21_MPC_MCTS_H1_37c53654d74c2db11213.json.gz,concurrent
b1efd023f5751fabc73ef642f35a8b5bffae4d7dacd20c33f64ad1685551c733,C:\Users\AYOUB\AppData\Local\EVRP\paper\raw\c107_21_GREEDY_228f175fdd15b6ea6f68.json.gz,concurrent
50eebc8d5bb377baae6c9b3bc5cc66a5966d8b5002092e2287133d23804d94c2,C:\Users\AYOUB\AppData\Local\EVRP\paper\raw\c105_21_COORDINATED_MPC_MCTS_a05ddcaaa4fb4cbe35f5.json.gz,concurrent
dd7926aadc533fd5217007759b189690dccad8f79e6f1de9f29fa8259ce5af24,C:\Users\AYOUB\AppData\Local\EVRP\paper\raw\c107_21_MPC_MCTS_H1_efe9d4ee91bc615c009b.json.gz,concurrent
1a907459edcd2b8068d66dd7c8e672a88907bd13b74d7b5570203bf9349f7bf4,C:\Users\AYOUB\AppData\Local\EVRP\paper\raw\c106_21_INDEPENDENT_MPC_MCTS_5cdbcbca3fae08c535b2.json.gz,concurrent
73855f3d4da8d33ba57472f5f02b7a02da4e03a405571804153287f807d72fb6,C:\Users\AYOUB\AppData\Local\EVRP\paper\raw\c108_21_GREEDY_73b74341bd6c54570f26.json.gz,concurrent
d56589eb290b476d63b9ce4ef876259a5d0fadf8a6ea9488b4d2d7814fab1377,C:\Users\AYOUB\AppData\Local\EVRP\paper\raw\c106_21_COORDINATED_MPC_MCTS_f451e4faba7a09b38704.json.gz,concurrent
d1b0b3301a9ac8cda8b406dd07542db821ffd62dbe2f20b93408af17c59a680d,C:\Users\AYOUB\AppData\Local\EVRP\paper\raw\c108_21_MPC_MCTS_H1_454df8e994518b3071cf.json.gz,concurrent
2fdd41273da88f257b8942d7c03e27e48e184dbd1783079187f5093ed7f92448,C:\Users\AYOUB\AppData\Local\EVRP\paper\raw\c107_21_INDEPENDENT_MPC_MCTS_d6ef1a83d5de61fcb2a3.json.gz,concurrent
6fd4620e3b0331ba0ba0ef20590ec748bbd300006901b23c64a8bec82474ba51,C:\Users\AYOUB\AppData\Local\EVRP\paper\raw\c109_21_GREEDY_b85b24b6f5d8e31f290f.json.gz,concurrent
f6110cbe50b18e3e52a86c94cfc35f10edb8310d605fa571023ef7beac12332b,C:\Users\AYOUB\AppData\Local\EVRP\paper\raw\c107_21_COORDINATED_MPC_MCTS_e5a69cd8b3b9081a067d.json.gz,concurrent
b79452e67f4d46eca12ee5f31e1c11d64cbe854504fe78b32d53baf0785bbd98,C:\Users\AYOUB\AppData\Local\EVRP\paper\raw\c109_21_MPC_MCTS_H1_4151c75f8f9945066801.json.gz,concurrent
e611f0f27545eeb2bfe71e901ba42bc1c9d3e7c8339c3a7b805abf3f62a0da54,C:\Users\AYOUB\AppData\Local\EVRP\paper\raw\c108_21_INDEPENDENT_MPC_MCTS_0c9642b1e9ebc1ef7961.json.gz,concurrent
3d168735ddf2b2fd4557ff48672959fb9ab64df19666bd5e2ffc0b1338c3b328,C:\Users\AYOUB\AppData\Local\EVRP\paper\raw\c201_21_GREEDY_373429a429a482c1caea.json.gz,concurrent
033e9d5fd06a7e48d4573344741fa00da1422671fe1eb24795f85c95875c85d0,C:\Users\AYOUB\AppData\Local\EVRP\paper\raw\c201_21_MPC_MCTS_H1_091de4a69ada7b6507bd.json.gz,concurrent
b665df2e42791bbd4784207ca7cba344f9f99db843a3ff88edb4b8414119940c,C:\Users\AYOUB\AppData\Local\EVRP\paper\raw\c108_21_COORDINATED_MPC_MCTS_246ac90e9924a7f43e77.json.gz,concurrent
7810edebc61d748b0a5affaf8c3abaa0e5e96390d281342cc881b21e810b3557,C:\Users\AYOUB\AppData\Local\EVRP\paper\raw\c201_21_INDEPENDENT_MPC_MCTS_f7bae1f2d3aced0ee5de.json.gz,concurrent
75ee164726466d19999bc5dd0112bf443c4e5cff773c1fa589ab124a1e09b7b9,C:\Users\AYOUB\AppData\Local\EVRP\paper\raw\c202_21_GREEDY_34751b0839d42e8969df.json.gz,concurrent
af2fc129b29de25c223bc2f0fca247aca39236e2cfa354100fd08c9b6cd382a0,C:\Users\AYOUB\AppData\Local\EVRP\paper\raw\c202_21_MPC_MCTS_H1_5c1bfd2279987c9dd469.json.gz,concurrent
185a4509a52d59464645501f7c45263770631411a26230ca18fef3bd11855ebd,C:\Users\AYOUB\AppData\Local\EVRP\paper\raw\c109_21_INDEPENDENT_MPC_MCTS_4f4352ff60d4c67c606d.json.gz,concurrent
a5c52ae7ae6171eda1a5fc691f3f3ba5ff4055b33a8a16dd44e808b0ba6b3f8c,C:\Users\AYOUB\AppData\Local\EVRP\paper\raw\c203_21_GREEDY_1d8c19772ee5787efb46.json.gz,concurrent
f6012f1b99926ccf56f9502e3ad3497a504259cd75f6fd364161b3ade30d4399,C:\Users\AYOUB\AppData\Local\EVRP\paper\raw\c203_21_MPC_MCTS_H1_f761c9f13583c1458373.json.gz,concurrent
d032fb4d9deee91ae78fca02f3907df10113c1738c8cabc0004d7c62cb0b09d9,C:\Users\AYOUB\AppData\Local\EVRP\paper\raw\c202_21_INDEPENDENT_MPC_MCTS_da99d6524eabd4e1a0c4.json.gz,concurrent
7dc015640f37bf4b7c9130baff04520406226c3c24fe8c911143b69dc2728726,C:\Users\AYOUB\AppData\Local\EVRP\paper\raw\c109_21_COORDINATED_MPC_MCTS_84bcc94c5332de1f109d.json.gz,concurrent
7f305b8a237c71ee5722f46dc2157de8330e77db29df5bbb421e95f198ce6efb,C:\Users\AYOUB\AppData\Local\EVRP\paper\raw\c204_21_GREEDY_6dc9ad6e57cd82db2340.json.gz,concurrent
2260b5cef338a4ff7c99a17b2351f7a7a405389d8bee0cf3c8e913ce7542b0db,C:\Users\AYOUB\AppData\Local\EVRP\paper\raw\c202_21_COORDINATED_MPC_MCTS_2835abb211345075a497.json.gz,concurrent
6f6ee6cb6ab72d1f40886bf4f45136b4ea9d530c17e26f3852def704900de326,C:\Users\AYOUB\AppData\Local\EVRP\paper\raw\c204_21_MPC_MCTS_H1_474a631c06024cee8e55.json.gz,concurrent
e5730cb3539a3f7ed7efc701e6d7bab4b45da7c31d5020cd724eaa01c2ba8920,C:\Users\AYOUB\AppData\Local\EVRP\paper\raw\c203_21_INDEPENDENT_MPC_MCTS_cb421467712f878ad347.json.gz,concurrent
ed01ca6007a10fb01642f90d2bf0d00ffbf78809c5f63dbfeb6a539ea01cd943,C:\Users\AYOUB\AppData\Local\EVRP\paper\raw\c205_21_GREEDY_0efcf7128c489377cae3.json.gz,concurrent
952e5563c066e3ea5761e8065081853e70b486a7e064f762980caf9283f243c3,C:\Users\AYOUB\AppData\Local\EVRP\paper\raw\c203_21_COORDINATED_MPC_MCTS_723b3ee61937daaa5d32.json.gz,concurrent
e78fb0240b8ada18c72833cd374a7e1e8e83f61d63ef37e9ede170f481a169c2,C:\Users\AYOUB\AppData\Local\EVRP\paper\raw\c204_21_INDEPENDENT_MPC_MCTS_1578cf6d7dc2630ba5a1.json.gz,concurrent
9bc39393016dd3ef40ccca88d1d3cb550f7025f60c33fec3980ac5c710bab4ce,C:\Users\AYOUB\AppData\Local\EVRP\paper\raw\c205_21_MPC_MCTS_H1_9678678cfd72ec37b95a.json.gz,concurrent
1ed90b92690db89ef5e42cbf71b6983c28bd23e7d17cb84fef4a17231721f201,C:\Users\AYOUB\AppData\Local\EVRP\paper\raw\c206_21_GREEDY_17aa1e3c25bc97b1a4da.json.gz,concurrent
0597d14d7b45360258a4d1476f4c71b02fac75110f0d17482110d32410b2a5e9,C:\Users\AYOUB\AppData\Local\EVRP\paper\raw\c206_21_MPC_MCTS_H1_20b80bd809229fa33a9c.json.gz,concurrent
d1c369669a2cb1c724116027bab4c79ffcbb10bda2472ef291ef386b2a6133a0,C:\Users\AYOUB\AppData\Local\EVRP\paper\raw\c205_21_INDEPENDENT_MPC_MCTS_0aaa3029aee86b031219.json.gz,concurrent
924b920957392e93e5ecd6e60c94dc9c5b635ff1430f012124e6f514fa4e2334,C:\Users\AYOUB\AppData\Local\EVRP\paper\raw\c206_21_INDEPENDENT_MPC_MCTS_04e5f56613cdb0c82489.json.gz,concurrent
ded06bf6642cb68f1cb504e19c5ac29a6d3b9babdee8024ae744eed6c2b1a866,C:\Users\AYOUB\AppData\Local\EVRP\paper\raw\c207_21_GREEDY_a30238961cd36270a480.json.gz,concurrent
389dedbcf8952fb0af97ef03f7631ec620c86f642ea8e16fd47906518a481c3e,C:\Users\AYOUB\AppData\Local\EVRP\paper\raw\c205_21_COORDINATED_MPC_MCTS_d7577e8faee7a624e02b.json.gz,concurrent
af48a81632855c4d4730252110d5896d1158fa9dbb166400a4164273ad16a561,C:\Users\AYOUB\AppData\Local\EVRP\paper\raw\c207_21_MPC_MCTS_H1_b31b72ec7cbe6e36d39d.json.gz,concurrent
2f098844b7d73973248f03680a85786b864b3eb5222f28fcba59d712f8c83764,C:\Users\AYOUB\AppData\Local\EVRP\paper\raw\c204_21_COORDINATED_MPC_MCTS_1c8d2a71d81dadfc0b47.json.gz,concurrent
27d130600184810bbc6e42b7ee54bca6e7679a67ff7f73daeb94eb0f39566185,C:\Users\AYOUB\AppData\Local\EVRP\paper\raw\c207_21_INDEPENDENT_MPC_MCTS_31eb1d782eb953d59a99.json.gz,concurrent
d15eea39b6e8ddc65e371228e56b417ba7ec63df63d96cd8888fdd084c3aabc7,C:\Users\AYOUB\AppData\Local\EVRP\paper\raw\c206_21_COORDINATED_MPC_MCTS_544a4096505a9400a3e3.json.gz,concurrent
a1d558cd33eebd960fdd810fb9ff61c817d87e1c3d4c01e56e42618fc8190dfa,C:\Users\AYOUB\AppData\Local\EVRP\paper\raw\c208_21_GREEDY_bcf3d18062930803008c.json.gz,concurrent
5fd990f5f2668052760c2727d40655e2514ce26966475fefb16f8a43f28c4c81,C:\Users\AYOUB\AppData\Local\EVRP\paper\raw\c208_21_MPC_MCTS_H1_47da7c9da600ea1f3a1c.json.gz,concurrent
7372368211ec669ebfeb8bfcc5ee0283a7e40070f6e03d0a2977515ebb819807,C:\Users\AYOUB\AppData\Local\EVRP\paper\raw\c207_21_COORDINATED_MPC_MCTS_18839cba234093e2abad.json.gz,concurrent
c0e3958fe76908c23a4d53825806a40e2c91a65725c7a1908f74f36140a96c99,C:\Users\AYOUB\AppData\Local\EVRP\paper\raw\r101_21_GREEDY_25f28d5dcfee10c820e0.json.gz,concurrent
ad2a21668c602e0d89b6a8feda9e5b9a833182f7a774e11d63a33fcbce8667bd,C:\Users\AYOUB\AppData\Local\EVRP\paper\raw\c208_21_COORDINATED_MPC_MCTS_f792c6f160becce16168.json.gz,concurrent
09e400c90bcc28df32777f2e917de75066d1bb804f371c6f1fc46ca39917703e,C:\Users\AYOUB\AppData\Local\EVRP\paper\raw\r101_21_MPC_MCTS_H1_c12e64516919d5db25e0.json.gz,concurrent
8bb565d208c6db57e3fa6079e69318aed50d0b1ef86e130945f3e4d1958bbbf2,C:\Users\AYOUB\AppData\Local\EVRP\paper\raw\r102_21_GREEDY_09cfae8b153907386b92.json.gz,concurrent
fef950a1b336a37ece11fbb7b99eabc0752f1c1c090fb948be9da02fef8ac149,C:\Users\AYOUB\AppData\Local\EVRP\paper\raw\c208_21_INDEPENDENT_MPC_MCTS_04e6bd47e6c1c5d5ac58.json.gz,concurrent
00311d489b3a87bdff62710518e85e8c941d9c02f56008190d7256f4d5da98c8,C:\Users\AYOUB\AppData\Local\EVRP\paper\raw\r102_21_MPC_MCTS_H1_1e6f610a41590f477754.json.gz,concurrent
e73889bca485a9cf3d8ecc90cab2f3cc05469fb90b00fd9a213714306358724f,C:\Users\AYOUB\AppData\Local\EVRP\paper\raw\r101_21_INDEPENDENT_MPC_MCTS_7a4a0653d3cf14dbd8a2.json.gz,concurrent
610d7da33b37d25615d78e1e0cbae5025b8a9ed70619daa02788ff3fde373ca3,C:\Users\AYOUB\AppData\Local\EVRP\paper\raw\r103_21_GREEDY_daa85f708d5bd05a4e59.json.gz,concurrent
b141e9f8376a5c925c7d37265e2d3327bb2998fc05e36cc9645f02acdb8f7264,C:\Users\AYOUB\AppData\Local\EVRP\paper\raw\r103_21_MPC_MCTS_H1_ccaada8ee93ca4a05635.json.gz,concurrent
60110c5b3a9babe7a7888c265d5194806dbf116fc87e468d2e3373617f2789a0,C:\Users\AYOUB\AppData\Local\EVRP\paper\raw\r102_21_INDEPENDENT_MPC_MCTS_a4ea502a1dbdf5e5c5f5.json.gz,concurrent
f7fd98f19770c835c619635b4ffaa0210ba333fa6adb0f1e3c9bddf391a98d5e,C:\Users\AYOUB\AppData\Local\EVRP\paper\raw\r104_21_GREEDY_9a601f0222a7827756f5.json.gz,concurrent
349b14e2fc68ce28fb78bf2a46034e475560c025dd5b5f1f6aea810dba5cf722,C:\Users\AYOUB\AppData\Local\EVRP\paper\raw\r102_21_COORDINATED_MPC_MCTS_a520dd951f118f8570c0.json.gz,concurrent
7f72de5b591247f52f655d751959b1eb0921bcc7bcdf217255ae3e9de5795069,C:\Users\AYOUB\AppData\Local\EVRP\paper\raw\r104_21_MPC_MCTS_H1_0a1f429b897573da8a28.json.gz,concurrent
3e049f0209db3834d8ea5b36971c558294cece8122053e6b6e8fdb0ac642f1a0,C:\Users\AYOUB\AppData\Local\EVRP\paper\raw\r103_21_INDEPENDENT_MPC_MCTS_9b5518c74e2e3b846566.json.gz,concurrent
11e89e4f8f6a447b5e8f10c0ae0c8db4d1f20b1837732f3ab0f4c91b6aee28ec,C:\Users\AYOUB\AppData\Local\EVRP\paper\raw\r105_21_GREEDY_171f84716ceae8b8763e.json.gz,concurrent
73b07545a40394323be8d67b05e70dd338be0507db02b8a59aab4f9fa4d11181,C:\Users\AYOUB\AppData\Local\EVRP\paper\raw\r105_21_MPC_MCTS_H1_0e9c5ea62b3d36afe2fa.json.gz,concurrent
2da0035edf802d0088a1b443b7eba10ae6bc08b741894b0397333b9102778a15,C:\Users\AYOUB\AppData\Local\EVRP\paper\raw\r103_21_COORDINATED_MPC_MCTS_a9de513890963b0c53a3.json.gz,concurrent
21875322ce29c059d6d44b9e6cb19e81e0c8d83d29567c60eae522212b736719,C:\Users\AYOUB\AppData\Local\EVRP\paper\raw\r104_21_INDEPENDENT_MPC_MCTS_2e5cb5bff84bc39c96e2.json.gz,concurrent
d93ec6c2de4e0deb7d9812116ec5e7bc82ac2227f7da40e363ee1a98c40f0704,C:\Users\AYOUB\AppData\Local\EVRP\paper\raw\r106_21_GREEDY_042625dd6fba31e02e7e.json.gz,concurrent
1f52e0b9a5cf4827dfa79d00dc3c1d3d6f86873ea925ef1de4a55a062ecab99b,C:\Users\AYOUB\AppData\Local\EVRP\paper\raw\r106_21_MPC_MCTS_H1_5f8a9b232ea39ed199c7.json.gz,concurrent
2300a23bd31fb9eced910e17e179928d0217436913d2fdfe8b21cb1d59aff0fe,C:\Users\AYOUB\AppData\Local\EVRP\paper\raw\r105_21_INDEPENDENT_MPC_MCTS_9ea5ddcf07ba89ead68e.json.gz,concurrent
c51c3d67043f9ce52fdc0953a3e63aa49c7fa54f97bb2ba2bd81d34fa268b2b8,C:\Users\AYOUB\AppData\Local\EVRP\paper\raw\r104_21_COORDINATED_MPC_MCTS_6d4bcfbe7d7e87bb383b.json.gz,concurrent
eaeab5b47e7b6217cdffb22e981872645ac8d5f81fc4f11affcc482bf00c73e4,C:\Users\AYOUB\AppData\Local\EVRP\paper\raw\r107_21_GREEDY_c007db5b7bf6a28af6ca.json.gz,concurrent
f2c92c2ad0ae9c9469cf027af71b9505386e43954e9d28bd8c656a80b4ebf889,C:\Users\AYOUB\AppData\Local\EVRP\paper\raw\r105_21_COORDINATED_MPC_MCTS_3351bb445e5e44e75436.json.gz,concurrent
8802bca3928e712d34536b2fede925d2af565d7db71bd590f247dce53428adb1,C:\Users\AYOUB\AppData\Local\EVRP\paper\raw\r107_21_MPC_MCTS_H1_8313f031d8d89dfb2694.json.gz,concurrent
499708f57b427589c5c17ed0d0b69f8f4705043dc7cf97dcfd7a51e462684878,C:\Users\AYOUB\AppData\Local\EVRP\paper\raw\r106_21_INDEPENDENT_MPC_MCTS_4a110105075b9bfd6e66.json.gz,concurrent
8a6a91d92bca435e057c9442b7bbc26c1d671f6e0c9e9ae9b849fc7846cb48e5,C:\Users\AYOUB\AppData\Local\EVRP\paper\raw\r108_21_GREEDY_b189089be817f59fcbbf.json.gz,concurrent
b079995f0c5241c17658b9de79c0c13931b3ac3ef8284e19f04396e813d91320,C:\Users\AYOUB\AppData\Local\EVRP\paper\raw\r106_21_COORDINATED_MPC_MCTS_193c5c0da9446cb2d874.json.gz,concurrent
9195f50da3bd0aff369cd5031c5755d60dd86fabc6c60e2cebba7be9beadc3a1,C:\Users\AYOUB\AppData\Local\EVRP\paper\raw\r107_21_INDEPENDENT_MPC_MCTS_e67007a17f0af0439e90.json.gz,concurrent
32e6f1c0bbee946e64b700ea3e206e98a6b7d5b54102abbf8445abd5fc0d4de3,C:\Users\AYOUB\AppData\Local\EVRP\paper\raw\r108_21_MPC_MCTS_H1_dd3f7f655dd1be07c7fd.json.gz,concurrent
ab5545edf23f8608826a1946e3a961f49000a6ecff576875b25e47feaa26b017,C:\Users\AYOUB\AppData\Local\EVRP\paper\raw\r109_21_GREEDY_ee7f65457bf398dbd423.json.gz,concurrent
dbbb58789702900dfe3ec96e45c5e67fa68c0d793f8a29a72dc6cdfeeb07dd03,C:\Users\AYOUB\AppData\Local\EVRP\paper\raw\r107_21_COORDINATED_MPC_MCTS_f6f356a62a48aac08d4f.json.gz,concurrent
93c367da9ea25db8b19e6ac399e719b1ff6cdeb15722c48a5186b6cec33d48f3,C:\Users\AYOUB\AppData\Local\EVRP\paper\raw\r109_21_MPC_MCTS_H1_4264f09d8116838bc40d.json.gz,concurrent
8cb98da7fd304844854d510f06227d7333e3f4aeb4f1b1bffe9d401cee57f8f7,C:\Users\AYOUB\AppData\Local\EVRP\paper\raw\r108_21_INDEPENDENT_MPC_MCTS_5475ccd867470617360c.json.gz,concurrent
e62be2e83077d62621307e5d581837895a5ce97dc5382a6f542cc8d981afdc86,C:\Users\AYOUB\AppData\Local\EVRP\paper\raw\r110_21_GREEDY_b50c22824deb85bf7621.json.gz,concurrent
e8b15f1e2ea70f3266ec7a6f9fd3519ae9cbf497d281cc25e394c5fb0c00c3e6,C:\Users\AYOUB\AppData\Local\EVRP\paper\raw\r110_21_MPC_MCTS_H1_d772a9fbb21867f3fdbc.json.gz,concurrent
b89c1e04921ae016d737474d72293346a6b0b6266d5d2843a47c472253d78e3a,C:\Users\AYOUB\AppData\Local\EVRP\paper\raw\r109_21_INDEPENDENT_MPC_MCTS_5066639d00e8b7767deb.json.gz,concurrent
c8363bf0d79261416e78ae6217d539f4fe09e8f5aed9a7550b60eacc3a339050,C:\Users\AYOUB\AppData\Local\EVRP\paper\raw\r108_21_COORDINATED_MPC_MCTS_27130ad3f2f7e9741cb4.json.gz,concurrent
422b89cae4112ba7190ab3e0ed348f781fb954adc9a9e4cffdbca62e172ea031,C:\Users\AYOUB\AppData\Local\EVRP\paper\raw\r111_21_GREEDY_e10a697b6fdd455a2793.json.gz,concurrent
846f02e4e10e1cafb350beca4dea4f7877a1a82db0109dedcc746e9d6ef0a3b6,C:\Users\AYOUB\AppData\Local\EVRP\paper\raw\r109_21_COORDINATED_MPC_MCTS_7015c11243f9592a4990.json.gz,concurrent
1a3d135087685eb01de6af72fe71dd24f6b4e705265038c400b0a1ecb38ec7af,C:\Users\AYOUB\AppData\Local\EVRP\paper\raw\r111_21_MPC_MCTS_H1_0cb5e5e7a1a818c51488.json.gz,concurrent
5aa30274af52ae211af49a283ab1d355bb79d5ae64f3db0319227b103d898679,C:\Users\AYOUB\AppData\Local\EVRP\paper\raw\r110_21_INDEPENDENT_MPC_MCTS_bd13031bd05afee25a1d.json.gz,concurrent
fe320ac23a494379a753158feb02e6903cb9ec7dafea06b43d0cdffe66d3b527,C:\Users\AYOUB\AppData\Local\EVRP\paper\raw\r112_21_GREEDY_47feefe601798a205170.json.gz,concurrent
d38c4f7ab0471218f2bff1e8e16c11ed01fe07562dd72fd62ec7a48a40899d4e,C:\Users\AYOUB\AppData\Local\EVRP\paper\raw\r110_21_COORDINATED_MPC_MCTS_207e5e192ffb0660bb5b.json.gz,concurrent
47d32061921f04704f23eccc3b3c72c6d3a1d2006b4bf9c3d0445edf473be0ee,C:\Users\AYOUB\AppData\Local\EVRP\paper\raw\r111_21_INDEPENDENT_MPC_MCTS_34b7c5e7c6e9396b1578.json.gz,concurrent
7f8a4cb30fd6dceaa46e1d44d270c678da47ae52728c62f75c6a9ec30c5326fd,C:\Users\AYOUB\AppData\Local\EVRP\paper\raw\r112_21_MPC_MCTS_H1_04ad69b4499b45d65dfa.json.gz,concurrent
20ae12a25854712f83b4c5af4dad22b914c90d2fcad5697b85da0256538bc128,C:\Users\AYOUB\AppData\Local\EVRP\paper\raw\r201_21_GREEDY_82972c0399da98a71b52.json.gz,concurrent
5347594c81ab695c514d8ed24a1213ad59215c4c567edadbc99f445619f78f8c,C:\Users\AYOUB\AppData\Local\EVRP\paper\raw\r201_21_MPC_MCTS_H1_39884ae5444d9cda12b7.json.gz,concurrent
9f7227e63b4494028d9406d68643cb0575ada51fb39d73633a1dffd0ec174eea,C:\Users\AYOUB\AppData\Local\EVRP\paper\raw\r111_21_COORDINATED_MPC_MCTS_0116145ea797c6971048.json.gz,concurrent
f311a5ae48d56111919d53273515910c2a529197c6362c6bff0e158eef5eba08,C:\Users\AYOUB\AppData\Local\EVRP\paper\raw\r202_21_GREEDY_0b65bc38a65d7aff3bcd.json.gz,concurrent
cdd595d995c19f7b57c14ae44cf74378affff4c6ecaebb4eb67e82fe5831431d,C:\Users\AYOUB\AppData\Local\EVRP\paper\raw\r202_21_MPC_MCTS_H1_0690c5c8c0f15835b8c6.json.gz,concurrent
850aa41a2e85f9235a1ec1c218e676e296b18148909576e96153145772651e45,C:\Users\AYOUB\AppData\Local\EVRP\paper\raw\r112_21_INDEPENDENT_MPC_MCTS_71d146c4f271b323c717.json.gz,concurrent
4e802a931934337c94835e834bea1a2258679abedda5ab6e687eff48f5285159,C:\Users\AYOUB\AppData\Local\EVRP\paper\raw\r201_21_INDEPENDENT_MPC_MCTS_04299062bb75f08a96e7.json.gz,concurrent
1a4635d6a800d846793b697815589c817f6cde88450d34c6f6bfba0c26bbdd9e,C:\Users\AYOUB\AppData\Local\EVRP\paper\raw\r112_21_COORDINATED_MPC_MCTS_922b2f065a1d033a1c10.json.gz,concurrent
ff03bfce5135df2e45d55ae07d67013f6287b7c075289f0bb6df94a251fca85e,C:\Users\AYOUB\AppData\Local\EVRP\paper\raw\r203_21_GREEDY_d2408206bf78ed88064b.json.gz,concurrent
90dbf814c71ace5e9480cedd08705f74c77f25ab69e9cb87903af8d15b0fa899,C:\Users\AYOUB\AppData\Local\EVRP\paper\raw\r202_21_INDEPENDENT_MPC_MCTS_7562cd1130f2c070e36a.json.gz,concurrent
72ecc5ac3bcb028c72b5c617530c3ce83ca4f8436152ee04f559f1fc6447787f,C:\Users\AYOUB\AppData\Local\EVRP\paper\raw\r203_21_MPC_MCTS_H1_31e15656e67c3294245e.json.gz,concurrent
299b9e9eec8e8fb0c1533e6b465dd642a1ecfbd6daa8bf074c8f81a840bdfe3b,C:\Users\AYOUB\AppData\Local\EVRP\paper\raw\r204_21_GREEDY_451e386fe53047aea849.json.gz,concurrent
f2b3dbdbe0b46436cb1db3c31baa4e5c6802d2679c8e6afd137dd142e268a43e,C:\Users\AYOUB\AppData\Local\EVRP\paper\raw\r202_21_COORDINATED_MPC_MCTS_27b0fa83667d4d8272fb.json.gz,concurrent
86331c98947fbcbb016bb184f1b49f39efd1e100835745e4434d35e9f2c9090f,C:\Users\AYOUB\AppData\Local\EVRP\paper\raw\r204_21_MPC_MCTS_H1_989ac364e219645f23a7.json.gz,concurrent
c34da1783adddaa3902a7f29f0c1cd66cb2dd6ed0620244079aa852ba2ac8527,C:\Users\AYOUB\AppData\Local\EVRP\paper\raw\r203_21_INDEPENDENT_MPC_MCTS_ccc689b4f86015059b7a.json.gz,concurrent
c34cc35db8a4f9999288c558208a847e91a23a7b1c3aa9d6e9e0de71c5dcf96e,C:\Users\AYOUB\AppData\Local\EVRP\paper\raw\r205_21_GREEDY_8c24d6c671d959164ead.json.gz,concurrent
61b309576ab204f076238ce1e77f4ec751f87d3f9eff7ff267e7a238da320c89,C:\Users\AYOUB\AppData\Local\EVRP\paper\raw\r204_21_INDEPENDENT_MPC_MCTS_9f56c90934c371e8e514.json.gz,concurrent
ea5250a17c5a64b912e1e75490d311384978aad9129f49fe55e7bab77fd64359,C:\Users\AYOUB\AppData\Local\EVRP\paper\raw\r205_21_MPC_MCTS_H1_24d6d561a63397fa62d6.json.gz,concurrent
10a904cfd51a36ef50205c83b43001c63ab48a3484931ddb5b1a03163d543323,C:\Users\AYOUB\AppData\Local\EVRP\paper\raw\r203_21_COORDINATED_MPC_MCTS_e1c16bf97fcccc2c8056.json.gz,concurrent
c328e578fbfc1c4ddcd8118420c619abfe6cdf76480b6c32c9e81a632b7605f4,C:\Users\AYOUB\AppData\Local\EVRP\paper\raw\r206_21_GREEDY_f772178d8606295c4f7e.json.gz,concurrent
c5e5543dc1dca8febdff697c5d17139d2e031283997162201017eeaeac19d0f3,C:\Users\AYOUB\AppData\Local\EVRP\paper\raw\r206_21_MPC_MCTS_H1_bc6c58cb50b9f8ce6d78.json.gz,concurrent
c62542e176324ca38f331950a62d0baa0286ccb09f461713fd558e90538a4b6c,C:\Users\AYOUB\AppData\Local\EVRP\paper\raw\r205_21_INDEPENDENT_MPC_MCTS_8d0592cc49de1af64fa0.json.gz,concurrent
11d53e2a355217775663df7cdfe71705d35e01be428ceeba2f2b1119027b9a69,C:\Users\AYOUB\AppData\Local\EVRP\paper\raw\r204_21_COORDINATED_MPC_MCTS_f8f92ddd3b4afa6e96f7.json.gz,concurrent
f13ec1755bd3eeaaccf93a0e190b75f44695a663d1ece1a51fc607a58ff6de14,C:\Users\AYOUB\AppData\Local\EVRP\paper\raw\r207_21_GREEDY_0a06d3b997b809990187.json.gz,concurrent
b45acf463b6459119d528dcd32ce19e7a6b40ca368297fd8f99dca6c2f675a4d,C:\Users\AYOUB\AppData\Local\EVRP\paper\raw\r205_21_COORDINATED_MPC_MCTS_ebe7f4d7aa4079e0ff36.json.gz,concurrent
acbb4bcb5daab1cb79539ca907342d5e46233dbf2ba33a89d769954ac381aca8,C:\Users\AYOUB\AppData\Local\EVRP\paper\raw\r207_21_MPC_MCTS_H1_e5d37d2ef16c84d165ba.json.gz,concurrent
0eef6b99e85d144ee56e7247e8fd2f5c6ea97936af651248322ed1b543a10b97,C:\Users\AYOUB\AppData\Local\EVRP\paper\raw\r206_21_INDEPENDENT_MPC_MCTS_d62b137d7212009e40d7.json.gz,concurrent
3bd81fec2e1fedabed26c87fcbaad3384c720f0d31fbaf796239e195c0cec0bb,C:\Users\AYOUB\AppData\Local\EVRP\paper\raw\r208_21_GREEDY_df391e25e939db8ed25d.json.gz,concurrent
fd9e084b8dd4f20651b19effa7036a8f1b6273d8448597dedfb98629a9c03669,C:\Users\AYOUB\AppData\Local\EVRP\paper\raw\r206_21_COORDINATED_MPC_MCTS_765b94532b8df2dda895.json.gz,concurrent
73044c487e22f4ea8c8467cab2eea447735647b5e6259d80e4b14a0da1515c93,C:\Users\AYOUB\AppData\Local\EVRP\paper\raw\r208_21_MPC_MCTS_H1_9a1b5d33cf07dc4b1c27.json.gz,concurrent
b023e682f20148a1db277a947833463e815846af263cfad7bd91b845d33647af,C:\Users\AYOUB\AppData\Local\EVRP\paper\raw\r207_21_INDEPENDENT_MPC_MCTS_91a26eeca97cb240b772.json.gz,concurrent
bdf4db5b5d5ee230799bb9fe777e0832608a7cf025e4884de0c692ac47a2bf97,C:\Users\AYOUB\AppData\Local\EVRP\paper\raw\r209_21_GREEDY_eac63f0c763d45ee02e8.json.gz,concurrent
897f930c358ec41e1a6fedb979e879c610f2df064fd8d9e88c193fb9b753e52f,C:\Users\AYOUB\AppData\Local\EVRP\paper\raw\r209_21_MPC_MCTS_H1_dfb0ab3c2c34befff143.json.gz,concurrent
42d9aac349e5544cff1ec4e8cc11ce9c551047cd888f87ec57b1774c66d41aa6,C:\Users\AYOUB\AppData\Local\EVRP\paper\raw\r207_21_COORDINATED_MPC_MCTS_6a3b8a6794d9e1b3f55a.json.gz,concurrent
74b6d09f49045c62b91c44e6d3cfa7bf5e1659991667208a1c9d599c6862e4f4,C:\Users\AYOUB\AppData\Local\EVRP\paper\raw\r209_21_INDEPENDENT_MPC_MCTS_fe6f624eadfa1d9f9bb8.json.gz,concurrent
87bfa4e9286e14ddbca2a63e81f65e34e025d42503fd8dfe40dafa09e35532c9,C:\Users\AYOUB\AppData\Local\EVRP\paper\raw\r209_21_COORDINATED_MPC_MCTS_088dd1cf789a014e0d63.json.gz,concurrent
ef02b0ccae78102cfe7c80f49da24e278aa65269a6888ec73c77bc06bff716c8,C:\Users\AYOUB\AppData\Local\EVRP\paper\raw\r210_21_GREEDY_9e7fd21470b0d07e7b64.json.gz,concurrent
d65f5724780962f0cba713c0c8901fc2875fbe1929c2935ab544783ab2a0e423,C:\Users\AYOUB\AppData\Local\EVRP\paper\raw\r208_21_INDEPENDENT_MPC_MCTS_a9369b199c3c4f4b50e2.json.gz,concurrent
47bf1a258480f0a5cb0f649c443d6587f4dc592141f5cd1bfb63f39620737c49,C:\Users\AYOUB\AppData\Local\EVRP\paper\raw\r210_21_MPC_MCTS_H1_da9056fffae7e65eda8f.json.gz,concurrent
aabd31e85581e90760fa51a7c55a9a6dbe015cd30aa7095a7026233aec5ab049,C:\Users\AYOUB\AppData\Local\EVRP\paper\raw\r211_21_GREEDY_8bb3cd4f11562a9c1f39.json.gz,concurrent
07490ce749296b3c1f0fc694af2447cf0b0e30979e57889a0fd8d1ae1be53755,C:\Users\AYOUB\AppData\Local\EVRP\paper\raw\r211_21_MPC_MCTS_H1_86f17b74f63fe0eb5c61.json.gz,concurrent
00c6185f8db7c228f92669c41c10f8ea87d20d2d121c8f31be9f28a87e121cfc,C:\Users\AYOUB\AppData\Local\EVRP\paper\raw\r208_21_COORDINATED_MPC_MCTS_d86e871ce36dbff08701.json.gz,concurrent
4978b3a4c0a3abd347cb394b572da4f0d85478e09ad89ccb08b66bee88a2176b,C:\Users\AYOUB\AppData\Local\EVRP\paper\raw\r210_21_INDEPENDENT_MPC_MCTS_d63ba788a0c6aa5e376c.json.gz,concurrent
91d240a9f9805e7dfe846df5f5403114c1fb0a42b885f89872969ccdfc4f59b7,C:\Users\AYOUB\AppData\Local\EVRP\paper\raw\r210_21_COORDINATED_MPC_MCTS_7ff20a616fd971c1f733.json.gz,concurrent
73213573cc60e40160f343c1745dcbe0b0d60528fbbe8a4b641e32b9a319efc2,C:\Users\AYOUB\AppData\Local\EVRP\paper\raw\r211_21_INDEPENDENT_MPC_MCTS_2e77690ed4310243d73d.json.gz,concurrent
cb224d33acac92dde24627ab1be13c74ad086c667085a6008f3a260c5f884ae6,C:\Users\AYOUB\AppData\Local\EVRP\paper\raw\rc101_21_GREEDY_ed6663df4de51079a9a8.json.gz,concurrent
b26413a155d2110da74aa72784576086335929d824ec7d6ecae5b48865d70b20,C:\Users\AYOUB\AppData\Local\EVRP\paper\raw\rc102_21_GREEDY_8b44b8141eed8e65f19c.json.gz,concurrent
6fbb1729869129f00ebc22e33d91d78cf9a8a936507c2a014550c96bc81724e4,C:\Users\AYOUB\AppData\Local\EVRP\paper\raw\rc101_21_MPC_MCTS_H1_7ddc0aa260c210738c46.json.gz,concurrent
b42b0b0c26937649d34659dd0f30e8257c544f9a8c9545efbd1b77276ab24572,C:\Users\AYOUB\AppData\Local\EVRP\paper\raw\r211_21_COORDINATED_MPC_MCTS_75e60b40abbc3d3a2799.json.gz,concurrent
d0c8dc659f87c61b980cef4c0598fed766a6e4952c23817efc92d592bbf39a26,C:\Users\AYOUB\AppData\Local\EVRP\paper\raw\rc102_21_MPC_MCTS_H1_d815cd8aa2ba0bffcc19.json.gz,concurrent
15dad212a3271ff7f01f77c0d535183a86bc1f5a20cdaf2e0f3c56470f4977f3,C:\Users\AYOUB\AppData\Local\EVRP\paper\raw\rc103_21_GREEDY_4abf46e457e596e4aaba.json.gz,concurrent
0529613e49570248fe65a1a4618ec164cf11b918397c2a76042b2babb69787f3,C:\Users\AYOUB\AppData\Local\EVRP\paper\raw\rc101_21_INDEPENDENT_MPC_MCTS_a5da29a9384b5acad3b8.json.gz,concurrent
09a33ddfcd961c798d584abe3a4dfd8ccf11961a30c6aba052909db4fd0ed849,C:\Users\AYOUB\AppData\Local\EVRP\paper\raw\rc103_21_MPC_MCTS_H1_8ecfa7e80f96cac996e8.json.gz,concurrent
a46ecc6956e66962437cf8d592f36ffa029001c6c10afa947ceac240e412eb4c,C:\Users\AYOUB\AppData\Local\EVRP\paper\raw\rc102_21_INDEPENDENT_MPC_MCTS_f656a3290604a4aab6d4.json.gz,concurrent
420077bb145dc59a55c5a6ccf777220154de1d25f1b7651b346aea18ececaf43,C:\Users\AYOUB\AppData\Local\EVRP\paper\raw\rc104_21_GREEDY_c02ace7ff72fb247b2cf.json.gz,concurrent
151a7f72700739448069a7655254de943fb9ec3a0c36be9defb6496517d17af8,C:\Users\AYOUB\AppData\Local\EVRP\paper\raw\rc102_21_COORDINATED_MPC_MCTS_63a654687e1bfb55e334.json.gz,concurrent
02ff3764f0dfae43c94feeb2e69bab8015865dc1d5bfc85da1b60dc86c6e2943,C:\Users\AYOUB\AppData\Local\EVRP\paper\raw\rc103_21_INDEPENDENT_MPC_MCTS_9b89402b9e69aaa367c3.json.gz,concurrent
f286f5fbe84e58d2d5bb5bb6ee90b7f4071845512db0b6056e264bb32a490db6,C:\Users\AYOUB\AppData\Local\EVRP\paper\raw\rc104_21_MPC_MCTS_H1_3d45c70e6e0fb9cbbc38.json.gz,concurrent
89c37d838df6a304e37a2ffe0548c4dc937e93eafe62a1bf730706e7cc1d65dc,C:\Users\AYOUB\AppData\Local\EVRP\paper\raw\rc105_21_GREEDY_7062b98ef53b693ed1e9.json.gz,concurrent
aa78408a32bd479b9faee90036a4743433e33e2c7d1ccfd7e3fbbc87fea41ffc,C:\Users\AYOUB\AppData\Local\EVRP\paper\raw\rc103_21_COORDINATED_MPC_MCTS_0415688cb6ff09ff1162.json.gz,concurrent
c5f5114485270d9a299458c7f68673019d9dce8c538d79b3620929ed10b846ba,C:\Users\AYOUB\AppData\Local\EVRP\paper\raw\rc105_21_MPC_MCTS_H1_e0277e7a02b684618429.json.gz,concurrent
996ea36257eb83113f01062eb034af57ed4fd631a1e8332ca593fdfcb3010577,C:\Users\AYOUB\AppData\Local\EVRP\paper\raw\rc104_21_INDEPENDENT_MPC_MCTS_d417b798ada4533c1bbf.json.gz,concurrent
9330ce74c3702c33eb1d8aea9fb1f30bd77cb4a64e0cdc47d7f4074f729f18b8,C:\Users\AYOUB\AppData\Local\EVRP\paper\raw\rc106_21_GREEDY_6544fe460b424762d33d.json.gz,concurrent
2feca8155ec4ba5e8479a511134f64eba1e6937bac8725f8f87c268f6ccc443c,C:\Users\AYOUB\AppData\Local\EVRP\paper\raw\rc105_21_INDEPENDENT_MPC_MCTS_a498e5d959971f6d3c50.json.gz,concurrent
f51f0eea8a5df931ea5b4e257f4d302862699a0cee2799674523cfc4704e1429,C:\Users\AYOUB\AppData\Local\EVRP\paper\raw\rc104_21_COORDINATED_MPC_MCTS_2a59b4a84077f3d3a474.json.gz,concurrent
bad5a3cf6b3f8ab5cc69bfaf01631df8713290b1590aae9da3fe4e01d551c5a6,C:\Users\AYOUB\AppData\Local\EVRP\paper\raw\rc106_21_MPC_MCTS_H1_c49757f263ba532d671d.json.gz,concurrent
cf3de5f92e5e860e5d4ecedb56081ebb671e8d303bf22244bc7d7b37aa95ef7d,C:\Users\AYOUB\AppData\Local\EVRP\paper\raw\rc107_21_GREEDY_dd888429b48a7e77b947.json.gz,concurrent
5584618f97af6a1c7206482a9f250caeb2d26390899202c4ded71804d27f6960,C:\Users\AYOUB\AppData\Local\EVRP\paper\raw\rc105_21_COORDINATED_MPC_MCTS_3ef3871ad4f193f5610c.json.gz,concurrent
4129d9877fb5be4fa25f86bbcb1a544982175085e8c38e7eb88c9c98719a1c13,C:\Users\AYOUB\AppData\Local\EVRP\paper\raw\rc107_21_MPC_MCTS_H1_864be5e6d24898ab3738.json.gz,concurrent
08c315fc2bb318ef4ea2e0874743695a6bcfcd7c9ce28b05286db618317a78c6,C:\Users\AYOUB\AppData\Local\EVRP\paper\raw\rc106_21_INDEPENDENT_MPC_MCTS_3bbefaf23741efe6466a.json.gz,concurrent
2b2336ef27ec78efd71e4ef858e3f34b6ad93afcb5c37f7355afaa10662ffc48,C:\Users\AYOUB\AppData\Local\EVRP\paper\raw\rc108_21_GREEDY_55d52771e8068021fda4.json.gz,concurrent
96267b207fe119e423db1806b0cb042f20a44449f95eaa37e0881fff8c049d98,C:\Users\AYOUB\AppData\Local\EVRP\paper\raw\rc106_21_COORDINATED_MPC_MCTS_df874b5d964548cbbc1e.json.gz,concurrent
f12e67cc95bea1f18af21ea9a667299b1695f9a817dbbda23c4bcfb5ba38558b,C:\Users\AYOUB\AppData\Local\EVRP\paper\raw\rc107_21_INDEPENDENT_MPC_MCTS_1ca28b25f9fd3aa2de44.json.gz,concurrent
5fea4d98484480ddc84be9a4a2ec353497cbdd512be0f580e49c63747d09e7ab,C:\Users\AYOUB\AppData\Local\EVRP\paper\raw\rc108_21_MPC_MCTS_H1_3b547bbf3500d395d6d1.json.gz,concurrent
2cd1b2b45f64b86ca704f889f571691db71d9605b7de3626a9658cb01dd0f4a3,C:\Users\AYOUB\AppData\Local\EVRP\paper\raw\rc201_21_GREEDY_07fb276d93c59be62585.json.gz,concurrent
6ebd09445d84da58acaee6d7968f4134998a229e2457dbb5787ea1801b71f96c,C:\Users\AYOUB\AppData\Local\EVRP\paper\raw\rc201_21_MPC_MCTS_H1_b7f335e21b3f128933fc.json.gz,concurrent
9973f79809c6114dbe37486bb45dabe2cc6666da3666b7949d4ace6c31e5881e,C:\Users\AYOUB\AppData\Local\EVRP\paper\raw\rc201_21_INDEPENDENT_MPC_MCTS_46077a29496e5263feaa.json.gz,concurrent
d8ea1b24b63887cf70214f7ee593d566e09c7934012210bd21dcffbe76f1b398,C:\Users\AYOUB\AppData\Local\EVRP\paper\raw\rc107_21_COORDINATED_MPC_MCTS_1191148a9ac82f04f3cb.json.gz,concurrent
82b600830ad6fadce33de2d3fc366dca2e76674ee4029e4dc6e2e8ff277327e4,C:\Users\AYOUB\AppData\Local\EVRP\paper\raw\rc202_21_GREEDY_cd901c1998fa256549b7.json.gz,concurrent
b56abb8acdbdcecb6c6badb2d5b42cdfbf39661764328dc0be12e20578e5fa4e,C:\Users\AYOUB\AppData\Local\EVRP\paper\raw\rc202_21_MPC_MCTS_H1_2ddb540db29b0d0db4d9.json.gz,concurrent
65723e23c26d45674aa2638aa0ac6db425aa98c700cc8825c1062c3e8dc5dc51,C:\Users\AYOUB\AppData\Local\EVRP\paper\raw\rc108_21_INDEPENDENT_MPC_MCTS_3b1c70cc84f819b0a81f.json.gz,concurrent
13065295bc1504a02c9d975223c20c71ef21fd6512ac9a6831e434157fb4ff83,C:\Users\AYOUB\AppData\Local\EVRP\paper\raw\rc203_21_GREEDY_ec72a93d4686d080273f.json.gz,concurrent
12ba466f990ad1043e7ff00057266f5f2abb95c49357d2fcc1ea869270f6624f,C:\Users\AYOUB\AppData\Local\EVRP\paper\raw\rc203_21_MPC_MCTS_H1_2d4171bf0e43b9668a8c.json.gz,concurrent
9a8ac3c6e4ea7c6707326f6e744b4e5c762b105cbb20b61adfdc627fefaf2d29,C:\Users\AYOUB\AppData\Local\EVRP\paper\raw\rc108_21_COORDINATED_MPC_MCTS_8f59090ef25441367c14.json.gz,concurrent
0cd348c10a1029e6863389f6bc2940a5821eb481ae6dff364457f79c24090865,C:\Users\AYOUB\AppData\Local\EVRP\paper\raw\rc202_21_INDEPENDENT_MPC_MCTS_b45ccef124fce8d95c0a.json.gz,concurrent
e3e6e15c5dcdad9706c567086c09de24482d248e11056e72bf39f283e14b6ea7,C:\Users\AYOUB\AppData\Local\EVRP\paper\raw\rc204_21_GREEDY_5a5a12ee442065bda1db.json.gz,concurrent
53b43d2f3786747523648c1642ddc729458efbdda8a7b959afd47e30cb1d1f3e,C:\Users\AYOUB\AppData\Local\EVRP\paper\raw\rc202_21_COORDINATED_MPC_MCTS_263cee1adb859a3b2449.json.gz,concurrent
79cc4c17f90f3816d0ee9b13030b140307a59fdb931d879678a4d65dd60400e0,C:\Users\AYOUB\AppData\Local\EVRP\paper\raw\rc204_21_MPC_MCTS_H1_65929d821eac431002b4.json.gz,concurrent
4858de78c79354ec50899a5d382fcb2444d0b5ffb8bd8bab1fd6c3b1c1c246be,C:\Users\AYOUB\AppData\Local\EVRP\paper\raw\rc203_21_INDEPENDENT_MPC_MCTS_24b7ec96c3497399d6ec.json.gz,concurrent
5999786df27b094ca09e08538e9ea5196e33e9951e0e1c27b6725c3fa94e0f6a,C:\Users\AYOUB\AppData\Local\EVRP\paper\raw\rc205_21_GREEDY_6f10bbacdfce985e6b76.json.gz,concurrent
275144ef32d9cbd79cf89acf9f1967c686b9ccca32ef391c1ddd6065dc040b94,C:\Users\AYOUB\AppData\Local\EVRP\paper\raw\rc203_21_COORDINATED_MPC_MCTS_caab2880e5e26bc469db.json.gz,concurrent
95b069a600aa9d81de740269e3b543e1b22ec32bf56b2f188e3b2a9d2d2a5a07,C:\Users\AYOUB\AppData\Local\EVRP\paper\raw\rc205_21_MPC_MCTS_H1_964443b9cd57d9668ad5.json.gz,concurrent
0d9b254bced5929f9fbdd3e99f04b733c41ebb087fda8885a1ec0b8b8167cbc0,C:\Users\AYOUB\AppData\Local\EVRP\paper\raw\rc205_21_INDEPENDENT_MPC_MCTS_689c7e44e9a0a5cac9d4.json.gz,concurrent
efb442ebeb7426a30aa9603f39e1680eebc19ef9ee8dd7e79f295736fa809c33,C:\Users\AYOUB\AppData\Local\EVRP\paper\raw\rc206_21_GREEDY_da8c9e879918696cd389.json.gz,concurrent
d75976b163ab10966fe26d7bf9245763ed581b0ff7696def504fdea462ba8204,C:\Users\AYOUB\AppData\Local\EVRP\paper\raw\rc206_21_MPC_MCTS_H1_251fcb3e17509964d7f6.json.gz,concurrent
432c75dc891e4b3a0380b626157d833cf06ee428a82e432e3adbcf386b3399b5,C:\Users\AYOUB\AppData\Local\EVRP\paper\raw\rc204_21_INDEPENDENT_MPC_MCTS_512ca72eb845ac4b8ec2.json.gz,concurrent
63c346648705dc01021f79e7af4e67b253143e80a9f70e707e2b1a34433fb2fe,C:\Users\AYOUB\AppData\Local\EVRP\paper\raw\rc205_21_COORDINATED_MPC_MCTS_001cb1884a5c3b851d0b.json.gz,concurrent
c588d8a905b8b8883d6eb9e80c321e22bf6e80e61698f5246e03860e88b34a27,C:\Users\AYOUB\AppData\Local\EVRP\paper\raw\rc207_21_GREEDY_8f69dd0b60396e46b7d1.json.gz,concurrent
61dbcae6e0559194edc1d2deb4f8e232b5b9932c799897f0f3c1c2e3960ccf91,C:\Users\AYOUB\AppData\Local\EVRP\paper\raw\rc207_21_MPC_MCTS_H1_492d91ad547724fe855e.json.gz,concurrent
f5c7b404200d754ca6eacd99c562f9dd8f973ed506ec187d43490adb53e04d6e,C:\Users\AYOUB\AppData\Local\EVRP\paper\raw\rc206_21_COORDINATED_MPC_MCTS_035a74bbe4347e60fb50.json.gz,concurrent
8395bdfa5a4a56bb67bf5c37d2c6e0805554fb803d67457b9fcec219fcb7fe47,C:\Users\AYOUB\AppData\Local\EVRP\paper\raw\rc206_21_INDEPENDENT_MPC_MCTS_252bd2e5e680c76d46fe.json.gz,concurrent
82c9ba4f7385d82a5dc0780810520b5cf2440f4e9128a5078bdda10f3596f964,C:\Users\AYOUB\AppData\Local\EVRP\paper\raw\rc204_21_COORDINATED_MPC_MCTS_6bceae3625906785de4f.json.gz,concurrent
195e08fe882e089c59749c55c5a42e7337498fd5889b3765d86675058d09ab1d,C:\Users\AYOUB\AppData\Local\EVRP\paper\raw\rc208_21_GREEDY_5f1df28dbc56fdc87a11.json.gz,concurrent
f521d6c9d1f154a55cbe700a11171becf1d21b2bfc9aaedefeea7e2b74c6d755,C:\Users\AYOUB\AppData\Local\EVRP\paper\raw\rc208_21_MPC_MCTS_H1_efee4902dc2e7369ce4f.json.gz,concurrent
9c0b22382cb4344e24976d8f7a0e47627176a1e47a359154c80b1b2f8735d5fd,C:\Users\AYOUB\AppData\Local\EVRP\paper\raw\rc207_21_COORDINATED_MPC_MCTS_9389a1fca3b8ab6c9d16.json.gz,concurrent
cd13dffaa8a7383205445e10559c2b457c9a80527ead3f9e0a489a2cedca8c46,C:\Users\AYOUB\AppData\Local\EVRP\paper\raw\rc207_21_INDEPENDENT_MPC_MCTS_0726fd7f68f867ca7a82.json.gz,concurrent
d85ee14588c78e187f28963db038f3cdc933dbaff9269af805dc8efa352cde47,C:\Users\AYOUB\AppData\Local\EVRP\paper\raw\c101_21_GREEDY_3e4fab5dcecc1b986ce6.json.gz,concurrent
7f024a5f29a32a6fccb5caafa49ca90496fc1ee5fdfa60d31d72cbb70011d4e4,C:\Users\AYOUB\AppData\Local\EVRP\paper\raw\c101_21_MPC_MCTS_H1_5b3ba73f5e8a0e227ca8.json.gz,concurrent
e72813e25a8af828b169d8d09d5d2d92e6c4ce1f7767fba36361cb66374a7b2d,C:\Users\AYOUB\AppData\Local\EVRP\paper\raw\rc208_21_INDEPENDENT_MPC_MCTS_4ea0b4229a3570df4486.json.gz,concurrent
c1e8c7dabdcdaf17590178af9c2c511c94855d66fe74e4b05730b416cf8f9e10,C:\Users\AYOUB\AppData\Local\EVRP\paper\raw\c101_21_GREEDY_a841b9c434b195851734.json.gz,concurrent
05bf268d007cd34273b01bd6699d2e74dabe9a42870b8308d27694f9faa317da,C:\Users\AYOUB\AppData\Local\EVRP\paper\raw\rc208_21_COORDINATED_MPC_MCTS_fdf0cdf7eb25e129734e.json.gz,concurrent
d802e8d61539221fe3d7a5fb18e04bc404bbc00b0713dd9f308743216101df50,C:\Users\AYOUB\AppData\Local\EVRP\paper\raw\c101_21_INDEPENDENT_MPC_MCTS_8cd5a091bb015a0368af.json.gz,concurrent
730fe6ca177bf283906742180e5dfdfc1d87dfae913d18c1e4a328c249deb060,C:\Users\AYOUB\AppData\Local\EVRP\paper\raw\c101_21_MPC_MCTS_H1_b26ce38ef082189e129f.json.gz,concurrent
3181ac700e4b2987e43a595003f21333151a70ea71ef94ba9407d8e3c11e44b9,C:\Users\AYOUB\AppData\Local\EVRP\paper\raw\c101_21_GREEDY_2ecb431531e068281cd4.json.gz,concurrent
d0296adad4835c739b1ef503b6e86c6dfb3e8bcfe840cb1018b0b5c7b9bec0c7,C:\Users\AYOUB\AppData\Local\EVRP\paper\raw\c101_21_COORDINATED_MPC_MCTS_6e6ce4d539e45b41e1ad.json.gz,concurrent
24673d2cebd4ceb587b6012565a87fb83c32545ef6a8b520318907424820cc14,C:\Users\AYOUB\AppData\Local\EVRP\paper\raw\c101_21_MPC_MCTS_H1_4bdd4e5d875ee4de905f.json.gz,concurrent
0f59569cc7f289f716216c6b9fda286bc9ad556c4f0ac4fe471dd83878d5b6a0,C:\Users\AYOUB\AppData\Local\EVRP\paper\raw\c101_21_INDEPENDENT_MPC_MCTS_e1b1926e9811d1a674e5.json.gz,concurrent
beaf92cdbd60c0db51a51fc315c019f431b8f96ce2a4781ab8e5f49d74b6b813,C:\Users\AYOUB\AppData\Local\EVRP\paper\raw\c101_21_GREEDY_9ec4ac380cb1dafd4222.json.gz,concurrent
f63e482365b9a24a8963daa4237130b3584795731d483d683a2e564dc0f23811,C:\Users\AYOUB\AppData\Local\EVRP\paper\raw\c101_21_MPC_MCTS_H1_f8aa25acf7885c93c2d3.json.gz,concurrent
26f9130b4b911ce6d06ba354f908bc4968f452111fc66e1a6964d4f7f7cd267f,C:\Users\AYOUB\AppData\Local\EVRP\paper\raw\c101_21_COORDINATED_MPC_MCTS_16e29433a25e3a21a8f7.json.gz,concurrent
8d104dcc8e1bcd2f286581ba81e3fd6d289e85fd7e44e7d66d7c220da0736d27,C:\Users\AYOUB\AppData\Local\EVRP\paper\raw\c101_21_INDEPENDENT_MPC_MCTS_548252f992a07777afb6.json.gz,concurrent
49849e915ec4c6a701377293895c48252d35de3c15241a3e0b93f06749c13f4b,C:\Users\AYOUB\AppData\Local\EVRP\paper\raw\c101_21_GREEDY_f4ac21542cc1b82cc084.json.gz,concurrent
fdd72b1da6d685c49f66635c8f6420f1248303b7dc9f844f255d7ea3ee0e1d6a,C:\Users\AYOUB\AppData\Local\EVRP\paper\raw\c101_21_COORDINATED_MPC_MCTS_ff2251594abc2f9a62e6.json.gz,concurrent
f570d82710348bf389aef57cecb7c04c47167238e8109d9dc26d10147b8cb301,C:\Users\AYOUB\AppData\Local\EVRP\paper\raw\c101_21_MPC_MCTS_H1_45acb435921c372b5c0b.json.gz,concurrent
b98f33f2deff1ff83f555308261c8b535ccf827e7a9a652af9a592e2be160664,C:\Users\AYOUB\AppData\Local\EVRP\paper\raw\c101_21_INDEPENDENT_MPC_MCTS_fd3aac35dfd010fe3da3.json.gz,concurrent
48e4660cd48b3393bd56e8bd6720b7ddb6f06377cc4ac250cbe4f561d8f99ef5,C:\Users\AYOUB\AppData\Local\EVRP\paper\raw\c101_21_GREEDY_c41312d17c0508718931.json.gz,concurrent
105903d17c88567619bdff2a029ec993dcad26602fb5eef93715497bf46a0ce5,C:\Users\AYOUB\AppData\Local\EVRP\paper\raw\c101_21_MPC_MCTS_H1_a2fa6234798ca5aa361e.json.gz,concurrent
4c07955fbc7babe55a2b957f38e61e8de2b50db53869b70867bf84cd6f211df4,C:\Users\AYOUB\AppData\Local\EVRP\paper\raw\c101_21_COORDINATED_MPC_MCTS_e958d5946c0aa1b1bc4d.json.gz,concurrent
c6ef83a1e46389a0ea0787622c7e7750b95eb28ead7e94d3975597813753c051,C:\Users\AYOUB\AppData\Local\EVRP\paper\raw\c101_21_INDEPENDENT_MPC_MCTS_aa6919aa97dd0b2e79be.json.gz,concurrent
f02e2371b096bcd67ba2356090a9f858eb4c082daee299ff62bfa005da5a5a83,C:\Users\AYOUB\AppData\Local\EVRP\paper\raw\c101_21_GREEDY_8b382a0f0c63cb81e4ba.json.gz,concurrent
47b3aae8eab6328588970bbc876667263a914d2d651de20cfbdddcd931d3c680,C:\Users\AYOUB\AppData\Local\EVRP\paper\raw\c101_21_MPC_MCTS_H1_410e6f1810bced839817.json.gz,concurrent
c89b3990ec757b975a6cd1ae21c13389fa7e0c04d9dda346fd6484f8f5c69de9,C:\Users\AYOUB\AppData\Local\EVRP\paper\raw\c101_21_COORDINATED_MPC_MCTS_64e0735edd423b7d8918.json.gz,concurrent
88e0c4584f5f1cb5ba2b4a3b66259e8c2fab34c6cd58af130a0ffda2a93b8ded,C:\Users\AYOUB\AppData\Local\EVRP\paper\raw\c101_21_INDEPENDENT_MPC_MCTS_fe0b5a9bf358ca2df31f.json.gz,concurrent
e85af1a204f255249bc1bfb019f21982b43c1bdc1757301a146579a09c9e1f42,C:\Users\AYOUB\AppData\Local\EVRP\paper\raw\c109_21_GREEDY_d180a44fcd02513bb4d8.json.gz,concurrent
12abc524b770b5e59a8ef52cad3f5b455770900aa105d18fec27ae9f25aa6d69,C:\Users\AYOUB\AppData\Local\EVRP\paper\raw\c101_21_COORDINATED_MPC_MCTS_0a4b80773f02f69debc6.json.gz,concurrent
b72699f27cbb23abce048fbd068815f9c2d44b093dcfe0f5069a40ecb6443b87,C:\Users\AYOUB\AppData\Local\EVRP\paper\raw\c109_21_MPC_MCTS_H1_f4946e8f110121d620b8.json.gz,concurrent
0ca421fe829a0379ec63c1be40b5aedb15c6fd15503697720b1c6f9fc6a3ce20,C:\Users\AYOUB\AppData\Local\EVRP\paper\raw\c101_21_INDEPENDENT_MPC_MCTS_89561cf8783de981a9c7.json.gz,concurrent
078411ab3c2a8f0482c976e3d24fb2ae1cf1166925e0b2c33bf016c04c15c908,C:\Users\AYOUB\AppData\Local\EVRP\paper\raw\c109_21_GREEDY_918ed88ac95907002ecb.json.gz,concurrent
0f4832fd7dbaf6593baabccf66120fd4be8e3a3c4060c7ecbd8a27d792f4567d,C:\Users\AYOUB\AppData\Local\EVRP\paper\raw\c101_21_COORDINATED_MPC_MCTS_9d13b772c3ef791e8e79.json.gz,concurrent
02f56d291c31fdeda0674e19200f5f47d0d13903689049a3e255a7b68434b1c7,C:\Users\AYOUB\AppData\Local\EVRP\paper\raw\c109_21_MPC_MCTS_H1_060c35084937a8f0dd48.json.gz,concurrent
5a58ad3e411a0b029c071f7ab4267bd34ef73ff06bc875acd363ff01ee6a8d18,C:\Users\AYOUB\AppData\Local\EVRP\paper\raw\c109_21_INDEPENDENT_MPC_MCTS_c660179ccc0578078cee.json.gz,concurrent
77a521631a64b5ccd322c5fddb27884a543916cce90de35e862844d1425dac78,C:\Users\AYOUB\AppData\Local\EVRP\paper\raw\c109_21_GREEDY_0db44c95559d55517056.json.gz,concurrent
9a6e16b189d924c3481bbfd835c41c5e38e1f4a0b973a5d46913c2acc93510fe,C:\Users\AYOUB\AppData\Local\EVRP\paper\raw\c109_21_MPC_MCTS_H1_e13dd0bf355e58852d45.json.gz,concurrent
62975cc585ef1eaeb4aea6e3f2d7b77604ba6e4dd222bbef3f39d52e323773e5,C:\Users\AYOUB\AppData\Local\EVRP\paper\raw\c109_21_INDEPENDENT_MPC_MCTS_b17e207f4883d52a5d06.json.gz,concurrent
6f6c8fc56fa27bde6f1356ed1502b51c5b14739ac9ef7e51a10b27cff1f8ff98,C:\Users\AYOUB\AppData\Local\EVRP\paper\raw\c109_21_COORDINATED_MPC_MCTS_32288f53a6824446d051.json.gz,concurrent
220777ce96ae6b434c23cc19fc68c2459829d517dd1da493484850ee15e07c64,C:\Users\AYOUB\AppData\Local\EVRP\paper\raw\c109_21_GREEDY_3de2deb75c84a3a3d4ff.json.gz,concurrent
4e499fb5e07265645cdeb0d2a3aec82eb7f50e47cd7aa6b9a5a08813f0f7698b,C:\Users\AYOUB\AppData\Local\EVRP\paper\raw\c109_21_COORDINATED_MPC_MCTS_448ffbe568534f489efb.json.gz,concurrent
021808dc3b29eb13cb2044776ee07dc6bc15b63052bf1fd97414161a532a2521,C:\Users\AYOUB\AppData\Local\EVRP\paper\raw\c109_21_MPC_MCTS_H1_83f94bb8228d6bad368b.json.gz,concurrent
26215b0367fd80b3a43e7e262a9454f51e930c4fbed885323a845303031fb88c,C:\Users\AYOUB\AppData\Local\EVRP\paper\raw\c109_21_INDEPENDENT_MPC_MCTS_33c7dbf2d2afd4a6b768.json.gz,concurrent
8fbe912ceb9f5943069baebed2fbf997f34799ed6e5e56eff7383d64f76c198b,C:\Users\AYOUB\AppData\Local\EVRP\paper\raw\c109_21_GREEDY_51d9bd8dcc3b37d634c4.json.gz,concurrent
26124f6b79546df23f0229c2c8c0be9d92daa46b89eb30c18c1488cac6649274,C:\Users\AYOUB\AppData\Local\EVRP\paper\raw\c109_21_COORDINATED_MPC_MCTS_c2769ab4e8cece33f70d.json.gz,concurrent
c90056d4c8e951be252b0a1815f8e98fdbe11319dc74e38781d1829299c22c51,C:\Users\AYOUB\AppData\Local\EVRP\paper\raw\c109_21_INDEPENDENT_MPC_MCTS_4b6c827f2417a0f17a44.json.gz,concurrent
aeecc6fe84190f23aa92854a39a83a3ea9dba8d8a4821f4d7e0f380dc7a4707a,C:\Users\AYOUB\AppData\Local\EVRP\paper\raw\c109_21_MPC_MCTS_H1_f8faa7fe1e93fc53f414.json.gz,concurrent
6d94ac5962cea133e30be0c64fddf2d5b0c1deac5be43b852635e4726b3e7bcc,C:\Users\AYOUB\AppData\Local\EVRP\paper\raw\c109_21_GREEDY_6b10c6e74fdb1a85f1fe.json.gz,concurrent
c20a5af54b87c8a6414798fdea16ea26e875aaf75bd5cd9b166521e11de10e58,C:\Users\AYOUB\AppData\Local\EVRP\paper\raw\c109_21_COORDINATED_MPC_MCTS_353f22d24058e19852a4.json.gz,concurrent
35e5f7ed8f3db9b32ee77ec523c5f52311a97f5c0c06549aea77663b54c2e7dd,C:\Users\AYOUB\AppData\Local\EVRP\paper\raw\c109_21_MPC_MCTS_H1_a65cd11846506e129762.json.gz,concurrent
13aec03fe48bf9885404f6ca5da887c3418ad8159e114c5ebf33f1e475bcaed9,C:\Users\AYOUB\AppData\Local\EVRP\paper\raw\c109_21_INDEPENDENT_MPC_MCTS_876cc07396217ac64407.json.gz,concurrent
a53a42c1d56dd4f1824d3fb426823fbb34c877abfacaea1bfbc110890467effd,C:\Users\AYOUB\AppData\Local\EVRP\paper\raw\c109_21_GREEDY_10d085efa8a8b588dc14.json.gz,concurrent
ee6f9e4de45af3d90a06f8684bd791bf1d1bf6c9ccfcdb226f4ba9e993cd19ac,C:\Users\AYOUB\AppData\Local\EVRP\paper\raw\c109_21_COORDINATED_MPC_MCTS_ab77848267a52b02743f.json.gz,concurrent
65abb68e4209252207e19d8133cf1f7ef770b871bf0cb4ed7ef3dda53e58f6fe,C:\Users\AYOUB\AppData\Local\EVRP\paper\raw\c109_21_MPC_MCTS_H1_87d602e037ec725b8b0c.json.gz,concurrent
752cfea4960130cd3929cd3a445921bd35d4860e74558cb25d7c0d3cada7d3f9,C:\Users\AYOUB\AppData\Local\EVRP\paper\raw\c109_21_INDEPENDENT_MPC_MCTS_f9ecc018e9d7c0ac9390.json.gz,concurrent
ee7af2170427db4b44dfe12ea5cd09489fcb4acaabb3dafe7255bcba1fda053f,C:\Users\AYOUB\AppData\Local\EVRP\paper\raw\c201_21_GREEDY_dc30f0567b642657b90a.json.gz,concurrent
5e0f47b71cc66b919b1a3cdf816b69898f2b27574023d962e0e7c094caca72d3,C:\Users\AYOUB\AppData\Local\EVRP\paper\raw\c201_21_MPC_MCTS_H1_a2e48276612cd444082f.json.gz,concurrent
c54ba300137ebe093ad0e5b77f098d179259b889feefda8aee0e24e39b210158,C:\Users\AYOUB\AppData\Local\EVRP\paper\raw\c201_21_INDEPENDENT_MPC_MCTS_24b1d1a86f3eb5b62cbe.json.gz,concurrent
926802e43c72adaa602492e447d7fc75cfeaa565144bdeeec612c5475f32753e,C:\Users\AYOUB\AppData\Local\EVRP\paper\raw\c109_21_COORDINATED_MPC_MCTS_3d3f1d694dc573dbb87c.json.gz,concurrent
10446dd6b391b7501395551ee72b81c10ecbe1a8de56d9e56db94b3b36ac63f4,C:\Users\AYOUB\AppData\Local\EVRP\paper\raw\c201_21_GREEDY_04ec45a1bfd174b4ef5a.json.gz,concurrent
57a36ea3f24912176b80c295bbbc1187a854a7f67cd05ffa75f1a065be475428,C:\Users\AYOUB\AppData\Local\EVRP\paper\raw\c201_21_MPC_MCTS_H1_0408bb4812f7bee368b3.json.gz,concurrent
cbefef9bbe77bde34a06f464a590a0301ae702de1f9b3a9a37065ca1bab8fcca,C:\Users\AYOUB\AppData\Local\EVRP\paper\raw\c201_21_COORDINATED_MPC_MCTS_bdfab098870cef6b4c59.json.gz,concurrent
1c684d13353b151835a8671302c764a38b73575437246f7086dbadf91f6abb0d,C:\Users\AYOUB\AppData\Local\EVRP\paper\raw\c201_21_INDEPENDENT_MPC_MCTS_f7c606732425f6ba9fab.json.gz,concurrent
20b6ed1e31b7912bc212a9ca03ffaafa4a9d5081f8933c638644c893c4cc80cb,C:\Users\AYOUB\AppData\Local\EVRP\paper\raw\c201_21_GREEDY_dd4a551503d5625944b7.json.gz,concurrent
71826fd66dc1e9b4eb853d2fdde9d9499b64bc59b701342d3de49ae9372dbd1e,C:\Users\AYOUB\AppData\Local\EVRP\paper\raw\c201_21_MPC_MCTS_H1_cefdd1a299e9567816c7.json.gz,concurrent
27de325f034c589ec1ec41e4c87949a49584f4a2279565a6d1be4844f8005ac8,C:\Users\AYOUB\AppData\Local\EVRP\paper\raw\c109_21_INDEPENDENT_MPC_MCTS_61db7f8fcb4a4dcd81ae.json.gz,concurrent
6ba63ecf03b2135557578c3e368ea01d48bdf3f10a9e9430aeba28c5279fbf5c,C:\Users\AYOUB\AppData\Local\EVRP\paper\raw\c201_21_COORDINATED_MPC_MCTS_0c16e4a0a98f52433747.json.gz,concurrent
18ad765e973f6578322aeb2b7304f2b3373c90263cfdb9e84fc365a4d512499b,C:\Users\AYOUB\AppData\Local\EVRP\paper\raw\c109_21_COORDINATED_MPC_MCTS_5e901407663fc3e25f44.json.gz,concurrent
ed3584d9c3bc6c26d7663e15f31d9030396d199377cefc116cbef19a199b24f1,C:\Users\AYOUB\AppData\Local\EVRP\paper\raw\c201_21_GREEDY_6dd884ffc0dfba9a07ab.json.gz,concurrent
c742816c0a9d5db34cb3a65b7425ea6b3303ad02cd78d1aae0385f3df3fc3fe6,C:\Users\AYOUB\AppData\Local\EVRP\paper\raw\c201_21_MPC_MCTS_H1_2748ec29e0468f0cfcff.json.gz,concurrent
5b609bf6aa7e33b1a84bc210b59c04f9502ccb913c6af9eac5853666e5d27593,C:\Users\AYOUB\AppData\Local\EVRP\paper\raw\c201_21_INDEPENDENT_MPC_MCTS_cde2d9f414111f6b8dc0.json.gz,concurrent
2f3586d9fa131f899e8c44aee673adb0e0d58cd9e3b41a559f80e049ee573bb0,C:\Users\AYOUB\AppData\Local\EVRP\paper\raw\c201_21_GREEDY_1526acc3497faba9d420.json.gz,concurrent
62a6fdbf33de28fe4e12086993c985c41060bb73c85f05bafb6ca2dde8f5bd51,C:\Users\AYOUB\AppData\Local\EVRP\paper\raw\c201_21_COORDINATED_MPC_MCTS_ceaa78bc10ff08fdb156.json.gz,concurrent
184be44840e438c6763ce19456ea3c3b43c403e71aab8dc0d565d03a2a0eb18e,C:\Users\AYOUB\AppData\Local\EVRP\paper\raw\c201_21_MPC_MCTS_H1_c34dadd189514f752b3e.json.gz,concurrent
2a1e9260be27549d04e6d89937a4a101b343d86953710eb8717e5b84cbb12cae,C:\Users\AYOUB\AppData\Local\EVRP\paper\raw\c201_21_INDEPENDENT_MPC_MCTS_384f0eb1a1f15fbf993a.json.gz,concurrent
46287af222ad7c76cd9dabbc9d6a493e282c092915c331037f19035e9dafa337,C:\Users\AYOUB\AppData\Local\EVRP\paper\raw\c201_21_GREEDY_68db4f621b5373972e44.json.gz,concurrent
33e4c5b1fa6f308d3c280b30ff2774b63534f21f1ebfec8501fb6ec8fdef359d,C:\Users\AYOUB\AppData\Local\EVRP\paper\raw\c201_21_MPC_MCTS_H1_8e39318c1c485832b1c3.json.gz,concurrent
2766d59341c293b239c08e790aa33bf907042899040cfcf0ffac4dd294c4cba2,C:\Users\AYOUB\AppData\Local\EVRP\paper\raw\c201_21_COORDINATED_MPC_MCTS_af42be4def387db219a8.json.gz,concurrent
d74320b07f8dbc0ed863af4cd7a1c2f3cedc225f04639ef20e5ba69974fc9400,C:\Users\AYOUB\AppData\Local\EVRP\paper\raw\c201_21_INDEPENDENT_MPC_MCTS_92d63914334a464f58af.json.gz,concurrent
473f325c9dbe9531bdcd5c0cb9717c22ca272ad934f7ca48b83d66594bfd4135,C:\Users\AYOUB\AppData\Local\EVRP\paper\raw\c201_21_GREEDY_9a4d91b8d4037b2e3fe7.json.gz,concurrent
02c962b0c6037743479304544d56e3657e62a7fd9d33ad1ac5f11494573ea1ed,C:\Users\AYOUB\AppData\Local\EVRP\paper\raw\c201_21_MPC_MCTS_H1_704911727ad9a58ae071.json.gz,concurrent
5356bca575149317394c034fe489614c5237e1609025978bc3f07253dc9ed89d,C:\Users\AYOUB\AppData\Local\EVRP\paper\raw\c201_21_COORDINATED_MPC_MCTS_a96051a9065ed01c70f1.json.gz,concurrent
a43ee52b8185f1e82a83ead487b1c928149da029d3996d732e329683c3c27c27,C:\Users\AYOUB\AppData\Local\EVRP\paper\raw\c201_21_INDEPENDENT_MPC_MCTS_70d21e3d821ed9500973.json.gz,concurrent
a5d2368c266c31ca698addfe4db597e017801f0b4c5399f1a02ffa74ed787b92,C:\Users\AYOUB\AppData\Local\EVRP\paper\raw\c208_21_GREEDY_891cce266eb6531f71fc.json.gz,concurrent
582ea7f0ef48ca1de41a5b55440bd8aead0917e2553bdfbf66a0f65bce002380,C:\Users\AYOUB\AppData\Local\EVRP\paper\raw\c208_21_MPC_MCTS_H1_e700bd354474b7a7cf38.json.gz,concurrent
4c9d6ea77e6710fb7025c18ec67014c3bd34e90c3ad1f086c6cf2a821597b317,C:\Users\AYOUB\AppData\Local\EVRP\paper\raw\c201_21_COORDINATED_MPC_MCTS_2b8fc7b0940ba0017d9d.json.gz,concurrent
3ecd5299e17c5b13b2a754cf5cc0999548912db7fa8a6a4d2dbdee1064526808,C:\Users\AYOUB\AppData\Local\EVRP\paper\raw\c201_21_INDEPENDENT_MPC_MCTS_e100df2f8686b00665c3.json.gz,concurrent
fd3bb32aa6eeb477c74caaf5f7873c2ba94380aa665db084510fa459cf183122,C:\Users\AYOUB\AppData\Local\EVRP\paper\raw\c208_21_INDEPENDENT_MPC_MCTS_fb0bbcff93fc3ba0f01a.json.gz,concurrent
972d48faabda98d36e592f1a7ecbb61583e043c0638aafcb17044fe065b3162d,C:\Users\AYOUB\AppData\Local\EVRP\paper\raw\c201_21_COORDINATED_MPC_MCTS_6cc52bdababcfde59f35.json.gz,concurrent
f48503a06d3a66160592b7bff48a265031fd95bb2303dbdda8fd0f9ec34cc215,C:\Users\AYOUB\AppData\Local\EVRP\paper\raw\c208_21_GREEDY_1e072553c764b486132b.json.gz,concurrent
7dd048453bfc0c3e52b89471510cfddc910d34d04dc22d21de105dccec50fafb,C:\Users\AYOUB\AppData\Local\EVRP\paper\raw\c208_21_MPC_MCTS_H1_add4093a387ea6c35883.json.gz,concurrent
1bf68062ed8eb5b4f8cc1c79e31c90585f2a049327175c3121668f1dbe2c18d3,C:\Users\AYOUB\AppData\Local\EVRP\paper\raw\c208_21_GREEDY_7fb1acda04a43b953dfa.json.gz,concurrent
a675c929fb954ee66a88b5647cfe2926cc3dd4ee5c3533d7a567a0c9d97a9510,C:\Users\AYOUB\AppData\Local\EVRP\paper\raw\c208_21_INDEPENDENT_MPC_MCTS_49e7492d0f55cc4a7dc9.json.gz,concurrent
2cc338ef443296aec3d1dd34cf418d16ac73438b45eafef49b29dc7dcd1da128,C:\Users\AYOUB\AppData\Local\EVRP\paper\raw\c208_21_MPC_MCTS_H1_a4fcbdd98ced3f3d3a6c.json.gz,concurrent
5d562b6b124d99414107211d0a170aef2e59bdf5ba26a40e0fbd385f26907e6a,C:\Users\AYOUB\AppData\Local\EVRP\paper\raw\c208_21_COORDINATED_MPC_MCTS_5a3473fb772fbbfbc2d2.json.gz,concurrent
0c561796bb0dae36897dd174fdd91bd3b6af13b7d8828d29bdbffe44f4482d50,C:\Users\AYOUB\AppData\Local\EVRP\paper\raw\c208_21_COORDINATED_MPC_MCTS_1acb1515b04db4420e2b.json.gz,concurrent
68b092ab7cb1bee34d16b4ea426f03a8a1f827244186a0687ee473789f005c1e,C:\Users\AYOUB\AppData\Local\EVRP\paper\raw\c208_21_GREEDY_dda00211a1ab0c403570.json.gz,concurrent
28bd211c7f5b74280fa59aa65b788976091cc132c29765e389b4a1a8aeb6fc06,C:\Users\AYOUB\AppData\Local\EVRP\paper\raw\c208_21_MPC_MCTS_H1_1d9792fef1d8eb5873fc.json.gz,concurrent
b5ddc3d0b2bbfafc31a03c41586c7a66dfd8f02dab9faba909c42e312b1a4d7c,C:\Users\AYOUB\AppData\Local\EVRP\paper\raw\c208_21_INDEPENDENT_MPC_MCTS_42fd4e8f2f7628cab735.json.gz,concurrent
060a4ed39fba018602c486f2876e9d86816772506ff494a771f70c8ea5789207,C:\Users\AYOUB\AppData\Local\EVRP\paper\raw\c208_21_INDEPENDENT_MPC_MCTS_944e41fe347d2046e3f9.json.gz,concurrent
6591a38904f08824576bf4f6c9ebe5656d41b8c7c6f40bf234318235a8e45478,C:\Users\AYOUB\AppData\Local\EVRP\paper\raw\c208_21_GREEDY_342c194c689787cfc82e.json.gz,concurrent
3ec191356e5cfca0e3b81aa4a3b6b1c2d2e126434585db32714f4c86075d5e7d,C:\Users\AYOUB\AppData\Local\EVRP\paper\raw\c208_21_COORDINATED_MPC_MCTS_99d134503c691978fd65.json.gz,concurrent
bbd8528cdea63dbe090aeeb38f77a02a55f4efaa8a66ead435897e8c083fedda,C:\Users\AYOUB\AppData\Local\EVRP\paper\raw\c208_21_MPC_MCTS_H1_fab4ec4c66922fdffea1.json.gz,concurrent
e58a5e568f9e852456c336d6fe4a3133b0fd2e239145695b0765a25b4028009f,C:\Users\AYOUB\AppData\Local\EVRP\paper\raw\c208_21_GREEDY_313ebb8a310e3eea5a68.json.gz,concurrent
43f9588cb001cfd4a5fc5f0a45fcdfd51687f1fbf915abb3c0032daa6513a4b0,C:\Users\AYOUB\AppData\Local\EVRP\paper\raw\c208_21_INDEPENDENT_MPC_MCTS_9969510725473530f5d1.json.gz,concurrent
f6d939c06395490db4751ddfb77358a01c639d7cc49dcde43a3b88de8e8df7bc,C:\Users\AYOUB\AppData\Local\EVRP\paper\raw\c208_21_MPC_MCTS_H1_90532ca30b21b5ef3fd2.json.gz,concurrent
29d3014334a977cc694d3fdc277d5722875b8a15fe3a6336b3a5ef8400dd6a0a,C:\Users\AYOUB\AppData\Local\EVRP\paper\raw\c208_21_COORDINATED_MPC_MCTS_8b0e3ad4b6e6f994641d.json.gz,concurrent
85cd84eb4e29408b0298858b4cec8fc4d3615152460f660a502d9252a73b904c,C:\Users\AYOUB\AppData\Local\EVRP\paper\raw\c208_21_GREEDY_9d656a4ff154444df85d.json.gz,concurrent
2b084cc8ba065c79c89c2e4293cdbf88fa5e3c8420833c2b5d2cf8ef1a238cf9,C:\Users\AYOUB\AppData\Local\EVRP\paper\raw\c208_21_MPC_MCTS_H1_0780144273a63d181c8b.json.gz,concurrent
eac12327bc9e508a3d4f062a741bbfee7c5f5b6f776890addd723602fc57c5c5,C:\Users\AYOUB\AppData\Local\EVRP\paper\raw\c208_21_COORDINATED_MPC_MCTS_4944fd6831b13d9d4a1d.json.gz,concurrent
940b03eb2d4be3bb681ecc8f7829a2353f8c337eda7242f13eafd0741a9586e9,C:\Users\AYOUB\AppData\Local\EVRP\paper\raw\c208_21_INDEPENDENT_MPC_MCTS_4c214ff908af8fbd9762.json.gz,concurrent
9ee8118ee1eeabd348d706e07a7790aad6565884c545e049f3ece669d580b36f,C:\Users\AYOUB\AppData\Local\EVRP\paper\raw\r101_21_GREEDY_2a11c82fa8da888f36cf.json.gz,concurrent
fc0861bbffd321c598b77b139e3d53c3536d497eaed22548d6de3b716a7c0a7e,C:\Users\AYOUB\AppData\Local\EVRP\paper\raw\r101_21_MPC_MCTS_H1_b7376063295042e4727b.json.gz,concurrent
a084a740a747db88976fb968746c1ca5d6fd15712086cb1d3f06f99fc8674cf0,C:\Users\AYOUB\AppData\Local\EVRP\paper\raw\c208_21_COORDINATED_MPC_MCTS_e96ea17cda30215e4e8c.json.gz,concurrent
2133ca0f5fb6cf86904336df570cf4ed03d0233b51f4a418c122794be5af1ee3,C:\Users\AYOUB\AppData\Local\EVRP\paper\raw\r101_21_INDEPENDENT_MPC_MCTS_da93626b00dcf3561dcc.json.gz,concurrent
556d114c1f06d6b62ad731822b314ba38b560f4d83fa0df901afa83a776013fa,C:\Users\AYOUB\AppData\Local\EVRP\paper\raw\r101_21_GREEDY_e5279fea6c5953d73efe.json.gz,concurrent
d6297808f1854c7077a0bbab29694a0555ac72217dd95073ae53aae0d981f4f6,C:\Users\AYOUB\AppData\Local\EVRP\paper\raw\c208_21_INDEPENDENT_MPC_MCTS_014b96174c6fbd555b5d.json.gz,concurrent
ebdbf5200d2268ec510816a4d11db4aaea996468362c0e3cc354438041e46014,C:\Users\AYOUB\AppData\Local\EVRP\paper\raw\r101_21_MPC_MCTS_H1_29a5b0c1df2ad31207a2.json.gz,concurrent
9cd457ae4cb30be98a26e4ba32a0fd73d6c5dc84bd98cb9770b1568c23f1c4fc,C:\Users\AYOUB\AppData\Local\EVRP\paper\raw\c208_21_COORDINATED_MPC_MCTS_e71407c6abeca875b937.json.gz,concurrent
307aa1511d81eea4b60fe66678333a3699ea1436c3ef30c0e783f39cc6133e77,C:\Users\AYOUB\AppData\Local\EVRP\paper\raw\r101_21_GREEDY_505e05a4796c5ed478d2.json.gz,concurrent
ed12e31ae27b877e5eac83a542172f1f208ef57065d04970dc26ae6238e54d09,C:\Users\AYOUB\AppData\Local\EVRP\paper\raw\r101_21_COORDINATED_MPC_MCTS_7097a7a9885d6b876599.json.gz,concurrent
d3568d704569f7b31bf23b5dee662d98cb8f105aa4ce6d9ccb7949ddf0c2df2b,C:\Users\AYOUB\AppData\Local\EVRP\paper\raw\r101_21_INDEPENDENT_MPC_MCTS_ab383d20a518c976aa0a.json.gz,concurrent
383fd07c48e34614e1afd31bee56dbbad8b1de20eee0f765fcedd6681c1e735f,C:\Users\AYOUB\AppData\Local\EVRP\paper\raw\r101_21_MPC_MCTS_H1_21edb9ea235ad74cb527.json.gz,concurrent
b2d0e2677561858c54f65daf8a993457913959b3e8142629f16a23b94f76f96e,C:\Users\AYOUB\AppData\Local\EVRP\paper\raw\r101_21_GREEDY_12c0ed1d40a057547ffb.json.gz,concurrent
a382964e7347dbc6c8d521f5a9e32e16871c2d075726162b3a4b7e9f7f9ad8ee,C:\Users\AYOUB\AppData\Local\EVRP\paper\raw\r101_21_COORDINATED_MPC_MCTS_4cb93fd69654b833a532.json.gz,concurrent
fdd4464167993b8f291914e33c196d1bee4dcb8a770fe726a9a096dd73ed1817,C:\Users\AYOUB\AppData\Local\EVRP\paper\raw\r101_21_MPC_MCTS_H1_f49bf7816aeb32944269.json.gz,concurrent
07d5b90e09ece78a6468888e26e13ddaf3a3ea21a9d5e205f5aa595b60240cbc,C:\Users\AYOUB\AppData\Local\EVRP\paper\raw\r101_21_INDEPENDENT_MPC_MCTS_cc0061191699845d759e.json.gz,concurrent
53a3cd5641bbbaff5993c6075d2c526cbd3231b2bd5d0ec72ecbfaafbafb70eb,C:\Users\AYOUB\AppData\Local\EVRP\paper\raw\r101_21_GREEDY_131ac10b57f97ec5ab74.json.gz,concurrent
630480b039126ef776b57018e4f7109bedd9b9e489a42de7eba087d9a66dc79c,C:\Users\AYOUB\AppData\Local\EVRP\paper\raw\r101_21_COORDINATED_MPC_MCTS_318eae6ef6699f42093b.json.gz,concurrent
b348253ed0ef9eaf2c28397c913e04f3b0bbce845113321037564dcef78e4834,C:\Users\AYOUB\AppData\Local\EVRP\paper\raw\r101_21_INDEPENDENT_MPC_MCTS_23f754c786bfc7f48c0b.json.gz,concurrent
53ae9d95499a786a17093ab9fcd95eb114f20b5f71de874cf769f5129a8d9408,C:\Users\AYOUB\AppData\Local\EVRP\paper\raw\r101_21_MPC_MCTS_H1_ac0970b0674eb9b2b05b.json.gz,concurrent
d006dce7f039250acf41f100bd3caf9480cbc61dc0cb0a4dd09dac3880c27f11,C:\Users\AYOUB\AppData\Local\EVRP\paper\raw\r101_21_GREEDY_ba8b458481ede02cc21c.json.gz,concurrent
47adc6a0f1abb83aa89840ef8f01a80160da683d348b9fee54ce8285f680665d,C:\Users\AYOUB\AppData\Local\EVRP\paper\raw\r101_21_COORDINATED_MPC_MCTS_d2f4850bd449f7c8d6e9.json.gz,concurrent
de9507aee4adff0ceba43310d3cdae59cd0167ece95543af63a3bafc9dcd8f46,C:\Users\AYOUB\AppData\Local\EVRP\paper\raw\r101_21_INDEPENDENT_MPC_MCTS_c5b272856fec8bbd9ac6.json.gz,concurrent
bf50021715b65fe84ce35e566fd1020a5e42d46fafd3175112abf806e21c592f,C:\Users\AYOUB\AppData\Local\EVRP\paper\raw\r101_21_MPC_MCTS_H1_5e8694e9f234202df057.json.gz,concurrent
88d12677f58ba6e4c4d83be711852f59c275798bc1d6445272f9f4b95e6e9952,C:\Users\AYOUB\AppData\Local\EVRP\paper\raw\r101_21_GREEDY_188fcb6092768299a57c.json.gz,concurrent
d3a814eccbeddfc77542074bcda912ede3c636fc5bfd2d0ad74028481af2b868,C:\Users\AYOUB\AppData\Local\EVRP\paper\raw\r101_21_INDEPENDENT_MPC_MCTS_79114e3e0b1bf294c0f0.json.gz,concurrent
fb71a794eec357f16a71f4d39ec5f2c7a3934712d4ecceaad8aa93a50edb3519,C:\Users\AYOUB\AppData\Local\EVRP\paper\raw\r101_21_COORDINATED_MPC_MCTS_1b60b838365bc52f44bb.json.gz,concurrent
88458612c19f18ed98b08957e0f9fcc37dff20613791025c73c19dee2a43a894,C:\Users\AYOUB\AppData\Local\EVRP\paper\raw\r101_21_MPC_MCTS_H1_441f8de2bf6018cfd152.json.gz,concurrent
8f91b535938df420048e153e6dc63d01a256997f109f3eb2202aa6e56e3e9c65,C:\Users\AYOUB\AppData\Local\EVRP\paper\raw\r101_21_COORDINATED_MPC_MCTS_fdebb16753e151538df4.json.gz,concurrent
4c00bd272195a257d7655488a84a34e10f1c375f28c928005c8abd421401b218,C:\Users\AYOUB\AppData\Local\EVRP\paper\raw\r112_21_GREEDY_40cf0ee0af1f7d956ab4.json.gz,concurrent
7b826cad2b21a5c4079fc7036fc45ab2ea3fd8bc784f4444be11c20895c16063,C:\Users\AYOUB\AppData\Local\EVRP\paper\raw\r101_21_INDEPENDENT_MPC_MCTS_48b577924e6601253d80.json.gz,concurrent
1d829867c81ae09960a49bc714b4f76303f28aa878b6d33dfc1a4d8c1868bf0d,C:\Users\AYOUB\AppData\Local\EVRP\paper\raw\r112_21_MPC_MCTS_H1_634c58f7113c151c2a53.json.gz,concurrent
9e633ac47594bed5c9661614a4fcf02221e2969d12c4873e30fc26fc59e89d38,C:\Users\AYOUB\AppData\Local\EVRP\paper\raw\r112_21_GREEDY_7fcc96b19db01316c773.json.gz,concurrent
e77b37b31cab0de8cdd8d38d7752520fd6df896438ed89fcb19030b5c66c2eaa,C:\Users\AYOUB\AppData\Local\EVRP\paper\raw\r101_21_COORDINATED_MPC_MCTS_d286a1003ed5177a5623.json.gz,concurrent
ac1d0b977ef5e7408ee18e422b2d993533a19427e8d6f3c01cf94489deaf53b9,C:\Users\AYOUB\AppData\Local\EVRP\paper\raw\r112_21_MPC_MCTS_H1_43e7169849a823883d26.json.gz,concurrent
c5d70a7cf92bfccc57e75c8acea12014a9148dc46ec5ebfb500ea5e3378cc431,C:\Users\AYOUB\AppData\Local\EVRP\paper\raw\r112_21_INDEPENDENT_MPC_MCTS_fbb95e36fcefee36fb77.json.gz,concurrent
d7d53db442ec58d24943207c10d5529e619822b13ad8ff7b943f06aacc43d720,C:\Users\AYOUB\AppData\Local\EVRP\paper\raw\r112_21_GREEDY_75979c4c9cc96a856445.json.gz,concurrent
f1ffac4fc95b59ef8b280ade8ef828d6b9c57825bb96e9644cf089f471168148,C:\Users\AYOUB\AppData\Local\EVRP\paper\raw\r112_21_COORDINATED_MPC_MCTS_517ceeb1f8395ef4b7fb.json.gz,concurrent
7646ff9c53b85b3d0fff7f79014c9c8c17d42d641e951bdd4049dfaac8df66d1,C:\Users\AYOUB\AppData\Local\EVRP\paper\raw\r112_21_INDEPENDENT_MPC_MCTS_f62195ef22abb4f9159b.json.gz,concurrent
3250df3d81dcd7d0a7bdbb8e62054838aab863cd51f73e206e7b2ecc42099927,C:\Users\AYOUB\AppData\Local\EVRP\paper\raw\r112_21_MPC_MCTS_H1_61f5dfff06b937a8aef2.json.gz,concurrent
aacda781a139f1edb57c91a22fc886d86dfc8464626692043dcbbb68b5baf380,C:\Users\AYOUB\AppData\Local\EVRP\paper\raw\r112_21_GREEDY_995749bd5f5760593e5d.json.gz,concurrent
ae58fb233583604030bc28ad6a8dc8e440623b2261f25b7f461153912028d679,C:\Users\AYOUB\AppData\Local\EVRP\paper\raw\r112_21_COORDINATED_MPC_MCTS_81773f01c14767cb1b0f.json.gz,concurrent
23dc84130341d9e1ced3ea10e1bb7ec2e94909a591c3d877a338e781adc0ffdd,C:\Users\AYOUB\AppData\Local\EVRP\paper\raw\r112_21_MPC_MCTS_H1_6b79fe551a66ee77e978.json.gz,concurrent
8da3e36f10e9027d9ee2f74e0bfe854e60adb9855956f977a10b16265ce01ec4,C:\Users\AYOUB\AppData\Local\EVRP\paper\raw\r112_21_INDEPENDENT_MPC_MCTS_bf92998f0032aa54c728.json.gz,concurrent
72cccc3c27cc0fa78a71d9a6811e3cb8bfb4728e94536318abed1a89bafdb5a5,C:\Users\AYOUB\AppData\Local\EVRP\paper\raw\r112_21_GREEDY_3e32b2e9cc6c1805e7d7.json.gz,concurrent
316391206e718a6064d52af205de71b763c222fec2f8acae025b5d9ff1dd7e34,C:\Users\AYOUB\AppData\Local\EVRP\paper\raw\r112_21_COORDINATED_MPC_MCTS_21289b340ea2f255b663.json.gz,concurrent
1b9d34c991e3c9c3327d4d6e332202c75dba79f5b3cf066d1253ed3b12bdc2aa,C:\Users\AYOUB\AppData\Local\EVRP\paper\raw\r112_21_MPC_MCTS_H1_61b759c7c29216c7f191.json.gz,concurrent
f85ef6247e712ab7ab5d0d390b08d7060207ad40df1e417b2ed4ceeea7e1eed0,C:\Users\AYOUB\AppData\Local\EVRP\paper\raw\r112_21_INDEPENDENT_MPC_MCTS_eb474e5bc94fada6783e.json.gz,concurrent
9b96ca5adb9e326d9fb8fa13aff98311e5a2df6973f5020f00261aa43208127c,C:\Users\AYOUB\AppData\Local\EVRP\paper\raw\r112_21_GREEDY_80f2d146cd1d1860e7af.json.gz,concurrent
0625a3311a8da5ef3c102c14eb7919c397d4ba9d6a44ab9cb03bb32c65666515,C:\Users\AYOUB\AppData\Local\EVRP\paper\raw\r112_21_COORDINATED_MPC_MCTS_8b17c6d1528e3564ecec.json.gz,concurrent
e165a142d70a234552d2651b8d6198f97b76a3fa6da81b6c60462aac66cfc8a7,C:\Users\AYOUB\AppData\Local\EVRP\paper\raw\r112_21_MPC_MCTS_H1_29d275243e73bb18a771.json.gz,concurrent
00ebc342f96aa0293209ade1189fe118033627ff0186aba272c89a78269e4d61,C:\Users\AYOUB\AppData\Local\EVRP\paper\raw\r112_21_INDEPENDENT_MPC_MCTS_b2a0d6740be79b9cbd2f.json.gz,concurrent
fea8e592de9bef844ea3700f270673b1b44e94bc9af2d18b7c29859887b04d48,C:\Users\AYOUB\AppData\Local\EVRP\paper\raw\r112_21_GREEDY_ce5f600935a2f1682ca7.json.gz,concurrent
ddfeb90d2fdd87f0b5ed9487683209248cda3710b2e296087103e4beed535d8c,C:\Users\AYOUB\AppData\Local\EVRP\paper\raw\r112_21_COORDINATED_MPC_MCTS_8c54bfc19d996b5dd9a0.json.gz,concurrent
f0a7e2365decea002005c5d0fd9e7986a9263beb42681959b476f4c7222164b4,C:\Users\AYOUB\AppData\Local\EVRP\paper\raw\r112_21_MPC_MCTS_H1_1930baef0c9c91e959d3.json.gz,concurrent
3244a6e20d523d1f2e591028dd7ba4cbcb2d67b308aef41b5b26337f1f8fdcd8,C:\Users\AYOUB\AppData\Local\EVRP\paper\raw\r112_21_INDEPENDENT_MPC_MCTS_2976fc09650bbd0ecea3.json.gz,concurrent
9cdf94d013d60afe3d99621f93593b9d98ef026c49eb8a2b463288382092562a,C:\Users\AYOUB\AppData\Local\EVRP\paper\raw\r201_21_GREEDY_7a8f20ec57fb2280846e.json.gz,concurrent
aaaab4b2ca1249a99d36b3daebee1e49e9971aac7fdcdb49aafab2a2430577e6,C:\Users\AYOUB\AppData\Local\EVRP\paper\raw\r201_21_MPC_MCTS_H1_6bbab3a047795e10677c.json.gz,concurrent
13cb729cad38ced58dbea446fdace8cfab6d1e4e9d14df02c666502b1ad23f9d,C:\Users\AYOUB\AppData\Local\EVRP\paper\raw\r201_21_INDEPENDENT_MPC_MCTS_8a0a871129274abb244b.json.gz,concurrent
cb5e8803e7672170a861d92a164c0b68eb4546cd1104f7552453e17c262e6a30,C:\Users\AYOUB\AppData\Local\EVRP\paper\raw\r112_21_INDEPENDENT_MPC_MCTS_cbaf16c87aa8bfe7ca94.json.gz,concurrent
ac9b0dc6c0b5e16350cad712af3dee44c990c6cdaed076675cc343c80b3bf800,C:\Users\AYOUB\AppData\Local\EVRP\paper\raw\r112_21_COORDINATED_MPC_MCTS_835d8ff63ef8c158cd6d.json.gz,concurrent
c1dc1991ff58b3d3432a646e64af97d38dc94e55bd2005cce14c02274add147f,C:\Users\AYOUB\AppData\Local\EVRP\paper\raw\r201_21_GREEDY_ca6a069f4f7302ff4ee3.json.gz,concurrent
1cdaaa401f1fab13c2ea1712839fe87712dd1af8d5d3bc0bd1fe565aa3ca22a4,C:\Users\AYOUB\AppData\Local\EVRP\paper\raw\r201_21_MPC_MCTS_H1_a2fd5005d1a28ac112b9.json.gz,concurrent
cc9285239a8099bba512f9ff140dfc115a232b6324c2b11132123a99bb767b70,C:\Users\AYOUB\AppData\Local\EVRP\paper\raw\r201_21_COORDINATED_MPC_MCTS_e122d4e6ad9ea42bd25e.json.gz,concurrent
6d4f364b642aea30907ae54785c5e0b9288118d11431b0de6f51d0c9efb898cd,C:\Users\AYOUB\AppData\Local\EVRP\paper\raw\r201_21_GREEDY_9be1df6b47a583d75bb9.json.gz,concurrent
18179226d544bd11e70a9cf3f5984ff7b2028d3a510ee6a6cba5a0ce1bf35991,C:\Users\AYOUB\AppData\Local\EVRP\paper\raw\r201_21_MPC_MCTS_H1_7f2239ce795933f5dcd7.json.gz,concurrent
9cae2d2bbabe3f0a6a688e2d40596ac3a23791d0682ed6ce9e0a17d90460acd7,C:\Users\AYOUB\AppData\Local\EVRP\paper\raw\r201_21_INDEPENDENT_MPC_MCTS_47a99d7018f8a60b759d.json.gz,concurrent
4100ed9891976928b921869da926f109d57ad573f3a304764fc90b8e34bfacb9,C:\Users\AYOUB\AppData\Local\EVRP\paper\raw\r112_21_COORDINATED_MPC_MCTS_196c47aa62ed61c3754e.json.gz,concurrent
876281ef7db0f00a96906c203cf8bbeafbd3d5174db6e8d902d6cb5255a26256,C:\Users\AYOUB\AppData\Local\EVRP\paper\raw\r201_21_GREEDY_c87aaeefa9197cfc10dc.json.gz,concurrent
8f7613c6a9daba4af61bd5c921de36917c5a6d334895b597b97eb3fd6ba30ee1,C:\Users\AYOUB\AppData\Local\EVRP\paper\raw\r201_21_COORDINATED_MPC_MCTS_477c077921c80887c30e.json.gz,concurrent
20c35c3686c31e2d466429739bfd757e0b69671bb213f10f598d9ab95ca7d1c8,C:\Users\AYOUB\AppData\Local\EVRP\paper\raw\r201_21_MPC_MCTS_H1_a10828a0f88fc3d4605c.json.gz,concurrent
e71a01e1bdf081a165a16e996bf34c5d5d0e0a0e293aa9b98af8c9f88e21dddf,C:\Users\AYOUB\AppData\Local\EVRP\paper\raw\r201_21_INDEPENDENT_MPC_MCTS_b97c95e1d0fb57e84537.json.gz,concurrent
47780717db118547f279e4384b11e86284ee21284c0976657e7ea73cff922155,C:\Users\AYOUB\AppData\Local\EVRP\paper\raw\r201_21_GREEDY_ad8b2b02b0b49f4e92cb.json.gz,concurrent
634eba39ea4f5d118932fb840cec6bb8f030669648dafa56cc58cda2684b306c,C:\Users\AYOUB\AppData\Local\EVRP\paper\raw\r201_21_COORDINATED_MPC_MCTS_597e0c01eb0386e82879.json.gz,concurrent
b1b8ed7d0ac657662bb054b3b33f6e1d746f99cf91e99b9582c6b567059dbcc7,C:\Users\AYOUB\AppData\Local\EVRP\paper\raw\r201_21_MPC_MCTS_H1_a4e3e71f34de5ce4050f.json.gz,concurrent
3efb4675a124485597500400ebd086e7611e1904225604698e5c18f0e521fb2b,C:\Users\AYOUB\AppData\Local\EVRP\paper\raw\r201_21_INDEPENDENT_MPC_MCTS_eb1b97c4bb6482fca2fb.json.gz,concurrent
4d5bd15667b51a14b8671a1e5fc73bb53a9f232134ab251c513ef8e7d8c5c947,C:\Users\AYOUB\AppData\Local\EVRP\paper\raw\r201_21_GREEDY_75e6a32b8cf488c94379.json.gz,concurrent
26dab7df916ba1aa6f73692c8f2b719700fececb73f8930cbf5279c9876cfa6d,C:\Users\AYOUB\AppData\Local\EVRP\paper\raw\r201_21_COORDINATED_MPC_MCTS_2c89a1735e1556e1b5b2.json.gz,concurrent
bfecaea48a988d4cb8af7ab9d4655c53fee3a619388a37dea622acacb92a3ef4,C:\Users\AYOUB\AppData\Local\EVRP\paper\raw\r201_21_MPC_MCTS_H1_e9bc13ad4bf0e7dd89cd.json.gz,concurrent
239fea86806a3d9c1a4058606c08010595ad51a561241d1e2e247377776aa4ef,C:\Users\AYOUB\AppData\Local\EVRP\paper\raw\r201_21_INDEPENDENT_MPC_MCTS_c42982e6a48e1cd326d7.json.gz,concurrent
346707bd81eff5e7b2428898e2580787faa5cb3c6439220af4139a8631946c53,C:\Users\AYOUB\AppData\Local\EVRP\paper\raw\r201_21_GREEDY_cb145cb332656a9a62a7.json.gz,concurrent
c6aafe4c45b95aee6ac9945ce598788f25cc0f3ba00dc289f9927321adfd7579,C:\Users\AYOUB\AppData\Local\EVRP\paper\raw\r201_21_COORDINATED_MPC_MCTS_51126a1d1e9a8cf51cef.json.gz,concurrent
84e1216ca22b6c32878815736ea7d6f9304da3dfbcf5e5098bfc1388f6195c43,C:\Users\AYOUB\AppData\Local\EVRP\paper\raw\r201_21_MPC_MCTS_H1_1563656b818557032360.json.gz,concurrent
9e01ebf863b3cf41468cb4d78816d44d0ff711d960bcbe0331cc509c21dc186b,C:\Users\AYOUB\AppData\Local\EVRP\paper\raw\r201_21_COORDINATED_MPC_MCTS_2f6379b276179712b303.json.gz,concurrent
8bd82051d4c5195f9b34d3cbd0d0e958ec67e2038f74b651b5fe56f1b0fdff20,C:\Users\AYOUB\AppData\Local\EVRP\paper\raw\r201_21_INDEPENDENT_MPC_MCTS_d520d43f7a04325f9742.json.gz,concurrent
4dc7113374c33656b55ee6137d4482f29645653450547281bfdd6c84029dbec5,C:\Users\AYOUB\AppData\Local\EVRP\paper\raw\r211_21_GREEDY_bf87d4c18764899bff78.json.gz,concurrent
64daa75532e7ea816ff8f2fdec749bbe672b7a2c8a27d2695de7fda5f9f5d7c2,C:\Users\AYOUB\AppData\Local\EVRP\paper\raw\r211_21_MPC_MCTS_H1_a8bc09376d3358f5a365.json.gz,concurrent
509978de6b4c4e011301205478d31f728fe944c0190286d056f6ff8724ff87cf,C:\Users\AYOUB\AppData\Local\EVRP\paper\raw\r201_21_COORDINATED_MPC_MCTS_32e6a7e070d08dd2f160.json.gz,concurrent
320ee9f1232be371b7ffb17495bbdbe04dbad65acce0d5f92a79c873e823e1c1,C:\Users\AYOUB\AppData\Local\EVRP\paper\raw\r211_21_GREEDY_9fcb1f9d36e87214a9e8.json.gz,concurrent
30f879a222cc09291dd3c200d35fb6a1de3351acfd73a143e865103d3ef02157,C:\Users\AYOUB\AppData\Local\EVRP\paper\raw\r201_21_INDEPENDENT_MPC_MCTS_cec038a21468ff67f457.json.gz,concurrent
cd4fcbefbb3f88a3c7232373cdc4acc2f35af9a77528d5a0b6a9d34dbe6a58a8,C:\Users\AYOUB\AppData\Local\EVRP\paper\raw\r211_21_MPC_MCTS_H1_14c8419b3410680be70f.json.gz,concurrent
99dd0905c29ac246bee8176e5f73d9a59e38839c660d5571194472f27761be64,C:\Users\AYOUB\AppData\Local\EVRP\paper\raw\r211_21_INDEPENDENT_MPC_MCTS_2047771fdd2aa63a5f2d.json.gz,concurrent
987618a0184836d03769c61ee6c3b59516d7fbab96b2cee8c748a8b111a1de1b,C:\Users\AYOUB\AppData\Local\EVRP\paper\raw\r211_21_GREEDY_5b2f2fec2065a613ca36.json.gz,concurrent
313a3d91dc8ec8e3eb4903d66923cd68b5c5eb99dbe78ed8d2190db14698fa2f,C:\Users\AYOUB\AppData\Local\EVRP\paper\raw\r211_21_MPC_MCTS_H1_365b02d32b5ce75b8221.json.gz,concurrent
b3635077b941e5f13c94d916422ac2c1d920d1dac222fffef13855775c8e4d24,C:\Users\AYOUB\AppData\Local\EVRP\paper\raw\r211_21_COORDINATED_MPC_MCTS_fa0724e3bfc62cccfe30.json.gz,concurrent
ad21a2a4e0f2e14d5e455048c2610974db71b09ab1a8eb8f130e5df822742013,C:\Users\AYOUB\AppData\Local\EVRP\paper\raw\r211_21_INDEPENDENT_MPC_MCTS_fab7e6644e7fcd34ba0d.json.gz,concurrent
3c758e0d000996ab08fff98c535c711f53db4b0a5a78d2359205c854b6d3b368,C:\Users\AYOUB\AppData\Local\EVRP\paper\raw\r211_21_GREEDY_c0d434eabf2a95948ce2.json.gz,concurrent
684270b8774288774adb48660dfebe40990e1cbf64a3faf43c113396ce80b7ad,C:\Users\AYOUB\AppData\Local\EVRP\paper\raw\r211_21_MPC_MCTS_H1_9e8d0792ffc57d824d94.json.gz,concurrent
8f515858226563cb29a91c6c6756df373d2a95c4c6ed4dd9fda62460a47c7adc,C:\Users\AYOUB\AppData\Local\EVRP\paper\raw\r211_21_COORDINATED_MPC_MCTS_5719b5052dd330710652.json.gz,concurrent
99cf9a99b200d2692d7b0ce249c1230050d67044a05a227d51b9a1a431242109,C:\Users\AYOUB\AppData\Local\EVRP\paper\raw\r211_21_INDEPENDENT_MPC_MCTS_ece5107950992b9b7196.json.gz,concurrent
0240bd8d5a70b10d3f598b240efa3f029631f47f236adfa070d91763dae219fe,C:\Users\AYOUB\AppData\Local\EVRP\paper\raw\r211_21_GREEDY_64f0b8714df8b6448e0d.json.gz,concurrent
6810bfc4a36279ee8ab164cb36fde112402c5757aca4cdf56e0aed1e8dc3c4bd,C:\Users\AYOUB\AppData\Local\EVRP\paper\raw\r211_21_MPC_MCTS_H1_ce25d7f2d5a0042218b8.json.gz,concurrent
e0a639b221c3354136bb92001d2bc196ab183c3f064652bcbc21b94d3ff61edb,C:\Users\AYOUB\AppData\Local\EVRP\paper\raw\r211_21_COORDINATED_MPC_MCTS_09c3e10f921ad19f5820.json.gz,concurrent
01ccca8c4ecfda9995c4eacd87e9fc807ad452ca21ba9b5954a4c86713c468bc,C:\Users\AYOUB\AppData\Local\EVRP\paper\raw\r211_21_INDEPENDENT_MPC_MCTS_7bb99cb84ce518f76f55.json.gz,concurrent
858f127231f6024a99ba0d23eec0925cfb92d15120474d5a7a082d3b14bea06a,C:\Users\AYOUB\AppData\Local\EVRP\paper\raw\r211_21_GREEDY_292dc51b544de3715561.json.gz,concurrent
8d83891ee5b34709f0462f3416237b3c6d744e17a5cdc2e01cbaaf3a403530a4,C:\Users\AYOUB\AppData\Local\EVRP\paper\raw\r211_21_COORDINATED_MPC_MCTS_ce882121a094290b9ae1.json.gz,concurrent
8d8f98ac7f695d2c0f2b89782178e1405cf11cc9e97cd47b2d54ea93d313cae8,C:\Users\AYOUB\AppData\Local\EVRP\paper\raw\r211_21_INDEPENDENT_MPC_MCTS_50cb2bb0bc8173fa4b96.json.gz,concurrent
02a824bdbd75fc7616f0bb662b773a1dc09ce6f93f0991f5c8144b7d5a618c8b,C:\Users\AYOUB\AppData\Local\EVRP\paper\raw\r211_21_MPC_MCTS_H1_437866f1262fcaa61b5b.json.gz,concurrent
70c19f7619f13224ee943dbd19c28c868685e02ac45d00de2818a401146faa31,C:\Users\AYOUB\AppData\Local\EVRP\paper\raw\r211_21_GREEDY_d0a951d6dbe4b838667b.json.gz,concurrent
d78f0bd5e3e43b1d31a256f85c93cb85aad30927be852f7f39bcce18fa65e819,C:\Users\AYOUB\AppData\Local\EVRP\paper\raw\r211_21_COORDINATED_MPC_MCTS_8236b7063e87055b14bd.json.gz,concurrent
65cb691d3aff945ee5fd8cc410a766e67adebaa2dc838daf0bb7f3aa3c2ad09e,C:\Users\AYOUB\AppData\Local\EVRP\paper\raw\r211_21_MPC_MCTS_H1_6af67928f9407dd94ce5.json.gz,concurrent
d1c823548fc9ed9c54d4c4c009119f4555f6ebcfa4d20edfdc9ada872b416b42,C:\Users\AYOUB\AppData\Local\EVRP\paper\raw\r211_21_INDEPENDENT_MPC_MCTS_e6f6cba61f848db5c217.json.gz,concurrent
8023a15a5fad1fe2f774122bb65969c7c61026a19024deee80e902e82b56f973,C:\Users\AYOUB\AppData\Local\EVRP\paper\raw\rc101_21_GREEDY_35f75e77e2a45d757bcb.json.gz,concurrent
3267a474aacc8045fe6cfb531bafb68c5a59361181a7f7dd1dfa8b075a87619f,C:\Users\AYOUB\AppData\Local\EVRP\paper\raw\r211_21_COORDINATED_MPC_MCTS_5522ef55c11f8773d162.json.gz,concurrent
9c85cce3a5eb84d037e5dbb6b660f446a9862dd1ca80cd74032fe041d54a2eb9,C:\Users\AYOUB\AppData\Local\EVRP\paper\raw\r211_21_COORDINATED_MPC_MCTS_a2b244d3570325f8d5a4.json.gz,concurrent
d5c333e4e83770ae4ce8e0e176332f022d0b735bc5224987230a0efa4c6a0942,C:\Users\AYOUB\AppData\Local\EVRP\paper\raw\r211_21_INDEPENDENT_MPC_MCTS_3537552be10bb4fdaef9.json.gz,concurrent
4ff6f4f53a6719b6b0b6b9d094b2f53f60517d6a44032a1bcb6edc134037d024,C:\Users\AYOUB\AppData\Local\EVRP\paper\raw\rc101_21_MPC_MCTS_H1_22665af99969d6bb2fd6.json.gz,concurrent
db9d2834a0399a678db07a1bfb79b766c950f4e16459df75cb1b128a0b9dfafa,C:\Users\AYOUB\AppData\Local\EVRP\paper\raw\rc101_21_GREEDY_58c18dde0564f1f56b60.json.gz,concurrent
99a71269b4b45c54ff07c8eb705e1a97fabec07b2d740d8d7e556b524fca1be9,C:\Users\AYOUB\AppData\Local\EVRP\paper\raw\rc101_21_MPC_MCTS_H1_c6f19e5b59fede32da6e.json.gz,concurrent
5efed9b60e361324d3dc7b9fba79ff3c0b83d8fddd8f400aac8278be3baef025,C:\Users\AYOUB\AppData\Local\EVRP\paper\raw\rc101_21_INDEPENDENT_MPC_MCTS_7242f9077c90f78fb516.json.gz,concurrent
ae1a94e993a21784162b9d95b000ed636b86414d0d931f8789b04f1e1fdc431e,C:\Users\AYOUB\AppData\Local\EVRP\paper\raw\rc101_21_GREEDY_60694bfaf6ade9c12355.json.gz,concurrent
5087737a8142a4eadf6d12536d624e18e0302b6463a956e4a8b98f1deab6d859,C:\Users\AYOUB\AppData\Local\EVRP\paper\raw\rc101_21_COORDINATED_MPC_MCTS_0ad4763b26c05c13367a.json.gz,concurrent
76e2bdbf77092f53d8761b273ab5600359f2d2099a42cd6dfdfb4af461f25a82,C:\Users\AYOUB\AppData\Local\EVRP\paper\raw\rc101_21_INDEPENDENT_MPC_MCTS_8e7a42540b08916f18f0.json.gz,concurrent
0b7525ad0a465555b65b58d14bd743cf29042a3f4fc04a34efd1a3c4d30cb655,C:\Users\AYOUB\AppData\Local\EVRP\paper\raw\rc101_21_MPC_MCTS_H1_ac0926528a825f251977.json.gz,concurrent
ca89976db89af4414a8cdd5cc10d949a0a54ea1178f5a53c9c5e18bee0ad1f66,C:\Users\AYOUB\AppData\Local\EVRP\paper\raw\rc101_21_GREEDY_d40dff841e92815b951d.json.gz,concurrent
5c877168d5409a9f60e2501dbfae5b378074844c89f739c67d2ff95add10a27c,C:\Users\AYOUB\AppData\Local\EVRP\paper\raw\rc101_21_COORDINATED_MPC_MCTS_7991eddf30c936a14782.json.gz,concurrent
7c1d9e71604da7b441b96aa2cc41b5f7bc78231e22ff8a1b21b58f0d406900c0,C:\Users\AYOUB\AppData\Local\EVRP\paper\raw\rc101_21_INDEPENDENT_MPC_MCTS_8be4dcd0393388100e81.json.gz,concurrent
5c49ae5be494608ba5c2a0627aec91910429bc5ffd0400d02accec9755a4205d,C:\Users\AYOUB\AppData\Local\EVRP\paper\raw\rc101_21_MPC_MCTS_H1_090966b0a293a35c2f18.json.gz,concurrent
0bf8a53f918553fc005d3ed743c97ebe6edcee4bc1ddc176c6ae8b2a31268651,C:\Users\AYOUB\AppData\Local\EVRP\paper\raw\rc101_21_GREEDY_71c23297c06629981813.json.gz,concurrent
ced7a441e11e4a0f44b21b97c1b625a952211f68d2e3dd2d618895f55d7bf906,C:\Users\AYOUB\AppData\Local\EVRP\paper\raw\rc101_21_COORDINATED_MPC_MCTS_0b35397143e38c1098e9.json.gz,concurrent
6ab9fceb03e67ac904681be7265748d0e68354184b57b21947eb7975f7620f9c,C:\Users\AYOUB\AppData\Local\EVRP\paper\raw\rc101_21_MPC_MCTS_H1_1a596b7865cace875009.json.gz,concurrent
a5c9adfc384ec636aa42ca599d310fa1bf2190a5626fc409cf5e99ce78911994,C:\Users\AYOUB\AppData\Local\EVRP\paper\raw\rc101_21_INDEPENDENT_MPC_MCTS_94d8e58b6f985604766f.json.gz,concurrent
254c24bfc25e15cf89818d71041c6d9c05fccdedc140e2798cc35dad3c825cb8,C:\Users\AYOUB\AppData\Local\EVRP\paper\raw\rc101_21_GREEDY_ad153985c2ed18821b28.json.gz,concurrent
c6018d0c9f0c7203a0231931ed0d846e7f72ce4cd1eac9eac392302e0138d43e,C:\Users\AYOUB\AppData\Local\EVRP\paper\raw\rc101_21_COORDINATED_MPC_MCTS_55c774d9b8a775cf4b3b.json.gz,concurrent
d4747487b5a70a6e0aaf54b51dfde6f405e86be494e48b2d0e54759e11808e23,C:\Users\AYOUB\AppData\Local\EVRP\paper\raw\rc101_21_INDEPENDENT_MPC_MCTS_326ce6f60e6d68beb5a1.json.gz,concurrent
b4653862c66e666f3f7a0e377f763394f3858c1bb9515e5aba8a29b7942bc9dd,C:\Users\AYOUB\AppData\Local\EVRP\paper\raw\rc101_21_MPC_MCTS_H1_4a0079f7e672ad5ed434.json.gz,concurrent
4d453bb48488fea91fb90bffcd489c13d9bc76741ea37cc5c06692a791121758,C:\Users\AYOUB\AppData\Local\EVRP\paper\raw\rc101_21_COORDINATED_MPC_MCTS_4cf4768e11a9bc2fad74.json.gz,concurrent
6ed22628920b1cc8fd482194c33a9fb8b0d485727f8c505b7c505526be700632,C:\Users\AYOUB\AppData\Local\EVRP\paper\raw\rc101_21_GREEDY_d5d201351f4c28b39f2b.json.gz,concurrent
d53e6953345bc8ac50f7448f8f58bcd6e7c9be6155cb0af526434bb9ea06441e,C:\Users\AYOUB\AppData\Local\EVRP\paper\raw\rc101_21_INDEPENDENT_MPC_MCTS_8f1ebb38e98ef7c2bd8f.json.gz,concurrent
77674e45693277612bbdf2eb770bff785826008cc1a211558dacd4549522a9e0,C:\Users\AYOUB\AppData\Local\EVRP\paper\raw\rc101_21_MPC_MCTS_H1_598e615c00cc6517c256.json.gz,concurrent
af125ceafeed6dea2af96ea39d0200f9a88e3dd5ec243c98fbb048d1c882bb59,C:\Users\AYOUB\AppData\Local\EVRP\paper\raw\rc108_21_GREEDY_1dc035df6233d79cf531.json.gz,concurrent
91f8a845d2c9a840cc3520ca774bb989a9d0a1070668ee082d9ebbcd459146b5,C:\Users\AYOUB\AppData\Local\EVRP\paper\raw\rc101_21_COORDINATED_MPC_MCTS_08a9d30aeff5a958087a.json.gz,concurrent
bc73b1445e2b7efc5e4f2e2c040263968e9c6a7535a6fe2659eb51771f4667bd,C:\Users\AYOUB\AppData\Local\EVRP\paper\raw\rc101_21_INDEPENDENT_MPC_MCTS_8ef30e68b93bffdb7a46.json.gz,concurrent
f6e36087a042b874275efd26fd7b6921afa0191bf36010606bb6094ec01a396f,C:\Users\AYOUB\AppData\Local\EVRP\paper\raw\rc108_21_MPC_MCTS_H1_1315bfaf1c89743e7500.json.gz,concurrent
52276fbb5d81a40a2ab79d52add6b2765abf37f4ae370383da4babd96143b454,C:\Users\AYOUB\AppData\Local\EVRP\paper\raw\rc108_21_GREEDY_efd0cdb9621ae60f4d7d.json.gz,concurrent
9ec686ab830352c4a76e85d72c0ac50823303880411909600722b8698c1eed6f,C:\Users\AYOUB\AppData\Local\EVRP\paper\raw\rc101_21_COORDINATED_MPC_MCTS_9f2fcfe6da35f8db1b79.json.gz,concurrent
8cd5faefe4975a53b70ccd382989276b7b66bf3a24408a4dc09b42496729fa84,C:\Users\AYOUB\AppData\Local\EVRP\paper\raw\rc108_21_MPC_MCTS_H1_b5cdb4057f490622f3bf.json.gz,concurrent
8d3243b9755102317404d2c251d5821faacaf8cb87a2e650ba619bba87c0018f,C:\Users\AYOUB\AppData\Local\EVRP\paper\raw\rc108_21_INDEPENDENT_MPC_MCTS_a38d8c05e0831e771008.json.gz,concurrent
39334a50e7fc5fa2af0cc028dcb6b5d01b407158cef912e0482964a4667d0d78,C:\Users\AYOUB\AppData\Local\EVRP\paper\raw\rc108_21_GREEDY_ec032255d5dc24f6e7d6.json.gz,concurrent
8edb0558534f11fae94b7335acafa56896f8f35c245b0bc364b2bfda6680d513,C:\Users\AYOUB\AppData\Local\EVRP\paper\raw\rc108_21_COORDINATED_MPC_MCTS_cb4686614aea79d3c61c.json.gz,concurrent
35e4eb1b918feddd83a5e66afa4877014d14dfef46cb3cb3ad9dce0f4e431e39,C:\Users\AYOUB\AppData\Local\EVRP\paper\raw\rc108_21_INDEPENDENT_MPC_MCTS_1ce7694746c3119cf138.json.gz,concurrent
6355cb348fc70a16f40875a21a51ae8425881cec161d4f52342abaa095722f13,C:\Users\AYOUB\AppData\Local\EVRP\paper\raw\rc108_21_MPC_MCTS_H1_03a69987b1d3c3851718.json.gz,concurrent
263f5866cbfd9ef6b7993359da96a466dc3a3ac2ebcfd53d7ac6e58681c6525a,C:\Users\AYOUB\AppData\Local\EVRP\paper\raw\rc108_21_GREEDY_375b9d6c2f4a741e3bee.json.gz,concurrent
044a9083a9dd86a348a1078606661fb064a61826c373ebfe60b363500a881e94,C:\Users\AYOUB\AppData\Local\EVRP\paper\raw\rc108_21_MPC_MCTS_H1_8e1f4c98e3acd3778e18.json.gz,concurrent
14baf034f0ebc5fee3ff12f282cf7d2b95c65fbea4a76398d34c830da21a5289,C:\Users\AYOUB\AppData\Local\EVRP\paper\raw\rc108_21_COORDINATED_MPC_MCTS_52ac04835fbdb2683296.json.gz,concurrent
d59fffdc67dbb1b563625a5d083f2f363de9c756b2e861f9ef46f1e0b8e449e0,C:\Users\AYOUB\AppData\Local\EVRP\paper\raw\rc108_21_INDEPENDENT_MPC_MCTS_18f6ecbfc1dd28ce4889.json.gz,concurrent
0770f74c84e5e07e1c612fa839dd13932fcdf60edf24e0664c48027589b61e53,C:\Users\AYOUB\AppData\Local\EVRP\paper\raw\rc108_21_GREEDY_aab5ec3c9a82d9dc7cf0.json.gz,concurrent
8f0a70b218af4cef9e3bdf998e886b06e88e088454e5d250c78ef771c3df7d90,C:\Users\AYOUB\AppData\Local\EVRP\paper\raw\rc108_21_COORDINATED_MPC_MCTS_68606ef020ec86e66901.json.gz,concurrent
0d3714e9c21cce18af9d1df67cbf0509b9d9cbfbd2c295f7d7af97b740c107da,C:\Users\AYOUB\AppData\Local\EVRP\paper\raw\rc108_21_MPC_MCTS_H1_a9e432005393ebe8d237.json.gz,concurrent
4fcb1818bc257143a55e31fc686984352e7559c2a1e9566785e9c9d66110bb68,C:\Users\AYOUB\AppData\Local\EVRP\paper\raw\rc108_21_INDEPENDENT_MPC_MCTS_83a671450dba3e65976a.json.gz,concurrent
43b8591ee087d8d8d6985a337e46adc29f64fb9d0e00187a4dda7110ec2a039a,C:\Users\AYOUB\AppData\Local\EVRP\paper\raw\rc108_21_GREEDY_80e04711756deae29911.json.gz,concurrent
425ab247a094149c39bc2faf43c30b1fd81fba38b4d2d5370e5efc9278b2e0aa,C:\Users\AYOUB\AppData\Local\EVRP\paper\raw\rc108_21_COORDINATED_MPC_MCTS_8cfcb51f2fcc9bd3ceeb.json.gz,concurrent
7584c3581a11b686120530c54f6276ecdbd616900d2fe60638d93ac9fe8ef685,C:\Users\AYOUB\AppData\Local\EVRP\paper\raw\rc108_21_INDEPENDENT_MPC_MCTS_e1a00a9e52d98a5aac45.json.gz,concurrent
7873339e8f30f898bf07d051a342123f3031b78f9358fca47d9b60c11020194f,C:\Users\AYOUB\AppData\Local\EVRP\paper\raw\rc108_21_MPC_MCTS_H1_6b20be818573186982c4.json.gz,concurrent
e85fd6341a85ed06e89d8cf2aaa2a222fc48243da540cf11a14845e6a61b1ac0,C:\Users\AYOUB\AppData\Local\EVRP\paper\raw\rc108_21_GREEDY_9c8c43a4eb95b7aefb83.json.gz,concurrent
396c262f508dcd2afa9e23175359e963330e9cb596b064cb0d9e5dd08961d539,C:\Users\AYOUB\AppData\Local\EVRP\paper\raw\rc108_21_COORDINATED_MPC_MCTS_29628ed681b3fc0e5727.json.gz,concurrent
4d348a98d463f003ad5fa228859f739beffb274c9971cea9a0eaee3b3f7f03e6,C:\Users\AYOUB\AppData\Local\EVRP\paper\raw\rc108_21_INDEPENDENT_MPC_MCTS_eae6dd547287ba14738a.json.gz,concurrent
bc91bbd40132fb10560282d1526bae0e1be1d79cc4f4ca049c8eafeb8e5d2f68,C:\Users\AYOUB\AppData\Local\EVRP\paper\raw\rc108_21_MPC_MCTS_H1_2d22357d73b10fac1a45.json.gz,concurrent
11ba77ff0f017d11c8364ddbb7c49f192e9e9bd9c098144061f76cc84e68cb14,C:\Users\AYOUB\AppData\Local\EVRP\paper\raw\rc201_21_GREEDY_f32aea092ea179a4e77b.json.gz,concurrent
ed89ed004b0aa770dbf71c13acfa015a61f9a16b748d74d51067fef6fbb2b51e,C:\Users\AYOUB\AppData\Local\EVRP\paper\raw\rc201_21_MPC_MCTS_H1_950ac88ce4137d4370d1.json.gz,concurrent
3d73a288c6ff12284ec7c792d1bf418d7ebd46ecf30e989a58074adb550464ee,C:\Users\AYOUB\AppData\Local\EVRP\paper\raw\rc201_21_INDEPENDENT_MPC_MCTS_93772e61c4865842406b.json.gz,concurrent
dd6083098631a5540682fa53559d384ca3052a10233b5fdfb7e71f09e93f8387,C:\Users\AYOUB\AppData\Local\EVRP\paper\raw\rc108_21_INDEPENDENT_MPC_MCTS_9d68e29a29ecb5633d56.json.gz,concurrent
df41ea5b3e80cce04eb8f53ae1ea8f65afa6db0bf2075f7357754492b5ba1f24,C:\Users\AYOUB\AppData\Local\EVRP\paper\raw\rc108_21_COORDINATED_MPC_MCTS_d5798367c13ebcf6a841.json.gz,concurrent
1d1e3a7a19a696f6650b2b79c4b6ff4113218105dd91780ff87a45f0e55ed6d7,C:\Users\AYOUB\AppData\Local\EVRP\paper\raw\rc201_21_GREEDY_e714670f010e0d8f4619.json.gz,concurrent
b2453ced00e439093e1595b882bfc2d450ea70c032553f07bdc2ec32080bd090,C:\Users\AYOUB\AppData\Local\EVRP\paper\raw\rc201_21_MPC_MCTS_H1_fdc8f090c432aed950e2.json.gz,concurrent
4dda0647328b5c0c7cd37bf7fc0411bcc3d761b44a9038097e50dbe80092a529,C:\Users\AYOUB\AppData\Local\EVRP\paper\raw\rc201_21_INDEPENDENT_MPC_MCTS_d0248023e3cab3c7a25e.json.gz,concurrent
311b3b76c7e99c1c29eed7651f46a73584a64efe28c7d631116ce0bdee86a2e3,C:\Users\AYOUB\AppData\Local\EVRP\paper\raw\rc201_21_COORDINATED_MPC_MCTS_0355d65f2f837bea4f19.json.gz,concurrent
eecd5d3b47d0725aa4fb45fbffee9e11d2bbbeef440fcd4ad0b93c4b51c2ee05,C:\Users\AYOUB\AppData\Local\EVRP\paper\raw\rc201_21_GREEDY_9ea0ec54c5347520579c.json.gz,concurrent
59d2cbcf6f8674bb927ae29db31c6821127f69ca474cd0ec6aa24753ec7cf6a8,C:\Users\AYOUB\AppData\Local\EVRP\paper\raw\rc201_21_MPC_MCTS_H1_147eb5bc7c83d5d84bd6.json.gz,concurrent
f9df5875301d73426b5879c2a2b34f0342ac1148ad7f573ecb0fa71ee62e78a0,C:\Users\AYOUB\AppData\Local\EVRP\paper\raw\rc108_21_COORDINATED_MPC_MCTS_b14f12230351ceadba9b.json.gz,concurrent
03f7a68858f027eeeff2279ae0d33266949013ee2f07870f81938078ed739b25,C:\Users\AYOUB\AppData\Local\EVRP\paper\raw\rc201_21_COORDINATED_MPC_MCTS_2e72af1fbdb0e44b469d.json.gz,concurrent
e8b7cb4678a8161fdde233a1be3df80bf511bcede4496b4d043b2c703a180303,C:\Users\AYOUB\AppData\Local\EVRP\paper\raw\rc201_21_GREEDY_1a476782250d899f8cb2.json.gz,concurrent
6f18552dd4c76e3a3e60e93a5e5f8c1007644fa645617879d9e899bcb31ed764,C:\Users\AYOUB\AppData\Local\EVRP\paper\raw\rc201_21_MPC_MCTS_H1_345da831bc00b25bca7c.json.gz,concurrent
1264197a1d03229b54da9830417785160e25243f02846e17427ac916b5c0d239,C:\Users\AYOUB\AppData\Local\EVRP\paper\raw\rc201_21_INDEPENDENT_MPC_MCTS_849a3f7a5563ec39abf4.json.gz,concurrent
80cbeb38c962710cbba35221b090b58c740f464511391686db17442c8f615d4c,C:\Users\AYOUB\AppData\Local\EVRP\paper\raw\rc201_21_GREEDY_0ed89409549505288cc7.json.gz,concurrent
afdc6e4639038aea219812a3f052c4f5ca6dd8900e53f4570d3f573a5c33966d,C:\Users\AYOUB\AppData\Local\EVRP\paper\raw\rc201_21_COORDINATED_MPC_MCTS_56377d1ba1343c9df3d5.json.gz,concurrent
3c76bd54e980b31107bf70096446e1f85b0475a11bca149cb360df01f47982ec,C:\Users\AYOUB\AppData\Local\EVRP\paper\raw\rc201_21_MPC_MCTS_H1_67c1abe3462e7e481729.json.gz,concurrent
dc5ae4751b2eb156a2b67d60b6ffa3d1eb480c99c710d69fa6b89b61e7b1f88c,C:\Users\AYOUB\AppData\Local\EVRP\paper\raw\rc201_21_INDEPENDENT_MPC_MCTS_e9629ec55a716bd02c31.json.gz,concurrent
2ef4b327ef497990bd310ff9d5dfe22fb4f72668869f66a918c5ca7394180b9b,C:\Users\AYOUB\AppData\Local\EVRP\paper\raw\rc201_21_GREEDY_662d568f55bb7ec8c42d.json.gz,concurrent
0a6e498da838009960afd3bb06cc69a37e4c54ecf84cf6b0cd097adfffb23ec5,C:\Users\AYOUB\AppData\Local\EVRP\paper\raw\rc201_21_MPC_MCTS_H1_defae9ac62d1d06e4c00.json.gz,concurrent
843a9b2c4898fc3814ceb85ac909f1d79240d91bdc88e42ddde383592f11e422,C:\Users\AYOUB\AppData\Local\EVRP\paper\raw\rc201_21_COORDINATED_MPC_MCTS_529a8bc0fd382610f932.json.gz,concurrent
bca0df7fb0261b6487a52d5ddf04ce2f7739f35b2af5a1e61170b545ee4d458e,C:\Users\AYOUB\AppData\Local\EVRP\paper\raw\rc201_21_INDEPENDENT_MPC_MCTS_b047ebeb11b360ee9b97.json.gz,concurrent
f4a0dfc34f4889690c90433efe68624d04282e64fe670ede6675701726bfede6,C:\Users\AYOUB\AppData\Local\EVRP\paper\raw\rc201_21_GREEDY_84d9e3c8e3d231bd3e38.json.gz,concurrent
0c41926234ede14196d63f0efa7a30b27f03d8b5cc65414daa0154df2c5ab586,C:\Users\AYOUB\AppData\Local\EVRP\paper\raw\rc201_21_COORDINATED_MPC_MCTS_a8c2992e131e6b2abb9f.json.gz,concurrent
dd9f25afa0b0468c2ef30d58c1ef8a72830dec79547596b54bde18372be5d0c0,C:\Users\AYOUB\AppData\Local\EVRP\paper\raw\rc201_21_MPC_MCTS_H1_505e7b204f1b7d09a767.json.gz,concurrent
b0f76b089ed5e62bac9578a390bbb9e09b306cfd85875e5dec3539d80b665434,C:\Users\AYOUB\AppData\Local\EVRP\paper\raw\rc201_21_INDEPENDENT_MPC_MCTS_31b1821f7d4612a3edf5.json.gz,concurrent
d5cdc3a64acc85790bb19d173cdf98a68d52d5f7dc3a95676019eb3cc46299db,C:\Users\AYOUB\AppData\Local\EVRP\paper\raw\rc208_21_GREEDY_8b679874db833de66852.json.gz,concurrent
d9f41e1dee21bdb7ecf0e50db6e43b6cd582e77cca0d1d3e90ffde117292b6c3,C:\Users\AYOUB\AppData\Local\EVRP\paper\raw\rc201_21_COORDINATED_MPC_MCTS_7604a18632f393fa2f8a.json.gz,concurrent
a41f91676b0d1cb0e800eef116bc98577cebe2161d81ac44e7eda30c4f4468e0,C:\Users\AYOUB\AppData\Local\EVRP\paper\raw\rc208_21_MPC_MCTS_H1_b39d07d6feb51f5153ba.json.gz,concurrent
753bbcf5b79d54e714a5900f17bb1976517fb8e54a5063cfa9980e94e9921627,C:\Users\AYOUB\AppData\Local\EVRP\paper\raw\rc201_21_COORDINATED_MPC_MCTS_fc36bf4b9918210b4873.json.gz,concurrent
cce7d40bdb7777ee42d70ba10ce3370d0951ff71bdc1dd41db55e68b8e86f8d2,C:\Users\AYOUB\AppData\Local\EVRP\paper\raw\rc208_21_GREEDY_718baeef0359f6a6d765.json.gz,concurrent
66f14fc6a0355bdd764763d47a37adb12f233f553423c29111fa034dfd473d4a,C:\Users\AYOUB\AppData\Local\EVRP\paper\raw\rc201_21_INDEPENDENT_MPC_MCTS_55668226c45c9ab4d460.json.gz,concurrent
fe1e9013e8bd60040e6f971b4d29c492d7feeee4212e3a95f596a8b1b1de04e0,C:\Users\AYOUB\AppData\Local\EVRP\paper\raw\rc208_21_MPC_MCTS_H1_e2e547cf5dc3671e5cd3.json.gz,concurrent
23685e391ec4acc876824a170f3e8b3844557889c357e9152fa227880b011cde,C:\Users\AYOUB\AppData\Local\EVRP\paper\raw\rc208_21_INDEPENDENT_MPC_MCTS_6d23b9f8eb717a60ad94.json.gz,concurrent
94282ff949df442ca73f12f9ec81174349d12e1eb1826202ade1d5dc4742a4ad,C:\Users\AYOUB\AppData\Local\EVRP\paper\raw\rc208_21_GREEDY_62b1e77d38823aa75737.json.gz,concurrent
fceb6571f58dac0a5cb3f8ee7d06db9260086bb1ef94611d143ff0a569c8ec5e,C:\Users\AYOUB\AppData\Local\EVRP\paper\raw\rc208_21_MPC_MCTS_H1_d373acff06b287742775.json.gz,concurrent
bceae2ca5f60cd1718476ed11b86d753ad914f8b030f8efcdc0f2f956857784f,C:\Users\AYOUB\AppData\Local\EVRP\paper\raw\rc208_21_COORDINATED_MPC_MCTS_996f50d44aac2b57b79a.json.gz,concurrent
331e94754bc46dd51fef53f290d96f5d7731162ab93ca70a252834b49be624bc,C:\Users\AYOUB\AppData\Local\EVRP\paper\raw\rc208_21_INDEPENDENT_MPC_MCTS_794ffeb8dd3e1f1e4c13.json.gz,concurrent
93711e4759d8b973e30f829a3e9c44f67a4e34f051b864283dabe7d1ccd483fb,C:\Users\AYOUB\AppData\Local\EVRP\paper\raw\rc208_21_GREEDY_9dd8b64b092b39710dc6.json.gz,concurrent
95a15e2955b00f4e14536bfba8e418194d6f6571b74f3b99678fefcfefb73762,C:\Users\AYOUB\AppData\Local\EVRP\paper\raw\rc208_21_MPC_MCTS_H1_a44747da3c877d5028ec.json.gz,concurrent
5e562fdd903ead253158b57c2833ad4214ea093e993e14559f11a28e45eec1cc,C:\Users\AYOUB\AppData\Local\EVRP\paper\raw\rc208_21_COORDINATED_MPC_MCTS_71c4889cb555bd8aa5db.json.gz,concurrent
4d2c6d25833f1772086b8d26af218f755c97f1fec134a16e0148d4b2a3a3081f,C:\Users\AYOUB\AppData\Local\EVRP\paper\raw\rc208_21_INDEPENDENT_MPC_MCTS_89a368282a3aa9027935.json.gz,concurrent
7ce368126275f7aac6682aa24352795eb6639d345324226e49e79a4617879579,C:\Users\AYOUB\AppData\Local\EVRP\paper\raw\rc208_21_GREEDY_62e295822c60cbffa580.json.gz,concurrent
dc55d6c8439299b8ec0074d8698589d3f989efc2bd168035017aff2860a82354,C:\Users\AYOUB\AppData\Local\EVRP\paper\raw\rc208_21_COORDINATED_MPC_MCTS_afe20445d22b5ce61ddb.json.gz,concurrent
8941fb638e5b7ca20bd3789b0c7af893359bf3fac7d95d5d0bf4bc1714674203,C:\Users\AYOUB\AppData\Local\EVRP\paper\raw\rc208_21_INDEPENDENT_MPC_MCTS_2398b0c6c7e88019308b.json.gz,concurrent
0fc0ac6eb6bd13bb09da985e7ab459ff67959e6e497d6cd133044a7997e05ab0,C:\Users\AYOUB\AppData\Local\EVRP\paper\raw\rc208_21_MPC_MCTS_H1_4cfb8cd863f0d9c69708.json.gz,concurrent
513e0e45419a82b415e420788f5aa0ca0144277cadb6305a76622598260a386b,C:\Users\AYOUB\AppData\Local\EVRP\paper\raw\rc208_21_GREEDY_d0aae04c43f3430a2e61.json.gz,concurrent
ce31d981221dfeea7f3c7d978748ba9744b9984f5847aeec77f5ec892bbe3ed2,C:\Users\AYOUB\AppData\Local\EVRP\paper\raw\rc208_21_COORDINATED_MPC_MCTS_9cedbf2c463f39a15bd7.json.gz,concurrent
408e5a4d152b75975c66798df548db36038a9cbe9a722b10eeca6ea8d149e87a,C:\Users\AYOUB\AppData\Local\EVRP\paper\raw\rc208_21_MPC_MCTS_H1_258ab40107c21a129581.json.gz,concurrent
2aa4a361fef978ff41170bdf091de9cb53728bb528368287ae150834c6299368,C:\Users\AYOUB\AppData\Local\EVRP\paper\raw\rc208_21_COORDINATED_MPC_MCTS_9fcb2cef7d0b8f16d739.json.gz,concurrent
607eca1c35b92f5779fcde1331bba070ad411de5dfc083f52b5b9c35c6cbf88d,C:\Users\AYOUB\AppData\Local\EVRP\paper\raw\rc208_21_INDEPENDENT_MPC_MCTS_03a82e55b17d22ff2303.json.gz,concurrent
fc5cc40e1f7f22d1df18fc3e189941073d9315526bff3b2ceed19a614782023e,C:\Users\AYOUB\AppData\Local\EVRP\paper\raw\rc208_21_GREEDY_d492ce7d465818c76bf0.json.gz,concurrent
e18785ab8a3d4edcbc5bcad7f541db1dfe2f9de14a03f331e28b14c2bfe49ea5,C:\Users\AYOUB\AppData\Local\EVRP\paper\raw\rc208_21_MPC_MCTS_H1_0c16568c6c6ee5c72b97.json.gz,concurrent
4e94c8988d31b521f5b25035fb6c903cce44b251974ef6e25ac8be3d8be295fb,C:\Users\AYOUB\AppData\Local\EVRP\paper\raw\rc208_21_INDEPENDENT_MPC_MCTS_9953e6b44176df3f9f84.json.gz,concurrent
08951e1546324cc0bb1bcbf88e24f7810e25f382a48a6c2593b181c0341d4bb7,C:\Users\AYOUB\AppData\Local\EVRP\paper\raw\rc208_21_COORDINATED_MPC_MCTS_f870bed1d4cc0eda2f63.json.gz,concurrent
06d32faabcb6b37f6f9950f8e052c56591b46c1b8cdd4333c576b6c05aeb4cda,C:\Users\AYOUB\AppData\Local\EVRP\paper\raw\c101_21_MPC_MCTS_H1_8471e3882eb14380f5c5.json.gz,concurrent
7ad2defb7b72266e262b62c6ea0610e2d86bcd736a6068c2a87bbbf7d7001864,C:\Users\AYOUB\AppData\Local\EVRP\paper\raw\c101_21_INDEPENDENT_MPC_MCTS_61a3f7562da65d4483be.json.gz,concurrent
1d88ffa28ed1805c570f27523ed2ac73bb8e1a9bc3b1f38236308c2f8e7c47be,C:\Users\AYOUB\AppData\Local\EVRP\paper\raw\rc208_21_INDEPENDENT_MPC_MCTS_8d383db86a846ba99d87.json.gz,concurrent
a9cb31fe8b6decd93706c4a5690954903714d13d54f21516a38b0cc83486d304,C:\Users\AYOUB\AppData\Local\EVRP\paper\raw\c101_21_MPC_MCTS_H1_b41297febb19f25ac95b.json.gz,concurrent
0a7f71572a0075354af9bfef31d2b69510f0d750dfb47c02c2d33feda74952f7,C:\Users\AYOUB\AppData\Local\EVRP\paper\raw\c101_21_COORDINATED_MPC_MCTS_49ee8358b51272bd5bb7.json.gz,concurrent
74c17f87f78effd0ced19201246395b9d9003ec436d428a826ff248c042b749a,C:\Users\AYOUB\AppData\Local\EVRP\paper\raw\rc208_21_COORDINATED_MPC_MCTS_cbe454a651617a2317b4.json.gz,concurrent
d67ab60aa41bff7990e46ef9e8324a96b4ee1b05553daf73ed58b3094ff44ee4,C:\Users\AYOUB\AppData\Local\EVRP\paper\raw\c101_21_MPC_MCTS_H1_d9aeb20441ec78509509.json.gz,concurrent
51ae6c3cd8eb352920b6459ee6614dca8419066419c0f3732d0c2b6d7c82aa14,C:\Users\AYOUB\AppData\Local\EVRP\paper\raw\c101_21_INDEPENDENT_MPC_MCTS_30fa8dd0f24570df32c1.json.gz,concurrent
cdf43a898c8d2310bfd3c58c2557c68984d93e5073f6d5a9e7b7f6fb09d0722e,C:\Users\AYOUB\AppData\Local\EVRP\paper\raw\c101_21_INDEPENDENT_MPC_MCTS_a8444ab387f215e76144.json.gz,concurrent
9db8c7f61500aebc91377d53cffa7c8803a221de92a4026c771b10b1c158c1f5,C:\Users\AYOUB\AppData\Local\EVRP\paper\raw\c101_21_MPC_MCTS_H1_4989fcbf0884642da7c6.json.gz,concurrent
4dba6794729b41a8a9c3d77538e5b357dbcb082148fe64e13ca5c38f3891d768,C:\Users\AYOUB\AppData\Local\EVRP\paper\raw\c101_21_COORDINATED_MPC_MCTS_f159b7e7b683cbe64ef9.json.gz,concurrent
f602cd33d85d4df616d57e05d5e47e820b38d59ae29fcea9fc31f89ddf564488,C:\Users\AYOUB\AppData\Local\EVRP\paper\raw\c201_21_MPC_MCTS_H1_a563b53abf27ca176f03.json.gz,concurrent
4c63693c38426fe9ab6224ab07e6d4c8b0b6f48f2230b7de411e60e483471ba3,C:\Users\AYOUB\AppData\Local\EVRP\paper\raw\c101_21_COORDINATED_MPC_MCTS_2b5728440fb307e51d69.json.gz,concurrent
995be2cf4ffce771ea5089a1743462bbf3fbce9a5fd24f5c0ac4084b9fc38526,C:\Users\AYOUB\AppData\Local\EVRP\paper\raw\c201_21_INDEPENDENT_MPC_MCTS_02cd853d4448ffdc5bd2.json.gz,concurrent
9f94ba42e09a4f01eb832230689bd5c69466a08825f907ea06ff8f7f50f86a24,C:\Users\AYOUB\AppData\Local\EVRP\paper\raw\c201_21_MPC_MCTS_H1_e7285c3b2ef976ff9508.json.gz,concurrent
effcfed0e75c2e834d718a4550aadc9dde92817f17a415c0916e234c0d611633,C:\Users\AYOUB\AppData\Local\EVRP\paper\raw\c101_21_INDEPENDENT_MPC_MCTS_320068af73dda5d05a34.json.gz,concurrent
50eb426fff9052abe07820d21f3da9f2cd0ba05bbd54e30450cc89809046aa3c,C:\Users\AYOUB\AppData\Local\EVRP\paper\raw\c201_21_COORDINATED_MPC_MCTS_de6fe3bcb0268088d112.json.gz,concurrent
6a9bff4ee8b77b358d828aac770dd4e4d93c615cc63c59035b37b4a6f557a652,C:\Users\AYOUB\AppData\Local\EVRP\paper\raw\c101_21_COORDINATED_MPC_MCTS_b49a27b5a7b8f5b51813.json.gz,concurrent
915fc90eb8c6a1869b77361cdce5493d551957bb2d9960c7d5b91bfa1284e5ea,C:\Users\AYOUB\AppData\Local\EVRP\paper\raw\c201_21_MPC_MCTS_H1_0671c0074d3f3d7db302.json.gz,concurrent
83faa8fc2b9e0a35f4f20873d637c50be1e4c3c93165c586604e1617e0e4bbb7,C:\Users\AYOUB\AppData\Local\EVRP\paper\raw\c201_21_INDEPENDENT_MPC_MCTS_2490b921f551f4a98589.json.gz,concurrent
a44c44acd938da82b77ebcdb711f46ced03794672a85dbca073c0a579251173b,C:\Users\AYOUB\AppData\Local\EVRP\paper\raw\c201_21_MPC_MCTS_H1_4a47b4922846e338f868.json.gz,concurrent
7e35eb26010bca92ad6d384fa5f10ccc0429768ce7cc7dea0ed737ee98e145dd,C:\Users\AYOUB\AppData\Local\EVRP\paper\raw\c201_21_COORDINATED_MPC_MCTS_b67f75ef79fbeb265e68.json.gz,concurrent
ac69a0169e72961d09dd7bdc113fd416546bb8ae2cbd9dba09c9c747a135d5ab,C:\Users\AYOUB\AppData\Local\EVRP\paper\raw\c201_21_INDEPENDENT_MPC_MCTS_738d4a67d856460c3371.json.gz,concurrent
5995ce6df4dbacadbb0887d8a2a5b31383154693a80e0738264e385cf2026dff,C:\Users\AYOUB\AppData\Local\EVRP\paper\raw\c201_21_COORDINATED_MPC_MCTS_b9550ba7da4ba1fc643e.json.gz,concurrent
1de6b00f2633d9b721cb5e25a481c8361fe56b3cb5133d7478ec792565c76493,C:\Users\AYOUB\AppData\Local\EVRP\paper\raw\c201_21_COORDINATED_MPC_MCTS_c4332beeea2ae61d255e.json.gz,concurrent
56d8b26039ade544220797247b57cb9b87b6d19b34eca4c11f690284025dc791,C:\Users\AYOUB\AppData\Local\EVRP\paper\raw\r101_21_MPC_MCTS_H1_648f7895bf8562d443e4.json.gz,concurrent
ad5c671287d97e7e7befe34527769b0140607967c9e45f5c098971220b0bd9f4,C:\Users\AYOUB\AppData\Local\EVRP\paper\raw\c201_21_INDEPENDENT_MPC_MCTS_5ad534b2305c0fc5cfa7.json.gz,concurrent
fc59690a1b6d1389e5ef3dc6fa3117ce1b192b4e4ac45be00645732926c97711,C:\Users\AYOUB\AppData\Local\EVRP\paper\raw\r101_21_MPC_MCTS_H1_13b56112e56d5628e1d6.json.gz,concurrent
8df8738f246237a26fe788e06dedc05c71e625717602f15daf00e43eafef5add,C:\Users\AYOUB\AppData\Local\EVRP\paper\raw\r101_21_INDEPENDENT_MPC_MCTS_6402ba32f1ffce23120a.json.gz,concurrent
b217fe00254ffadc5f95c5a2a70962c7d67c19fc14f7f2e07fb8a2cf9b3e2eff,C:\Users\AYOUB\AppData\Local\EVRP\paper\raw\r101_21_INDEPENDENT_MPC_MCTS_97e3e4ecd3d996d4a14f.json.gz,concurrent
e08b622cf62ebfd25d4ba1525c2fc2950c90ae5663097f7853a3ed2fe902dcae,C:\Users\AYOUB\AppData\Local\EVRP\paper\raw\r101_21_COORDINATED_MPC_MCTS_45b7fc33a21348e45482.json.gz,concurrent
348752126dc9b1abde794745d3700cf4698011e398bdc1ff27e939056ec01130,C:\Users\AYOUB\AppData\Local\EVRP\paper\raw\r101_21_MPC_MCTS_H1_6081e295f838dee238b8.json.gz,concurrent
9a308ee253f92016813b440692d7d919fcc608e67b361e71f1c4da1a00b4ecb5,C:\Users\AYOUB\AppData\Local\EVRP\paper\raw\r101_21_MPC_MCTS_H1_09b2907050c2bd369a2c.json.gz,concurrent
a6cccfada02d6b4be3be6bce19ad1ebe253b776fbe5010f676bfb8ba572f2b39,C:\Users\AYOUB\AppData\Local\EVRP\paper\raw\r101_21_COORDINATED_MPC_MCTS_6aeb05459a1592784331.json.gz,concurrent
4d04d558afc5e90b801fe3e831d33732bf4c97694f7c32a56898079a18f98c0a,C:\Users\AYOUB\AppData\Local\EVRP\paper\raw\r101_21_INDEPENDENT_MPC_MCTS_b3b708dc4c516ff288ea.json.gz,concurrent
fb4d9d458a719f1707d3ba7fe2d09bf8f611ee96897f086d57bb2f0dc8bbc717,C:\Users\AYOUB\AppData\Local\EVRP\paper\raw\r201_21_MPC_MCTS_H1_7a37e2be410a377479eb.json.gz,concurrent
2faf5dc2b731efa19500db4c371d58cf07923bdb5969f084daf4da66e6c17b10,C:\Users\AYOUB\AppData\Local\EVRP\paper\raw\r101_21_COORDINATED_MPC_MCTS_c93c88bb280d60dac743.json.gz,concurrent
4e1d389f8ed4abbec2b712ad76372f0e15a4522dc4f46b54b5d83fd164f91083,C:\Users\AYOUB\AppData\Local\EVRP\paper\raw\r101_21_INDEPENDENT_MPC_MCTS_b1c4e827fb4d2c786565.json.gz,concurrent
319273998e5d6d1aaf9b72d064b768f3b120b5e39c54eb7577a9ad3681474630,C:\Users\AYOUB\AppData\Local\EVRP\paper\raw\r201_21_MPC_MCTS_H1_0ed5649b52a99313d06a.json.gz,concurrent
51b20d56d1d2715f946ef5d668ee211af2044be4a71c414c7521be3b927dd133,C:\Users\AYOUB\AppData\Local\EVRP\paper\raw\r201_21_INDEPENDENT_MPC_MCTS_938bd65314afffa2940c.json.gz,concurrent
b4d295703acf6a5fb4ed92dc40bbea8c7f4cc8496615bd1e883d6077d9ca8ce3,C:\Users\AYOUB\AppData\Local\EVRP\paper\raw\r101_21_COORDINATED_MPC_MCTS_d530a1ad9ad752ac5694.json.gz,concurrent
7d2f9d4d7ecbd49ccaa18efa975de02893cba8b73cba9707862de547286715d8,C:\Users\AYOUB\AppData\Local\EVRP\paper\raw\r201_21_MPC_MCTS_H1_eba0721ead6658708618.json.gz,concurrent
614dd57d6f92bc6d3308b88bb4aa7dd847ee165def164d962784fe051d1321a8,C:\Users\AYOUB\AppData\Local\EVRP\paper\raw\r201_21_COORDINATED_MPC_MCTS_746bc5136a22c01d0955.json.gz,concurrent
1e42b3f2e6cf6c1f457bd4878b9fe0b030304d2d95786538f4960ec7fd3a1ee2,C:\Users\AYOUB\AppData\Local\EVRP\paper\raw\r201_21_INDEPENDENT_MPC_MCTS_c0451e16ddb639372841.json.gz,concurrent
f127ef65bd8d7db0a4fdb449f2e86e9c95f751e5bda5d626c25a4600f7f61eb5,C:\Users\AYOUB\AppData\Local\EVRP\paper\raw\r201_21_MPC_MCTS_H1_9e981928778a15c8af36.json.gz,concurrent
6e8603b9a4fd31a031f0a99194f8f723645500b4f25bf851ccc1da9a8b51c455,C:\Users\AYOUB\AppData\Local\EVRP\paper\raw\r201_21_COORDINATED_MPC_MCTS_7186794dbc204cd0c9d8.json.gz,concurrent
87306a467ccce4a934b5deea67e1e94a3c88100baafa6d8bdc0d96876f5116ff,C:\Users\AYOUB\AppData\Local\EVRP\paper\raw\r201_21_INDEPENDENT_MPC_MCTS_680739154b65ecee71c0.json.gz,concurrent
22dfc38f183bd84a02b186c3ec71eeb68f16a452509fa3f8c756f93927d51a00,C:\Users\AYOUB\AppData\Local\EVRP\paper\raw\r201_21_COORDINATED_MPC_MCTS_ca582ef9c8f7b3735a06.json.gz,concurrent
536dba01fcd34f4090c4589a2ffb678eccc980225a5d090ea8c5dc8243548c1f,C:\Users\AYOUB\AppData\Local\EVRP\paper\raw\r201_21_INDEPENDENT_MPC_MCTS_06f6c9827e705f2a8acc.json.gz,concurrent
fa190e381d85e99f700706b6e110ed82666cd546cd1ca8649d048a926994c3f3,C:\Users\AYOUB\AppData\Local\EVRP\paper\raw\rc101_21_MPC_MCTS_H1_b5142cf498745b8e2d86.json.gz,concurrent
5f2fffff1e4e56b392236bfe8220c5f75b69483ace9442333c4f89e44edb85a5,C:\Users\AYOUB\AppData\Local\EVRP\paper\raw\r201_21_COORDINATED_MPC_MCTS_102a90141309f81b7b74.json.gz,concurrent
cda4d91179708376072b0473cbc32417ae5df18b7a62e924c619bfd247d106e8,C:\Users\AYOUB\AppData\Local\EVRP\paper\raw\rc101_21_MPC_MCTS_H1_d2a50e47b8f63eba5ce8.json.gz,concurrent
7c9c7e40841146a2f3a015db9f4e536127f0a61022c334560c4d8e976fe58541,C:\Users\AYOUB\AppData\Local\EVRP\paper\raw\rc101_21_INDEPENDENT_MPC_MCTS_9105d39bb9331f7dbfd7.json.gz,concurrent
2e2e59946409b5c6edebe99183e6de9fa3a871e6770617be593306d6d31ad2c8,C:\Users\AYOUB\AppData\Local\EVRP\paper\raw\rc101_21_INDEPENDENT_MPC_MCTS_57677ecb109c910fbb50.json.gz,concurrent
a38efe6a3719131df35addd384e4461912cf3fc5debf2b9736a40938cf8d3091,C:\Users\AYOUB\AppData\Local\EVRP\paper\raw\rc101_21_COORDINATED_MPC_MCTS_bc3907d46272061ce3f8.json.gz,concurrent
6202a67a6e1a3bc034558ebead9de1a86469fec1a95d2965a80515a75231bbe2,C:\Users\AYOUB\AppData\Local\EVRP\paper\raw\rc101_21_MPC_MCTS_H1_916e5a3c71fca167c671.json.gz,concurrent
5b422935a1bda812b023c944d3c0c319b8f049985ada4d3fe5876828bda51f78,C:\Users\AYOUB\AppData\Local\EVRP\paper\raw\rc101_21_MPC_MCTS_H1_c3ab7e2f8d2134ded4d8.json.gz,concurrent
6a529c497efa6ae40807f9b4ec0aae2db6e6d76cce0a4330845f71d61c9b5cd4,C:\Users\AYOUB\AppData\Local\EVRP\paper\raw\rc101_21_COORDINATED_MPC_MCTS_a82ad2aa1a1c9fef4e5b.json.gz,concurrent
b0f549eb2815e89df06d0360ec2cc0a3cd72cb50ab6b26c8d5b9f21e71543ee2,C:\Users\AYOUB\AppData\Local\EVRP\paper\raw\rc101_21_INDEPENDENT_MPC_MCTS_b9b93d25f535777a52cd.json.gz,concurrent
dca56822cf9416f54bc4518d54770c51e484979f3ed3f8c6cb65dd5f68666866,C:\Users\AYOUB\AppData\Local\EVRP\paper\raw\rc201_21_MPC_MCTS_H1_d2062bc699238fa07dc1.json.gz,concurrent
b9e4bb81dc2217c709193a53eeaef17f5d15cdd956b13785fabf171d3f08b2f0,C:\Users\AYOUB\AppData\Local\EVRP\paper\raw\rc101_21_COORDINATED_MPC_MCTS_c8d1d61473b12f9b2225.json.gz,concurrent
3695f57eaa7e3275e34b2a20df1290f2a1166fdf57d1634cf5a0e8d4355fb034,C:\Users\AYOUB\AppData\Local\EVRP\paper\raw\rc201_21_INDEPENDENT_MPC_MCTS_2313667e8041019e58e3.json.gz,concurrent
4badd97ac24f14145f8e13ad046ccbf76e30594845f464112f47d24ad992c606,C:\Users\AYOUB\AppData\Local\EVRP\paper\raw\rc101_21_INDEPENDENT_MPC_MCTS_a803e14517ec88fd36d7.json.gz,concurrent
c2243e1037014af0ab7cf537ccf3d81509342ede4755d6167213324e6dad6c74,C:\Users\AYOUB\AppData\Local\EVRP\paper\raw\rc201_21_MPC_MCTS_H1_f7a98765bc1b864b128d.json.gz,concurrent
b5864f49dacf38bcd8a00b324832a7bfe319098f3aba256a0840bc8643cd016c,C:\Users\AYOUB\AppData\Local\EVRP\paper\raw\rc101_21_COORDINATED_MPC_MCTS_eb7086e338078d810e71.json.gz,concurrent
53199b0d9d765381b55589d1b6b20a6fd57ba2eeba0163d11a4d0f29d37aca2c,C:\Users\AYOUB\AppData\Local\EVRP\paper\raw\rc201_21_COORDINATED_MPC_MCTS_e7f6da5c2edb086c817f.json.gz,concurrent
82a91bd3810cd1fbe00dcc8c93aee121356bc366d500e09c68d15c90b0b258db,C:\Users\AYOUB\AppData\Local\EVRP\paper\raw\rc201_21_INDEPENDENT_MPC_MCTS_42524857fc56fd44654c.json.gz,concurrent
983feaea67449c2fdd56133733728ea4825325eee83b2c8d56db4211ad0657be,C:\Users\AYOUB\AppData\Local\EVRP\paper\raw\rc201_21_MPC_MCTS_H1_89fa5a2fff06398ee953.json.gz,concurrent
fdd0a6bbe983a3af5e8ab1866b2779bbb8e6835c81a17baa5b6868d383d95ccb,C:\Users\AYOUB\AppData\Local\EVRP\paper\raw\rc201_21_MPC_MCTS_H1_f13492482f5534a182d8.json.gz,concurrent
46d78f5f7d964595f559c08880d1571bc3eda1ec3765bd068c0ba6b40386aa22,C:\Users\AYOUB\AppData\Local\EVRP\paper\raw\rc201_21_COORDINATED_MPC_MCTS_873523c1dc3437a60e65.json.gz,concurrent
8ad85085405ca91161d23632622c1713cb8553a61680661a3b2cc34564685894,C:\Users\AYOUB\AppData\Local\EVRP\paper\raw\rc201_21_INDEPENDENT_MPC_MCTS_15434c9d2869acc24933.json.gz,concurrent
3ce28c1549391a1d9c0ef30357d5841c620a76ea57a631c12d9de51296058af5,C:\Users\AYOUB\AppData\Local\EVRP\paper\raw\rc201_21_INDEPENDENT_MPC_MCTS_21628b6d9f555e760195.json.gz,concurrent
f15919ee099cd574caf4c6f64d1fd4a6a43fa5295c7b8975aea7fe47d8809ba3,C:\Users\AYOUB\AppData\Local\EVRP\paper\raw\c101_21_COORDINATED_MPC_MCTS_cbdf77c46fa763d4f4fc.json.gz,concurrent
23c0e8616e3776fb16ec00d66bd26db36a211470077c800d276a3ca8f8ae3ce8,C:\Users\AYOUB\AppData\Local\EVRP\paper\raw\rc201_21_COORDINATED_MPC_MCTS_85c0980248064b29236f.json.gz,concurrent
4b8b73bb8ef1ea169ce961199283089e8b5b45bc2636862cb81bdd2898b78b81,C:\Users\AYOUB\AppData\Local\EVRP\paper\raw\rc201_21_COORDINATED_MPC_MCTS_3ba602292e10fe1e9599.json.gz,concurrent
3e89e32a7afa872e42d6ec25bf2f9e0f991efa51a9df2e8ea47ab496d48761d1,C:\Users\AYOUB\AppData\Local\EVRP\paper\raw\c101_21_COORDINATED_MPC_MCTS_934ced8441918b498bf5.json.gz,concurrent
826a652637319857157b6c4b80ffe8fab9b348930d1a307e370523d7636e95d6,C:\Users\AYOUB\AppData\Local\EVRP\paper\raw\c201_21_COORDINATED_MPC_MCTS_0431f07b7fe93aeaaa54.json.gz,concurrent
dee4fa7d287de58c856e34307c3040370636c23d230bb622ca76f7a5a2734f6c,C:\Users\AYOUB\AppData\Local\EVRP\paper\raw\c201_21_COORDINATED_MPC_MCTS_5c4199b2d0cf4fd18749.json.gz,concurrent
824ee2a439b4c29f49b7bdfe2b591291a9fa70f1bb77dac9c2814329b5b4aac6,C:\Users\AYOUB\AppData\Local\EVRP\paper\raw\c101_21_COORDINATED_MPC_MCTS_464098878b574c2e625d.json.gz,concurrent
123643214815707bb0426fa6e15a1deb94a8e257f2b99bb2159b90ebb3643c1f,C:\Users\AYOUB\AppData\Local\EVRP\paper\raw\c101_21_COORDINATED_MPC_MCTS_8827600396053d106725.json.gz,concurrent
71001e2ae552e84f2c9dfdacdbde7f710226937f823b2bdaf607b1ec53030cc8,C:\Users\AYOUB\AppData\Local\EVRP\paper\raw\c201_21_COORDINATED_MPC_MCTS_17db63ebcc12d8213e3c.json.gz,concurrent
76aa715c993b0b68e61b03859dac079b95e9a8a58e559684ec94ce4ca56f2a99,C:\Users\AYOUB\AppData\Local\EVRP\paper\raw\r101_21_COORDINATED_MPC_MCTS_91df733fbecfb2930f2a.json.gz,concurrent
5d9602590fa672b4c3d49913b0aaf3e2211578f9300c7bb0b44954ea12471dfc,C:\Users\AYOUB\AppData\Local\EVRP\paper\raw\c201_21_COORDINATED_MPC_MCTS_8285003debfb723af3f3.json.gz,concurrent
c1e9a4d5600604ca28022fe1440087d55a9bd53be16e4ac1b6c0db8e40aab953,C:\Users\AYOUB\AppData\Local\EVRP\paper\raw\c101_21_COORDINATED_MPC_MCTS_88e960b04862d6e8dd9b.json.gz,concurrent
1ac2820154ef83f2168b8bdb238bd8d2b98f56d7d517ec65eb83590947bc2087,C:\Users\AYOUB\AppData\Local\EVRP\paper\raw\r101_21_COORDINATED_MPC_MCTS_158a34065d8767a9ff19.json.gz,concurrent
005f82bc6c5d2abe7d770fbdb89df9194bb08ebeacc3ac0d1645a053300c4bfc,C:\Users\AYOUB\AppData\Local\EVRP\paper\raw\r101_21_COORDINATED_MPC_MCTS_30459d63a4caf5b00b6f.json.gz,concurrent
fb085b46bebd35ef3f11f0271c441fbb3f9ee74b687cdee9eefa4c860ab70754,C:\Users\AYOUB\AppData\Local\EVRP\paper\raw\r201_21_COORDINATED_MPC_MCTS_d869bde1b66834cf1185.json.gz,concurrent
e2e3942f2dbd922705a6546a5fa77ce37bacb7711b83aa60b71e9a2ae047d9bd,C:\Users\AYOUB\AppData\Local\EVRP\paper\raw\c201_21_COORDINATED_MPC_MCTS_5cd56be78fb8e5a1b07c.json.gz,concurrent
fa21d624e0a76402cb8cada0cdbe1fdcd9377e0bdb95ed60ac3145889e5c0d4c,C:\Users\AYOUB\AppData\Local\EVRP\paper\raw\r101_21_COORDINATED_MPC_MCTS_971bdc3889481638aeab.json.gz,concurrent
4d069094e72bd064ae2c74be90198b314f347f45b3a0e2ddcbd21bdfa26aea02,C:\Users\AYOUB\AppData\Local\EVRP\paper\raw\r201_21_COORDINATED_MPC_MCTS_954b88dfb570ba20154e.json.gz,concurrent
587b9492346bc80e27829d247b09bfa6a233fe145f586f3c0593a3ee8ca6111c,C:\Users\AYOUB\AppData\Local\EVRP\paper\raw\r201_21_COORDINATED_MPC_MCTS_9bf27cfb39de2ffe5c95.json.gz,concurrent
98db05b81387a7c549392d62ffd0db8b38e6abc1bc6ee293f780565289234634,C:\Users\AYOUB\AppData\Local\EVRP\paper\raw\r101_21_COORDINATED_MPC_MCTS_ca78c16cdcd10e4655d0.json.gz,concurrent
13a65383ceb5c1e118b590c329244b40014cd71aee7d499ab31fc8def861ce10,C:\Users\AYOUB\AppData\Local\EVRP\paper\raw\r201_21_COORDINATED_MPC_MCTS_bb90fbd217f9b9db99d8.json.gz,concurrent
d4ced845d496333c24ebe5f680ad7bd573ad12a09c1fc640ce1f0984c0e0a3cb,C:\Users\AYOUB\AppData\Local\EVRP\paper\raw\rc101_21_COORDINATED_MPC_MCTS_7e7684406d0df8a48daa.json.gz,concurrent
0bd10caadc9c7ae57515d131e4016ee7d20282e88fb833c8527ad31ce62dd6df,C:\Users\AYOUB\AppData\Local\EVRP\paper\raw\rc101_21_COORDINATED_MPC_MCTS_564f583aac1dd4a5c80e.json.gz,concurrent
ccab7402de0a5a1e73e2d1df27519f44942e2f3a11fed8b275f75ae2782b9cc2,C:\Users\AYOUB\AppData\Local\EVRP\paper\raw\rc101_21_COORDINATED_MPC_MCTS_ffa13509c8aac427b42f.json.gz,concurrent
59e60d14106037ba95864076fbfb16d0cad5768507b13b89dac8f3780a48a0ed,C:\Users\AYOUB\AppData\Local\EVRP\paper\raw\r201_21_COORDINATED_MPC_MCTS_8deed3d153cb376ac626.json.gz,concurrent
c09d2700b159471e2d4a0e861287b28831f5acc990d8d8acb35342715f0a8463,C:\Users\AYOUB\AppData\Local\EVRP\paper\raw\rc201_21_COORDINATED_MPC_MCTS_d1915ed4d8f8966d688c.json.gz,concurrent
4c4cd00d99fd2375b0abb9ab860f100d67c27c46a58d58be565a753129db34fa,C:\Users\AYOUB\AppData\Local\EVRP\paper\raw\rc201_21_COORDINATED_MPC_MCTS_2ba278d27e615b2faa9e.json.gz,concurrent
1dff49c057e5930e704c9dee04a41b841894c54e1dfc4c383eba699b19bebfff,C:\Users\AYOUB\AppData\Local\EVRP\paper\raw\rc101_21_COORDINATED_MPC_MCTS_3555e27c5b44171c9ff9.json.gz,concurrent
4367124061b05af04f517b89e9ddb502c4fcd8a63b6979d443cdf5b887f5b4e3,C:\Users\AYOUB\AppData\Local\EVRP\paper\raw\rc201_21_COORDINATED_MPC_MCTS_fe1f437fd9eae15ed3ff.json.gz,concurrent
a5e123208e6a12ae04a15b9d7f1dda0ba876e9b85b649fb87ca5b3f1bf1bf839,C:\Users\AYOUB\AppData\Local\EVRP\paper\raw\rc201_21_COORDINATED_MPC_MCTS_10d5854ef50078495598.json.gz,concurrent
dcd2809ff829103a13aa467c09af3b799459c9519a1273ff5f198b3fb2c6da85,C:\Users\AYOUB\AppData\Local\EVRP\paper\raw\rc201_21_COORDINATED_MPC_MCTS_22e3272ae6562b638355.json.gz,concurrent
75a3388ec9b3873bedcb904aec77858e0c204c731c376305fee65b5e92f294c6,C:\Users\AYOUB\AppData\Local\EVRP\paper\raw\rc101_21_COORDINATED_MPC_MCTS_0d8cc40d39e5ca2b967a.json.gz,concurrent
1dedc4a5bae9aa0987afbc0a449cc35c1d502acdfb47450e7cda7211e127b8b7,C:\Users\AYOUB\AppData\Local\EVRP\paper\raw\c103C15_COORDINATED_MPC_MCTS_4c778855fd07ebd195a0.json.gz,isolated
b359f2e61fe10a6da2ff5616e1209f591a17c432900d63a983bf4e419b75a3af,C:\Users\AYOUB\AppData\Local\EVRP\paper\raw\c103C15_COORDINATED_MPC_MCTS_63f815cbf05fa0fc728d.json.gz,isolated
feda7e09195eb6551be3b2c7853c61e6d6d6a8ca9abd741efe1676a8ade0829a,C:\Users\AYOUB\AppData\Local\EVRP\paper\raw\c103C15_COORDINATED_MPC_MCTS_39e348992547f3ffaeaa.json.gz,isolated
da0e96388813a0c4674ee200ae7fdfeeedbc3c8b569932b2f32b5b61feebe57b,C:\Users\AYOUB\AppData\Local\EVRP\paper\raw\c103C15_COORDINATED_MPC_MCTS_a4c27e21658cc073cc78.json.gz,isolated
266c8bb5c823ab002a648a1efbec51b1abd4fb2b10ee35fd97d52978ea59455d,C:\Users\AYOUB\AppData\Local\EVRP\paper\raw\c103C15_COORDINATED_MPC_MCTS_f1325c96c25cd9b7999d.json.gz,isolated
5ded3524e5ce5eedc2f2e0dbb208e80452977752ede26a092df973c5a0e02cca,C:\Users\AYOUB\AppData\Local\EVRP\paper\raw\c103C15_COORDINATED_MPC_MCTS_80692402175e0c9ecd36.json.gz,isolated
a56ee1733b5216c23c39b670f2588f17c76d931fa9afc7da297984d2d5f1aa19,C:\Users\AYOUB\AppData\Local\EVRP\paper\raw\c103C15_COORDINATED_MPC_MCTS_b4d0735a0254773ef0e4.json.gz,isolated
23a90f8685ad4ece838f63796fb2ecb527cf3abea67a922ea814ddb4935def0d,C:\Users\AYOUB\AppData\Local\EVRP\paper\raw\c103C15_COORDINATED_MPC_MCTS_a224f70c29765996207d.json.gz,isolated
0d7f4f90c3a976679ade219d1350871c74edef9b4adcba80fb756dbe00fc9ae8,C:\Users\AYOUB\AppData\Local\EVRP\paper\raw\c101_21_COORDINATED_MPC_MCTS_7e05a01fab6380eb7ede.json.gz,isolated
b463b3073ee798d3cc44b6df7352279837282d8dc50fd1a6a52e8b5edc6e77f0,C:\Users\AYOUB\AppData\Local\EVRP\paper\raw\c101_21_COORDINATED_MPC_MCTS_5b0c921a28af5f573b2e.json.gz,isolated
edaf669bfe792461b27311dbdc6a9d903fe4bbe1f158918c4b5e1619dfe2c89e,C:\Users\AYOUB\AppData\Local\EVRP\paper\raw\c101_21_COORDINATED_MPC_MCTS_fa9703f1f112f003a5bf.json.gz,isolated
aa69036c5b0af1454f8d438e939bbdf550e00e69b25683485b794f2b5e68c040,C:\Users\AYOUB\AppData\Local\EVRP\paper\raw\c101_21_COORDINATED_MPC_MCTS_852680b430bb87bbba73.json.gz,isolated
629b801336937df2e77a03ddf15e56037d930f2f1929f32cc57237298fc895dd,C:\Users\AYOUB\AppData\Local\EVRP\paper\raw\c101_21_COORDINATED_MPC_MCTS_eff9cac002ae2a9f3a39.json.gz,isolated
ebddc2e8cf0a01736c8540edf4cce1011addfb46305f47222308ef30d6f87a75,C:\Users\AYOUB\AppData\Local\EVRP\paper\raw\c101_21_COORDINATED_MPC_MCTS_d5478fd602eeeae9e7cb.json.gz,isolated
f3b3d69d51f2d66eebdc210cb3b90814e91320af8a9d4fdc12a5ecae7de0c345,C:\Users\AYOUB\AppData\Local\EVRP\paper\raw\c101_21_COORDINATED_MPC_MCTS_6c25706b84caa4e97005.json.gz,isolated
4bebfa80fac9123c4a385f59ee1163baeaeda6fc3c650232275931f3edee315f,C:\Users\AYOUB\AppData\Local\EVRP\paper\raw\c101_21_COORDINATED_MPC_MCTS_d0098d915a06ea067da2.json.gz,isolated
2b570d926dc2d2ce52ba6c775500c552cc80899e496b06e373cf57195135fba1,C:\Users\AYOUB\AppData\Local\EVRP\paper\raw\r101_21_COORDINATED_MPC_MCTS_a28e618d7af4a14343ac.json.gz,isolated
56218aa1dd41bdf81911eb312c0a2ae35c803bcd253d7f0230e3bed6a910df73,C:\Users\AYOUB\AppData\Local\EVRP\paper\raw\r101_21_COORDINATED_MPC_MCTS_11b12511b848e3505832.json.gz,isolated
44e9a7f60a66b988fc140a6f75620dcb97592f5a3a5de716d6555cda6a491351,C:\Users\AYOUB\AppData\Local\EVRP\paper\raw\r101_21_COORDINATED_MPC_MCTS_7e2a8a5320d0e9cfe047.json.gz,isolated
103bf2e8f380899c775ad5863ec9653bd15bb51a219ef900b4140b5bbcf83413,C:\Users\AYOUB\AppData\Local\EVRP\paper\raw\r101_21_COORDINATED_MPC_MCTS_6db82a61c8044a557deb.json.gz,isolated
b78dac468bcc38f37cc6425c3cb40827e276343c4d73607d53ed1e3e734d7086,C:\Users\AYOUB\AppData\Local\EVRP\paper\raw\r101_21_COORDINATED_MPC_MCTS_dde6df8a28c0bb16811f.json.gz,isolated
173781d0fa06519b629c4e052cfb1839184534aa61763874a921cab1f920d984,C:\Users\AYOUB\AppData\Local\EVRP\paper\raw\r101_21_COORDINATED_MPC_MCTS_dcb156dad8d1f7351cc2.json.gz,isolated
6213e057ac25ac5f8c4efb0afba41765c0ce96b99c1364006af1a4b3e673aca1,C:\Users\AYOUB\AppData\Local\EVRP\paper\raw\r101_21_COORDINATED_MPC_MCTS_4d69a90b72e4856e8d91.json.gz,isolated
535c6fe2476fa382ea1728de352aab07540f945f1d2f62d2b71ed62a22d70f5a,C:\Users\AYOUB\AppData\Local\EVRP\paper\raw\r101_21_COORDINATED_MPC_MCTS_a3f826e87797cf209a27.json.gz,isolated
