"key","path","sha256","execution_profile"
"4d6cef9a91594c14546f7388cce11b4f3748d95b17b9f0a125fc369159d92d73","results/performance/calibration_archive/raw/c101_21_COORDINATED_MPC_MCTS_4343a9152c1c0c7b9c19.json.gz","2a3f42a33ceb5039db5fb525d08c0d11b412e5371ccd7e7e420877aa76d1a747","isolated"
"865be127a21d22920d10b0bbdeef5f27181015ded43373baa5d1f20703f78c96","results/performance/calibration_archive/raw/c101_21_COORDINATED_MPC_MCTS_6478c331b1257876c19b.json.gz","2d4d449f31a5af33e27bea772850c295340de992d3f063d51acc3d671acbec4f","isolated"
"0d5b23eca9c22048f79409f80c24d87c8e7a696c798ed04adca2797e90d0eac4","results/performance/calibration_archive/raw/c101_21_COORDINATED_MPC_MCTS_971fa1837e9e1f1e5c72.json.gz","cff3baf113e2833a9952397bea041ef5904b71364c8926e8285a09b8686e865e","isolated"
"93f7cb4ab18b8ab719f3f651ea0e6f7f78452b00cccc36f568f92fab9bd384e2","results/performance/calibration_archive/raw/c101_21_COORDINATED_MPC_MCTS_b5a54d80491d8c9c89d3.json.gz","bfbe3a1001e1a1f2a71b99f80061e6e51a0b808df95e56bd9d526334b80f7a4a","isolated"
"c1506cc1ae8fc527b47cfe34f133bb358d94198b3f37ce8a54342ae446a59f1b","results/performance/calibration_archive/raw/c201_21_COORDINATED_MPC_MCTS_1c7b69640c9cba6457b9.json.gz","86854228a99f0075ba85584f6591c250a2fa0b03d46a2d69d4373a76e5a6a5b3","isolated"
"41bd5a3eca30acfeb4c732a5f0b2d973e91137ad4b4db126e99650e2f00bb7e3","results/performance/calibration_archive/raw/c201_21_COORDINATED_MPC_MCTS_262bc22a4b8cf3330ed0.json.gz","811b28edcdd7a287e7fa115f10a5e331a62d11c1af39e4691a887d599970a24f","isolated"
"f90016e9d691f99dc0b7c1f0d50b62b261e34fc7f53031dfe5cbc7d3ad7f0d8e","results/performance/calibration_archive/raw/c201_21_COORDINATED_MPC_MCTS_925030028576ad206a8d.json.gz","86a699da04e290044317b4dffe44092b54dfbd8f92e91026e995eb8545c4739f","isolated"
"173012f0cbb9c57119699c129806804ccaf3c104828f53385fbc545e2301e308","results/performance/calibration_archive/raw/c201_21_COORDINATED_MPC_MCTS_d0b3309f884dfddc5c52.json.gz","2d148b8ecde858cd8739b87a6f64f2e89f8b8244b0e88d811d68fd42c525ea21","isolated"
"a57e00735eaf23bda3f8b0fcf6a6bde58b75fa9339300137eeb0b2ad71f434ec","results/performance/calibration_archive/raw/r101_21_COORDINATED_MPC_MCTS_daa4540be055693ff7bb.json.gz","815c15dc47d7e0c623171526b234a6ad092251b98907753b7b69bc925b9667dc","isolated"
"a57cce216dc51d82664efc3235bb5f652a8a47b6a2f34b5ef2b4639f603d9796","results/performance/calibration_archive/raw/r101_21_COORDINATED_MPC_MCTS_e6a7556e517c25bf6e50.json.gz","836410ac860460d91653efa149d090660376e7338a5e3996eee48cd4fce24e29","isolated"
"3f6b59d0afe0f52ea8724c997f333628e1e9b2894ddee8e17ea4279d313bc129","results/performance/calibration_archive/raw/r101_21_COORDINATED_MPC_MCTS_e9b95baafab0371f0a49.json.gz","7f26fbe26706b59e52a41767c650018594c096f61cf7939156a2279f0a0f463c","isolated"
"8a71d62013460e2c74f1e5b363757a519ae9968fb65922ad15e4d6ef6841d304","results/performance/calibration_archive/raw/r101_21_COORDINATED_MPC_MCTS_ee7d47679376f7e7f458.json.gz","8d8868f3095f22d386fa7de5d9253496aab2f327c3650efad3406b7b9a2be3b1","isolated"
"0d8373a206de0254f12df719ac2f40e921a50de0ca8dc3d13107aa93902c27c8","results/performance/calibration_archive/raw/r201_21_COORDINATED_MPC_MCTS_0cbcdcdb6caf2ff57bd1.json.gz","9e4da83d0ca4dba9fe0cf4d85a6442809de65fd0e3d4a9a3d1274331e2b862de","isolated"
"ba0d090d0b6c279a890436477a5f4f8cb70fc85e052c3bb9067ce6f9d9fe3b31","results/performance/calibration_archive/raw/r201_21_COORDINATED_MPC_MCTS_64d0f7167fb0a7052d8e.json.gz","024ee021389a8de02343ae762c0bec7e6845cc8845d8a67fccce8527315f1291","isolated"
"d1b9f045b9c3a40b0c4398bee7898699851761c45bc56942da2d21a7a19361ec","results/performance/calibration_archive/raw/r201_21_COORDINATED_MPC_MCTS_6689d67239bf8b592902.json.gz","56324ea295ccc7ff3e94003d06a019b4d503785c9c4a764d5c7642780d664ab9","isolated"
"2cb781eea33ae7a3ae57bf9d978293ff0665abfb12f1db0cfd451f9bf569bf63","results/performance/calibration_archive/raw/r201_21_COORDINATED_MPC_MCTS_6ca7d89c4b54f20090a7.json.gz","efe05111d097cba6b67df301f9fc347070f121f442abd311e8a36c3712390142","isolated"
"a2b2ddf08abed78c91df3fdf02c73ac09c7a167c987882baf4d61bd7b8026907","results/performance/calibration_archive/raw/rc101_21_COORDINATED_MPC_MCTS_0bbaf0c63f9e43a086ca.json.gz","939ba1a3442c8ce0b5d4f1ba997e974f1f0a90882fa23328843396713f00a374","isolated"
"670c876e8ee0e6dee408570400c22508f460adced2d2fcdadb317e93d071e2be","results/performance/calibration_archive/raw/rc101_21_COORDINATED_MPC_MCTS_6e4e16c775881847a251.json.gz","d8fa242db3563a29f716f9f6f8d860c3da493ad18f06bf93ed5f6ce77779bf6e","isolated"
"abaa7f9a724a019692630bee4127fd84a4cd7a435e4c39d0cbbb92e64b3c36f0","results/performance/calibration_archive/raw/rc101_21_COORDINATED_MPC_MCTS_7bc7c535f98fbe992eaf.json.gz","8c79b3e329e555424bfa25ebbf6b350c0c98caa7c7da401b5bbdae26be5d39ea","isolated"
"b6cfb242311c4bdaaff7faf9bb03dac06afa737c321e0af7631f031f1a12949a","results/performance/calibration_archive/raw/rc101_21_COORDINATED_MPC_MCTS_a65e23a2abc447e49b9f.json.gz","1c89350573499abf7b7dda333f6f5bb5a21dbd30a369ba504454e9cf7cf0637c","isolated"
"b4e8bcad6f15fb9b8b12f784613a14cf17f907792bd24e064f2639f7b631f632","results/performance/calibration_archive/raw/rc201_21_COORDINATED_MPC_MCTS_4fadc04eb8decd893a15.json.gz","059edc1759818fdc24af8a18d3f859b71f800f0ea9a81c5d10f0cc85ad00796a","isolated"
"6aaa425323371500ec441f7e09cf1f86dbe03c84ee3a6799202bcfca81a7b81e","results/performance/calibration_archive/raw/rc201_21_COORDINATED_MPC_MCTS_86fcad64e834f6631180.json.gz","9954e9c494459ac4cbf37a2a330369f87adf0919b6967a9605511a027f06ee5e","isolated"
"e53b3fe50c911451544f8dcf85a0038627e2ce276852632fd811517694e9447f","results/performance/calibration_archive/raw/rc201_21_COORDINATED_MPC_MCTS_b2fe5dc1da4459c6f05a.json.gz","0c940500ac61926fb54154582074ec4234bec7d2f9c824902441284251434636","isolated"
"9e1a4fd85e643f64c2652eff33b2e0688679708b91737bb136b36de111a7d826","results/performance/calibration_archive/raw/rc201_21_COORDINATED_MPC_MCTS_bb5f0869795e78dbab87.json.gz","d51192b859ba1da3cf3675d473b5e68b5741d54fd28f9dd3e9c4d75389c7fb12","isolated"
"2d5b6d31c2ab883ea7a85b0ce0b0d4d95c8d57a39ef32c4ec51e6b54ca677835","results/paper/raw/c102_21_GREEDY_3fb7ca50d82f72c3b6cc.json.gz","cd6dc2bffc64375832187825bcc6fa98ba0b1e94ff27566e67d7384282f98e81","concurrent"
"eeda496502e53119d6468957bb9be0234855ec4d16b6df1ee2c6a0e6c89cce8b","results/paper/raw/c101_21_GREEDY_b2f5a5e9cbb3592684ef.json.gz","4b62d4c60fefc6ea82c3aed5e8acc7eb0e6cfd199408f8d9738bc82aefa4d9d4","concurrent"
"c740eb3bb684419f29d158149dc6d2ebf3b410eb347ffe4b2b0614f8cb376a9c","results/paper/raw/c101_21_MPC_MCTS_H1_0ece4573c5c37d737f0e.json.gz","09fc1e96d7e3abf0788cc8c23c23907ee79a7e5d20a9be3c28c194fccf19300e","concurrent"
"6d22100d3c146b537aed34ae08d3350d0e7dbf2215c2bd1b071d17051f7cf70d","results/paper/raw/c102_21_MPC_MCTS_H1_77397a5ff6430569ec9e.json.gz","2a0a5a203cdd076d679a0314ce98f8d6c875c994f7cf40f4f3649d01ae67c098","concurrent"
"afba3f5428f96de0d7ae0a959cd4e8ddc6336455d1ec7fa57e88fe262a98102c","results/paper/raw/c103_21_GREEDY_5dc512f17d220c582d89.json.gz","67cf4c138f3b1f6c15c121044c81b9510b52721513858f8ee194702f98b257f7","concurrent"
"7366a3f153237073d09938c121bcac2b209c96abf39075b23b0b7cc172e82ed8","results/paper/raw/c101_21_INDEPENDENT_MPC_MCTS_3b6fa05c8f6aa2f62f60.json.gz","c03d448fac9c500200a253f1774e739c9877dc4d97abb60fa4c55babef76a3ac","concurrent"
"5adec12206985d0cb886e3c283ea8781cd3884dcc975afd883b9ed45aa6f387e","results/paper/raw/c103_21_MPC_MCTS_H1_9137fa7259452e369ae1.json.gz","f3abb311d40e4126261f018643466d8ab06ef926bb70240e52420ecb78fe91f9","concurrent"
"e7c5e44797dbd50b789c161e910ba25c3de8763370e888d582d02af3f14630ea","results/paper/raw/c102_21_INDEPENDENT_MPC_MCTS_374213d873e2ad1850f7.json.gz","f1b14f9efba6a62ac17d9e6288c29f30126f11a6c51899f755b3bc422036dfbb","concurrent"
"8619e343359c4c35ee40fe784f4fe7761b0e67049a5ff863bc0072c32e088b4a","results/paper/raw/c104_21_GREEDY_a0411823dad3de7ef699.json.gz","f6e49928b59c1d5c8184acd2aebe322c59c5c04a5990735dc46f22683718758c","concurrent"
"5365416a5644141943ffa939ce764e85f23113eb6e7b9c7ce399aee2dfd0cdf8","results/paper/raw/c102_21_COORDINATED_MPC_MCTS_54ec5222d1b2345782f3.json.gz","e98dbf52f7eab20d2a2fadd0ed2f7436ea9d9c17562cae5a261b83748a67cc17","concurrent"
"c017af02ffd05c63e8f307680c819e94b6f2bb0fd12601880a525164045313ce","results/paper/raw/c104_21_MPC_MCTS_H1_b302cee2d23946df8069.json.gz","10107946ce38d02b9075b2d6ca15944c873d5277f053b6ed182c410c2a945366","concurrent"
"1ad16310acc42bba00cf949f995772fdbc776dfbd9dbff448ebb75a637d796d5","results/paper/raw/c103_21_INDEPENDENT_MPC_MCTS_e15c73d72bfdf14c54b5.json.gz","f7dda0974028a580c425c06299d8eec49db0764d923f4f5b63321f8943aa605b","concurrent"
"f4e43e5bebfa0d650d17533cf9b96f946ce9b7d656921ff6a3eb1c9387350f69","results/paper/raw/c105_21_GREEDY_56230ebf7c56ba14c77e.json.gz","a7f101296248cd6be1aa0772f4e2e8e710d516dafbbb28f812da83ed81eec806","concurrent"
"1037673796d38bafe25192a2800836204b6843110557beb707ac0795012da705","results/paper/raw/c105_21_MPC_MCTS_H1_75b0f37f95dd4d90e658.json.gz","cb1eb7ecc63975a9f98aadf0d3298a54b651486ec761effa8250318b38c5b950","concurrent"
"367e95928ee751879875013c7be3538be7a5fe2c240298f1b910f5083f962181","results/paper/raw/c103_21_COORDINATED_MPC_MCTS_a1cc2882fa58fa41a216.json.gz","c8fe35c820ca6f4b92589f62fd083b07c5ad3c47668c52dadef2c9764103de0c","concurrent"
"a08769872271ec2046aaf3227da5b676331e1bd0fe735fdceb2cfe745841cafe","results/paper/raw/c104_21_INDEPENDENT_MPC_MCTS_de8e3a92aa7964f3f54c.json.gz","32547f07695451a3a174ca575921abe8690aea92a462c4df7e6a0c4a4d7b1ec8","concurrent"
"3b94fab60a2f116d3888fc95980690047cccb8cf1356f68ac8562c93571d4753","results/paper/raw/c106_21_GREEDY_204ff96942c3141ebfac.json.gz","bb142f8498c178babbb80937d24572594ad69da1effe525d6a3f8c1623d1c80a","concurrent"
"09d02eaa1e2e1c18d2d16831f73e98f305d01e64aaab1ad7223c9ffd3c233b24","results/paper/raw/c104_21_COORDINATED_MPC_MCTS_8d0f00d20858e9049dcb.json.gz","e9a8ace3618952a07727796376878c1ee24edea42d4a0ad52718d19fd9c232cb","concurrent"
"a79156a136b1cf12c898923dafd0c6f59465c9a4d5c388118b7a3855b712409e","results/paper/raw/c105_21_INDEPENDENT_MPC_MCTS_2666028c784a3b1b2a75.json.gz","1a58354a4807474e0a8e85400813cb294d53cbecd3e63e5c0c61f5a41a691191","concurrent"
"75ca019f2c8dccdd833dffdc963a2b2cbd2aafce7d7545e141a72e6e0b445366","results/paper/raw/c106_21_MPC_MCTS_H1_37c53654d74c2db11213.json.gz","b36ab202fc8a926738a5b21fc2730d785b52c7d118a32ffeb04de6be5263d062","concurrent"
"b1efd023f5751fabc73ef642f35a8b5bffae4d7dacd20c33f64ad1685551c733","results/paper/raw/c107_21_GREEDY_228f175fdd15b6ea6f68.json.gz","039666e9839f22630ce807771918c86545196ee46672a85894819ce5abeaf7bf","concurrent"
"50eebc8d5bb377baae6c9b3bc5cc66a5966d8b5002092e2287133d23804d94c2","results/paper/raw/c105_21_COORDINATED_MPC_MCTS_a05ddcaaa4fb4cbe35f5.json.gz","d7c383e7bfd3c6bf7ced35f9a5f7e7a75d0d23e0956ed4eaff840cb9dc9b66ec","concurrent"
"dd7926aadc533fd5217007759b189690dccad8f79e6f1de9f29fa8259ce5af24","results/paper/raw/c107_21_MPC_MCTS_H1_efe9d4ee91bc615c009b.json.gz","ce19774879356bf980affa67e7b03dfaf8d6e0ed4edeab930b14238432634aea","concurrent"
"1a907459edcd2b8068d66dd7c8e672a88907bd13b74d7b5570203bf9349f7bf4","results/paper/raw/c106_21_INDEPENDENT_MPC_MCTS_5cdbcbca3fae08c535b2.json.gz","f3c5ed62ed2fd08203c85b677ba3660c274bf100ad5102768326ea4f43bf34ef","concurrent"
"73855f3d4da8d33ba57472f5f02b7a02da4e03a405571804153287f807d72fb6","results/paper/raw/c108_21_GREEDY_73b74341bd6c54570f26.json.gz","5605626e628441a3f91d45903ff2bf853a7a4cb24b4dbdc1abd4f2ee929a4b9b","concurrent"
"d56589eb290b476d63b9ce4ef876259a5d0fadf8a6ea9488b4d2d7814fab1377","results/paper/raw/c106_21_COORDINATED_MPC_MCTS_f451e4faba7a09b38704.json.gz","78989c3141a629d1869b3c119b6be31c344fc80d63164c010c549116da0f12c9","concurrent"
"d1b0b3301a9ac8cda8b406dd07542db821ffd62dbe2f20b93408af17c59a680d","results/paper/raw/c108_21_MPC_MCTS_H1_454df8e994518b3071cf.json.gz","ae3cc5f753097a5a7d0ba570e0749dfbf2229d1a2d54dd1bd4b8a74102bdf921","concurrent"
"2fdd41273da88f257b8942d7c03e27e48e184dbd1783079187f5093ed7f92448","results/paper/raw/c107_21_INDEPENDENT_MPC_MCTS_d6ef1a83d5de61fcb2a3.json.gz","20b5922952e4c366180aca2c0f387c27a4ee7bfd1479f901acd7d1e2759d3495","concurrent"
"6fd4620e3b0331ba0ba0ef20590ec748bbd300006901b23c64a8bec82474ba51","results/paper/raw/c109_21_GREEDY_b85b24b6f5d8e31f290f.json.gz","6a9556ef99efcdbc327199593efe329316283ff3e7506b618bf289fe73dec18d","concurrent"
"f6110cbe50b18e3e52a86c94cfc35f10edb8310d605fa571023ef7beac12332b","results/paper/raw/c107_21_COORDINATED_MPC_MCTS_e5a69cd8b3b9081a067d.json.gz","9cb08d4a5e4c6fd200a1e2a3dffb53779f92630732d1856694affe526693b6bd","concurrent"
"b79452e67f4d46eca12ee5f31e1c11d64cbe854504fe78b32d53baf0785bbd98","results/paper/raw/c109_21_MPC_MCTS_H1_4151c75f8f9945066801.json.gz","c9c21425a1d436e0b90b8589766e2b4ae44d8d267cccf88c75fd85c19418381e","concurrent"
"e611f0f27545eeb2bfe71e901ba42bc1c9d3e7c8339c3a7b805abf3f62a0da54","results/paper/raw/c108_21_INDEPENDENT_MPC_MCTS_0c9642b1e9ebc1ef7961.json.gz","cce47f18f6fa6a72634c2c91aa89490889554399e5ff37a64c82eef2c734b920","concurrent"
"3d168735ddf2b2fd4557ff48672959fb9ab64df19666bd5e2ffc0b1338c3b328","results/paper/raw/c201_21_GREEDY_373429a429a482c1caea.json.gz","dbed218f3ffbd80f413fc4f573ef6ad843967668a1e64c0ffcc80f33fbdee5d2","concurrent"
"033e9d5fd06a7e48d4573344741fa00da1422671fe1eb24795f85c95875c85d0","results/paper/raw/c201_21_MPC_MCTS_H1_091de4a69ada7b6507bd.json.gz","f369645192dd0d97875984e5b90e4f3ffe6408e64f132ab9fb1c0ff319d4bb53","concurrent"
"b665df2e42791bbd4784207ca7cba344f9f99db843a3ff88edb4b8414119940c","results/paper/raw/c108_21_COORDINATED_MPC_MCTS_246ac90e9924a7f43e77.json.gz","e9ce5893e1d57f4442eadcee5e438d7dba02338968038a291b6a58ea01aa8498","concurrent"
"7810edebc61d748b0a5affaf8c3abaa0e5e96390d281342cc881b21e810b3557","results/paper/raw/c201_21_INDEPENDENT_MPC_MCTS_f7bae1f2d3aced0ee5de.json.gz","092f7f8f4c6c3fcd9d3516137dd7cc87a64dc0625341ce3ac29b762b46d81470","concurrent"
"75ee164726466d19999bc5dd0112bf443c4e5cff773c1fa589ab124a1e09b7b9","results/paper/raw/c202_21_GREEDY_34751b0839d42e8969df.json.gz","2e82752f199dca1fda63a5d22fbca16f1f735a6cfbafc21fe112d4647ca3a67e","concurrent"
"af2fc129b29de25c223bc2f0fca247aca39236e2cfa354100fd08c9b6cd382a0","results/paper/raw/c202_21_MPC_MCTS_H1_5c1bfd2279987c9dd469.json.gz","43d6c14478f451f818966d5e6acce7c23aee9c5d4021e0206287166c3cc6c981","concurrent"
"185a4509a52d59464645501f7c45263770631411a26230ca18fef3bd11855ebd","results/paper/raw/c109_21_INDEPENDENT_MPC_MCTS_4f4352ff60d4c67c606d.json.gz","ede8eefc32dfed2c261e4186285ebf3a55dd918fce941592b5e3e9942cf5d2cb","concurrent"
"a5c52ae7ae6171eda1a5fc691f3f3ba5ff4055b33a8a16dd44e808b0ba6b3f8c","results/paper/raw/c203_21_GREEDY_1d8c19772ee5787efb46.json.gz","c79f9c4389fea63225d711577ee49b58fa9291080ac041b474d312b3d06ec521","concurrent"
"f6012f1b99926ccf56f9502e3ad3497a504259cd75f6fd364161b3ade30d4399","results/paper/raw/c203_21_MPC_MCTS_H1_f761c9f13583c1458373.json.gz","b3200c7f285e2f5f52bcf457a32a0700ded9699abf63b5551ed18d46ab9238c7","concurrent"
"d032fb4d9deee91ae78fca02f3907df10113c1738c8cabc0004d7c62cb0b09d9","results/paper/raw/c202_21_INDEPENDENT_MPC_MCTS_da99d6524eabd4e1a0c4.json.gz","5fb853b07cdc1016d56748259c5c7e2d11b95f6b285e673bac55fe7f52480484","concurrent"
"7dc015640f37bf4b7c9130baff04520406226c3c24fe8c911143b69dc2728726","results/paper/raw/c109_21_COORDINATED_MPC_MCTS_84bcc94c5332de1f109d.json.gz","d2f1c773255bbf38babc66ffecf4e718956585577dc2e1595c639ce4a1521773","concurrent"
"7f305b8a237c71ee5722f46dc2157de8330e77db29df5bbb421e95f198ce6efb","results/paper/raw/c204_21_GREEDY_6dc9ad6e57cd82db2340.json.gz","38398093f05e66bc06cfc0fa7717227b516b6c469d95a98d76162302f1459d20","concurrent"
"2260b5cef338a4ff7c99a17b2351f7a7a405389d8bee0cf3c8e913ce7542b0db","results/paper/raw/c202_21_COORDINATED_MPC_MCTS_2835abb211345075a497.json.gz","a5f6042b2f56681b5323382e756ac19cd6eb83b1e784aa9026ee3ca03830ab50","concurrent"
"6f6ee6cb6ab72d1f40886bf4f45136b4ea9d530c17e26f3852def704900de326","results/paper/raw/c204_21_MPC_MCTS_H1_474a631c06024cee8e55.json.gz","f147e310545e1cb28e5b3143c0ece0645b37f5623fc95435c1a22a79b2e1506e","concurrent"
"e5730cb3539a3f7ed7efc701e6d7bab4b45da7c31d5020cd724eaa01c2ba8920","results/paper/raw/c203_21_INDEPENDENT_MPC_MCTS_cb421467712f878ad347.json.gz","d18bf1e2dfaaa849663a1294a8f3f5c4de5c14cb55ede0ae3cc0b24edaa59075","concurrent"
"ed01ca6007a10fb01642f90d2bf0d00ffbf78809c5f63dbfeb6a539ea01cd943","results/paper/raw/c205_21_GREEDY_0efcf7128c489377cae3.json.gz","b1d2217706ff9ace2e0e0adead24b2fec014f63ff12101d3dfc6143d05de5c78","concurrent"
"952e5563c066e3ea5761e8065081853e70b486a7e064f762980caf9283f243c3","results/paper/raw/c203_21_COORDINATED_MPC_MCTS_723b3ee61937daaa5d32.json.gz","b0218ef45bbd67e975c3aa6c8234d75a5ba99edf34386f992ecd0627a603e5dd","concurrent"
"e78fb0240b8ada18c72833cd374a7e1e8e83f61d63ef37e9ede170f481a169c2","results/paper/raw/c204_21_INDEPENDENT_MPC_MCTS_1578cf6d7dc2630ba5a1.json.gz","366311d5502c57aac28749038195af3afa1e88d8919e9e9f16d4722b75d8deb7","concurrent"
"9bc39393016dd3ef40ccca88d1d3cb550f7025f60c33fec3980ac5c710bab4ce","results/paper/raw/c205_21_MPC_MCTS_H1_9678678cfd72ec37b95a.json.gz","35949fcd367f3a59b608059ed4d70599eebb559f4e32599d91bd4d0bbe6beb17","concurrent"
"1ed90b92690db89ef5e42cbf71b6983c28bd23e7d17cb84fef4a17231721f201","results/paper/raw/c206_21_GREEDY_17aa1e3c25bc97b1a4da.json.gz","5eeb1c737f20c79b786da5cd592d159e9c30f15638073c721c5fcedad41758cf","concurrent"
"0597d14d7b45360258a4d1476f4c71b02fac75110f0d17482110d32410b2a5e9","results/paper/raw/c206_21_MPC_MCTS_H1_20b80bd809229fa33a9c.json.gz","5b78a2794103977f99033372b0fc21c51ec99147849856f6314732db2a9b1621","concurrent"
"d1c369669a2cb1c724116027bab4c79ffcbb10bda2472ef291ef386b2a6133a0","results/paper/raw/c205_21_INDEPENDENT_MPC_MCTS_0aaa3029aee86b031219.json.gz","51f60c2001aa9ec24dfe9be300eff20bda32825ea6194526e1cd4a3490ce3c86","concurrent"
"924b920957392e93e5ecd6e60c94dc9c5b635ff1430f012124e6f514fa4e2334","results/paper/raw/c206_21_INDEPENDENT_MPC_MCTS_04e5f56613cdb0c82489.json.gz","dbe1a7d7c1ab11d118aecc992835a54cb7548143583709dad7ba838f21a8d033","concurrent"
"ded06bf6642cb68f1cb504e19c5ac29a6d3b9babdee8024ae744eed6c2b1a866","results/paper/raw/c207_21_GREEDY_a30238961cd36270a480.json.gz","6ef0be3d0f4a31fc3e81f876c1a6516006f31bbb618ae85fa8c3d6724f8e56fe","concurrent"
"389dedbcf8952fb0af97ef03f7631ec620c86f642ea8e16fd47906518a481c3e","results/paper/raw/c205_21_COORDINATED_MPC_MCTS_d7577e8faee7a624e02b.json.gz","9ca7aaabd6d36873302fb6009192f9d1a853e51e0f568f02e9e73f21b73dd1b0","concurrent"
"af48a81632855c4d4730252110d5896d1158fa9dbb166400a4164273ad16a561","results/paper/raw/c207_21_MPC_MCTS_H1_b31b72ec7cbe6e36d39d.json.gz","62e0f4ef01ff22be7a403a4c0ab5afb6d5c0f2509f45268fffa4a8f4b943a051","concurrent"
"2f098844b7d73973248f03680a85786b864b3eb5222f28fcba59d712f8c83764","results/paper/raw/c204_21_COORDINATED_MPC_MCTS_1c8d2a71d81dadfc0b47.json.gz","5fe95bd1b05f3de8b5ac4b21d264c7bfeb524b3f8225a2c891411e195716c5fc","concurrent"
"27d130600184810bbc6e42b7ee54bca6e7679a67ff7f73daeb94eb0f39566185","results/paper/raw/c207_21_INDEPENDENT_MPC_MCTS_31eb1d782eb953d59a99.json.gz","0ac3b8672ec6803456e9e4f370409e72f5d624ddbeaa6bbdd87c5ae689386908","concurrent"
"d15eea39b6e8ddc65e371228e56b417ba7ec63df63d96cd8888fdd084c3aabc7","results/paper/raw/c206_21_COORDINATED_MPC_MCTS_544a4096505a9400a3e3.json.gz","d3a06189ff503c334fb75deecbf86b02e76e1795f138d953fa04454546793aeb","concurrent"
"a1d558cd33eebd960fdd810fb9ff61c817d87e1c3d4c01e56e42618fc8190dfa","results/paper/raw/c208_21_GREEDY_bcf3d18062930803008c.json.gz","70c00ecab3bcf5def3c40d7ef16499437aeb3517c980a0862891fd581f4d3f82","concurrent"
"5fd990f5f2668052760c2727d40655e2514ce26966475fefb16f8a43f28c4c81","results/paper/raw/c208_21_MPC_MCTS_H1_47da7c9da600ea1f3a1c.json.gz","f327a20b17dba334e17ea4af25fbb727d79f9bb5076bac4e650c59e503eb383d","concurrent"
"7372368211ec669ebfeb8bfcc5ee0283a7e40070f6e03d0a2977515ebb819807","results/paper/raw/c207_21_COORDINATED_MPC_MCTS_18839cba234093e2abad.json.gz","40fa2f0aa2b182dc611a1d88bdc9649ade81e6a994f747dda7db718e8abf5015","concurrent"
"c0e3958fe76908c23a4d53825806a40e2c91a65725c7a1908f74f36140a96c99","results/paper/raw/r101_21_GREEDY_25f28d5dcfee10c820e0.json.gz","e2afe639569a79b183ea301a545e57fc51ec2e6ae6eb18beb27835b4f7ba3e35","concurrent"
"ad2a21668c602e0d89b6a8feda9e5b9a833182f7a774e11d63a33fcbce8667bd","results/paper/raw/c208_21_COORDINATED_MPC_MCTS_f792c6f160becce16168.json.gz","9f594ee82d81aead66b55677478873db4b22b300ff607c161dcc1d04e269583d","concurrent"
"09e400c90bcc28df32777f2e917de75066d1bb804f371c6f1fc46ca39917703e","results/paper/raw/r101_21_MPC_MCTS_H1_c12e64516919d5db25e0.json.gz","461ecb171e99d67ac4f6089c730513f6f28246591467361085468b3be4f4bdc9","concurrent"
"8bb565d208c6db57e3fa6079e69318aed50d0b1ef86e130945f3e4d1958bbbf2","results/paper/raw/r102_21_GREEDY_09cfae8b153907386b92.json.gz","76aff87459180df9f5ac135402281c2f4e0acd3bef84db4420e3eee2acba308a","concurrent"
"fef950a1b336a37ece11fbb7b99eabc0752f1c1c090fb948be9da02fef8ac149","results/paper/raw/c208_21_INDEPENDENT_MPC_MCTS_04e6bd47e6c1c5d5ac58.json.gz","bc4ca7e90b0ac2e91728e52b60465e0bb642e9d485df67ce6fce0979526533df","concurrent"
"00311d489b3a87bdff62710518e85e8c941d9c02f56008190d7256f4d5da98c8","results/paper/raw/r102_21_MPC_MCTS_H1_1e6f610a41590f477754.json.gz","86c05309107a9720405913ef591ec7576136559e6851633c90a7484569fa0356","concurrent"
"e73889bca485a9cf3d8ecc90cab2f3cc05469fb90b00fd9a213714306358724f","results/paper/raw/r101_21_INDEPENDENT_MPC_MCTS_7a4a0653d3cf14dbd8a2.json.gz","bc310eae7720c728c1236addcdeb53ea8b9df6bea76731474c87a2646cf97432","concurrent"
"610d7da33b37d25615d78e1e0cbae5025b8a9ed70619daa02788ff3fde373ca3","results/paper/raw/r103_21_GREEDY_daa85f708d5bd05a4e59.json.gz","a42fd5e36bb4f523c3ff6ccd28ddfd581fcf8f667c153a2bbff031e20300c4dc","concurrent"
"b141e9f8376a5c925c7d37265e2d3327bb2998fc05e36cc9645f02acdb8f7264","results/paper/raw/r103_21_MPC_MCTS_H1_ccaada8ee93ca4a05635.json.gz","8c110e51b005ff65caac5aa9d80c43cafecc08b9019d86eb353665981cfa86da","concurrent"
"60110c5b3a9babe7a7888c265d5194806dbf116fc87e468d2e3373617f2789a0","results/paper/raw/r102_21_INDEPENDENT_MPC_MCTS_a4ea502a1dbdf5e5c5f5.json.gz","44a9458cb0e6d1af4c933362f98fe7215ba156b061a5b9e214f85538cd3f35bd","concurrent"
"f7fd98f19770c835c619635b4ffaa0210ba333fa6adb0f1e3c9bddf391a98d5e","results/paper/raw/r104_21_GREEDY_9a601f0222a7827756f5.json.gz","7525ae727f607473c99c1a66b82dd99dfa823a2615efe9d20ab249accce26ef0","concurrent"
"349b14e2fc68ce28fb78bf2a46034e475560c025dd5b5f1f6aea810dba5cf722","results/paper/raw/r102_21_COORDINATED_MPC_MCTS_a520dd951f118f8570c0.json.gz","75d00a41107c1ea30b9a0d85fd10f9140f79d97452bad9713d699bbb5095091b","concurrent"
"7f72de5b591247f52f655d751959b1eb0921bcc7bcdf217255ae3e9de5795069","results/paper/raw/r104_21_MPC_MCTS_H1_0a1f429b897573da8a28.json.gz","1f25afd3a1b47ce2997be631d1dd36b405d5cdecb41c288b32c0bd9532fad2b5","concurrent"
"3e049f0209db3834d8ea5b36971c558294cece8122053e6b6e8fdb0ac642f1a0","results/paper/raw/r103_21_INDEPENDENT_MPC_MCTS_9b5518c74e2e3b846566.json.gz","bc6519323312ee90ca2979a31e3da9fb5fb6cdf5215102effbc0fe65b28f3882","concurrent"
"11e89e4f8f6a447b5e8f10c0ae0c8db4d1f20b1837732f3ab0f4c91b6aee28ec","results/paper/raw/r105_21_GREEDY_171f84716ceae8b8763e.json.gz","0c8df82d2173a98846fe354266f3f3304eba0ec964578709b7da55d03ee7355e","concurrent"
"73b07545a40394323be8d67b05e70dd338be0507db02b8a59aab4f9fa4d11181","results/paper/raw/r105_21_MPC_MCTS_H1_0e9c5ea62b3d36afe2fa.json.gz","4ff6759a09a1045b1b471ec9ce83d2a990e12411d50c66205d9844ed0c01047d","concurrent"
"2da0035edf802d0088a1b443b7eba10ae6bc08b741894b0397333b9102778a15","results/paper/raw/r103_21_COORDINATED_MPC_MCTS_a9de513890963b0c53a3.json.gz","4a85c6ce22511c69aade6814552596ea6d8ff94dc03e61a9f8dd83beefbcdf60","concurrent"
"21875322ce29c059d6d44b9e6cb19e81e0c8d83d29567c60eae522212b736719","results/paper/raw/r104_21_INDEPENDENT_MPC_MCTS_2e5cb5bff84bc39c96e2.json.gz","fcc3964f14a726a443c5e228941c366d3675b497ecdb0505561371912bc1a264","concurrent"
"d93ec6c2de4e0deb7d9812116ec5e7bc82ac2227f7da40e363ee1a98c40f0704","results/paper/raw/r106_21_GREEDY_042625dd6fba31e02e7e.json.gz","f33603b53ea02c402f6caed05e7d34317f7a4a170fe529a6846dfc4bd2c6dba9","concurrent"
"1f52e0b9a5cf4827dfa79d00dc3c1d3d6f86873ea925ef1de4a55a062ecab99b","results/paper/raw/r106_21_MPC_MCTS_H1_5f8a9b232ea39ed199c7.json.gz","5379c43195f57b302d25daf8eed1797d4cc1ae3d870eb292142977c4c8672bd6","concurrent"
"2300a23bd31fb9eced910e17e179928d0217436913d2fdfe8b21cb1d59aff0fe","results/paper/raw/r105_21_INDEPENDENT_MPC_MCTS_9ea5ddcf07ba89ead68e.json.gz","8de59c0d84aef245a017ed540f7d1402497f57da23188c8eb8587569ce8ee6f6","concurrent"
"c51c3d67043f9ce52fdc0953a3e63aa49c7fa54f97bb2ba2bd81d34fa268b2b8","results/paper/raw/r104_21_COORDINATED_MPC_MCTS_6d4bcfbe7d7e87bb383b.json.gz","5d5439b26db935baa64467d498d53e0892da68e6069ce4011322f73052ab82c8","concurrent"
"eaeab5b47e7b6217cdffb22e981872645ac8d5f81fc4f11affcc482bf00c73e4","results/paper/raw/r107_21_GREEDY_c007db5b7bf6a28af6ca.json.gz","a9eb8424b284bf6fc42f18a094c884bdbc657e782ed3af72fbb3e930fcf58a92","concurrent"
"f2c92c2ad0ae9c9469cf027af71b9505386e43954e9d28bd8c656a80b4ebf889","results/paper/raw/r105_21_COORDINATED_MPC_MCTS_3351bb445e5e44e75436.json.gz","b07cd03c2351f658c1d94648f2e7ca056122bde640a225d777275cd71b21031c","concurrent"
"8802bca3928e712d34536b2fede925d2af565d7db71bd590f247dce53428adb1","results/paper/raw/r107_21_MPC_MCTS_H1_8313f031d8d89dfb2694.json.gz","d0ab55102db6670bff0406abdb4bbee5fdad14553e4f78d61700cf9ccca95896","concurrent"
"499708f57b427589c5c17ed0d0b69f8f4705043dc7cf97dcfd7a51e462684878","results/paper/raw/r106_21_INDEPENDENT_MPC_MCTS_4a110105075b9bfd6e66.json.gz","eebd40ece163da46728f778a713a18c9400e7ce60f89112f37d5fc1170cc6921","concurrent"
"8a6a91d92bca435e057c9442b7bbc26c1d671f6e0c9e9ae9b849fc7846cb48e5","results/paper/raw/r108_21_GREEDY_b189089be817f59fcbbf.json.gz","06f0e56b1f692a009866331e9926d02b61829f83d8db0eb19f47d7ac37709e3c","concurrent"
"b079995f0c5241c17658b9de79c0c13931b3ac3ef8284e19f04396e813d91320","results/paper/raw/r106_21_COORDINATED_MPC_MCTS_193c5c0da9446cb2d874.json.gz","498411efe4bb055464c1acecdfb0b21408100895ee2ad45c2bf492bea2d878a6","concurrent"
"9195f50da3bd0aff369cd5031c5755d60dd86fabc6c60e2cebba7be9beadc3a1","results/paper/raw/r107_21_INDEPENDENT_MPC_MCTS_e67007a17f0af0439e90.json.gz","53152184545cc07d44fcbc7d485bbadf3d31eb0e2e3a03db7e3acdd8d5c736fe","concurrent"
"32e6f1c0bbee946e64b700ea3e206e98a6b7d5b54102abbf8445abd5fc0d4de3","results/paper/raw/r108_21_MPC_MCTS_H1_dd3f7f655dd1be07c7fd.json.gz","783ffde69e6c729d7473767a67dd5c61351fd5e11b932884ecefe0bd445158c8","concurrent"
"ab5545edf23f8608826a1946e3a961f49000a6ecff576875b25e47feaa26b017","results/paper/raw/r109_21_GREEDY_ee7f65457bf398dbd423.json.gz","b1fb05dbd262094e0a8e854703c987e318f7bc93e1458a3c6d144759bb0acbe4","concurrent"
"dbbb58789702900dfe3ec96e45c5e67fa68c0d793f8a29a72dc6cdfeeb07dd03","results/paper/raw/r107_21_COORDINATED_MPC_MCTS_f6f356a62a48aac08d4f.json.gz","5df3ea60ff239cf55bbbb5cef9aa8cfb9355414da42d814edb8da7b17222886d","concurrent"
"93c367da9ea25db8b19e6ac399e719b1ff6cdeb15722c48a5186b6cec33d48f3","results/paper/raw/r109_21_MPC_MCTS_H1_4264f09d8116838bc40d.json.gz","4b1b8a5ef1d77caa98393e19b9df6a58bf98ffc30222b2a3721ffb4236e87348","concurrent"
"8cb98da7fd304844854d510f06227d7333e3f4aeb4f1b1bffe9d401cee57f8f7","results/paper/raw/r108_21_INDEPENDENT_MPC_MCTS_5475ccd867470617360c.json.gz","72322792c164204175afd6612a756f1c4ef752dae4a75b0e6e63945c38ad2f17","concurrent"
"e62be2e83077d62621307e5d581837895a5ce97dc5382a6f542cc8d981afdc86","results/paper/raw/r110_21_GREEDY_b50c22824deb85bf7621.json.gz","084de6315e0bd42f8a6e2434fb62be4e36c4013aebd4d2a5af1e02d8fe036f3e","concurrent"
"e8b15f1e2ea70f3266ec7a6f9fd3519ae9cbf497d281cc25e394c5fb0c00c3e6","results/paper/raw/r110_21_MPC_MCTS_H1_d772a9fbb21867f3fdbc.json.gz","dfa9de0aa821b4fe5e16dffeac5295bb1ddda69a0a7bf74db46ba6bc42b0e694","concurrent"
"b89c1e04921ae016d737474d72293346a6b0b6266d5d2843a47c472253d78e3a","results/paper/raw/r109_21_INDEPENDENT_MPC_MCTS_5066639d00e8b7767deb.json.gz","a751666cc938c6caae944bbaf85e5413ea1c6d54e8f2362c44880636b6a21f6a","concurrent"
"c8363bf0d79261416e78ae6217d539f4fe09e8f5aed9a7550b60eacc3a339050","results/paper/raw/r108_21_COORDINATED_MPC_MCTS_27130ad3f2f7e9741cb4.json.gz","f622fa86cf695d6b4fca86ba4dcaebe4ec4bf88dcfc9672c91938fee5ed668e1","concurrent"
"422b89cae4112ba7190ab3e0ed348f781fb954adc9a9e4cffdbca62e172ea031","results/paper/raw/r111_21_GREEDY_e10a697b6fdd455a2793.json.gz","c708df50ddb9186274bd507c6b85ffacc03e978976a353e204977aa3b57d3b94","concurrent"
"846f02e4e10e1cafb350beca4dea4f7877a1a82db0109dedcc746e9d6ef0a3b6","results/paper/raw/r109_21_COORDINATED_MPC_MCTS_7015c11243f9592a4990.json.gz","197678753ade2f9f8a63e2be3db336b4684bcb7ae46647c964798dfc0908b004","concurrent"
"1a3d135087685eb01de6af72fe71dd24f6b4e705265038c400b0a1ecb38ec7af","results/paper/raw/r111_21_MPC_MCTS_H1_0cb5e5e7a1a818c51488.json.gz","91136e2cb4267cd7f429bf16c31c18a08b1528107b50c1755b1ed2df2a78d3f0","concurrent"
"5aa30274af52ae211af49a283ab1d355bb79d5ae64f3db0319227b103d898679","results/paper/raw/r110_21_INDEPENDENT_MPC_MCTS_bd13031bd05afee25a1d.json.gz","a8fa3fa05de46763456a2a212128508dffb6731ae0db862a6dc4a4d989cb4ac0","concurrent"
"fe320ac23a494379a753158feb02e6903cb9ec7dafea06b43d0cdffe66d3b527","results/paper/raw/r112_21_GREEDY_47feefe601798a205170.json.gz","8a6ea2e14ab988f05f48a03a38b586abd6e105b5396693ed315b1564e40e2734","concurrent"
"d38c4f7ab0471218f2bff1e8e16c11ed01fe07562dd72fd62ec7a48a40899d4e","results/paper/raw/r110_21_COORDINATED_MPC_MCTS_207e5e192ffb0660bb5b.json.gz","702163288c31755cc439bbfbcc670d919fd9822fb0c5d6dde813fd5cae964664","concurrent"
"47d32061921f04704f23eccc3b3c72c6d3a1d2006b4bf9c3d0445edf473be0ee","results/paper/raw/r111_21_INDEPENDENT_MPC_MCTS_34b7c5e7c6e9396b1578.json.gz","63dcc0a1bb5682f6f51d6daf7d1d314d3eefdcb53c61fc0928e9c95c705853a7","concurrent"
"7f8a4cb30fd6dceaa46e1d44d270c678da47ae52728c62f75c6a9ec30c5326fd","results/paper/raw/r112_21_MPC_MCTS_H1_04ad69b4499b45d65dfa.json.gz","6102cc1df9655b60c6f2ccf29a3a3edf3eb9bb8f69f7929afebb19173f8ca893","concurrent"
"20ae12a25854712f83b4c5af4dad22b914c90d2fcad5697b85da0256538bc128","results/paper/raw/r201_21_GREEDY_82972c0399da98a71b52.json.gz","06edbad9439dcaba832f76d68d73db263710f576d0661b7c29e9d905b4d44ffb","concurrent"
"5347594c81ab695c514d8ed24a1213ad59215c4c567edadbc99f445619f78f8c","results/paper/raw/r201_21_MPC_MCTS_H1_39884ae5444d9cda12b7.json.gz","3f954ff47e8dadcba92256184f98b8ec9d8ae27e627431ff39516bd36eb1ab65","concurrent"
"9f7227e63b4494028d9406d68643cb0575ada51fb39d73633a1dffd0ec174eea","results/paper/raw/r111_21_COORDINATED_MPC_MCTS_0116145ea797c6971048.json.gz","f57b23f5dabdb4c81225d1ecaf2aec8c6abbd885a82ef4150159c3e5fa0259ae","concurrent"
"f311a5ae48d56111919d53273515910c2a529197c6362c6bff0e158eef5eba08","results/paper/raw/r202_21_GREEDY_0b65bc38a65d7aff3bcd.json.gz","5d848cffb455c9b3e2a7d18d571720484a7f33cb3480f2e3d4afcd1f7d5310e1","concurrent"
"cdd595d995c19f7b57c14ae44cf74378affff4c6ecaebb4eb67e82fe5831431d","results/paper/raw/r202_21_MPC_MCTS_H1_0690c5c8c0f15835b8c6.json.gz","d2600283fe048e99e084d70657ae99e06430e288f029f1d6dfcbf87a72812fd5","concurrent"
"850aa41a2e85f9235a1ec1c218e676e296b18148909576e96153145772651e45","results/paper/raw/r112_21_INDEPENDENT_MPC_MCTS_71d146c4f271b323c717.json.gz","69358a70e3b4ff19d2928e9a28ce2fc3260ab67aa56201fc983067607ab93077","concurrent"
"4e802a931934337c94835e834bea1a2258679abedda5ab6e687eff48f5285159","results/paper/raw/r201_21_INDEPENDENT_MPC_MCTS_04299062bb75f08a96e7.json.gz","55cc06eecc6876c82ed18c85a304591d68b481d3abd45339efa0a761fca806d1","concurrent"
"1a4635d6a800d846793b697815589c817f6cde88450d34c6f6bfba0c26bbdd9e","results/paper/raw/r112_21_COORDINATED_MPC_MCTS_922b2f065a1d033a1c10.json.gz","6c16ecfd77867c844e1a79f5904581a39c9cfe0026f1a7d7e17a9b9bf1c6be89","concurrent"
"ff03bfce5135df2e45d55ae07d67013f6287b7c075289f0bb6df94a251fca85e","results/paper/raw/r203_21_GREEDY_d2408206bf78ed88064b.json.gz","4f9b304ee27eda5380974a3124eec401f7ec6d70e435bceecfdd85541102b8dc","concurrent"
"90dbf814c71ace5e9480cedd08705f74c77f25ab69e9cb87903af8d15b0fa899","results/paper/raw/r202_21_INDEPENDENT_MPC_MCTS_7562cd1130f2c070e36a.json.gz","1931b18e9d9a6da35fc9e814bbf49532da881dbd243eeb98fb4b2710f04c1b79","concurrent"
"72ecc5ac3bcb028c72b5c617530c3ce83ca4f8436152ee04f559f1fc6447787f","results/paper/raw/r203_21_MPC_MCTS_H1_31e15656e67c3294245e.json.gz","aab3d9588627dfee78f96592bec45c228e8351f39aaaafd57c36805d938ebccf","concurrent"
"299b9e9eec8e8fb0c1533e6b465dd642a1ecfbd6daa8bf074c8f81a840bdfe3b","results/paper/raw/r204_21_GREEDY_451e386fe53047aea849.json.gz","dc0477f8f7642f76b589f238536286610bb2a60ccc6c424c927ebf1798bda1d3","concurrent"
"f2b3dbdbe0b46436cb1db3c31baa4e5c6802d2679c8e6afd137dd142e268a43e","results/paper/raw/r202_21_COORDINATED_MPC_MCTS_27b0fa83667d4d8272fb.json.gz","303b2e8114b8243a70850a1be92a40b62cd23544b290bd1024d68caa68290d07","concurrent"
"86331c98947fbcbb016bb184f1b49f39efd1e100835745e4434d35e9f2c9090f","results/paper/raw/r204_21_MPC_MCTS_H1_989ac364e219645f23a7.json.gz","12b55cad1e4ff925e644fd43336a438600da27dcc507d87394106ae75e5b91cd","concurrent"
"c34da1783adddaa3902a7f29f0c1cd66cb2dd6ed0620244079aa852ba2ac8527","results/paper/raw/r203_21_INDEPENDENT_MPC_MCTS_ccc689b4f86015059b7a.json.gz","ef49a16e2b01437ac2c539a0065107a1a1e5785739427bf07019a3f0c2b3c509","concurrent"
"c34cc35db8a4f9999288c558208a847e91a23a7b1c3aa9d6e9e0de71c5dcf96e","results/paper/raw/r205_21_GREEDY_8c24d6c671d959164ead.json.gz","f9ac86731d2665a79a621e00ce463ed708008dd79cbf0c7c8bb70f5ab8a219f0","concurrent"
"61b309576ab204f076238ce1e77f4ec751f87d3f9eff7ff267e7a238da320c89","results/paper/raw/r204_21_INDEPENDENT_MPC_MCTS_9f56c90934c371e8e514.json.gz","2c945ddcbf5a0b4f387f93d3811c3b248484199cdcf5b5fede0f7447cf74e901","concurrent"
"ea5250a17c5a64b912e1e75490d311384978aad9129f49fe55e7bab77fd64359","results/paper/raw/r205_21_MPC_MCTS_H1_24d6d561a63397fa62d6.json.gz","2c049dacdbb1916d75c95d1fd6d30f528a5a60e7eaa28a0456c7302d21d223a8","concurrent"
"10a904cfd51a36ef50205c83b43001c63ab48a3484931ddb5b1a03163d543323","results/paper/raw/r203_21_COORDINATED_MPC_MCTS_e1c16bf97fcccc2c8056.json.gz","77051c00f6f5038f4642bfffc91a3ce206c14d0f5942e2e30a3be75f2b3d12ed","concurrent"
"c328e578fbfc1c4ddcd8118420c619abfe6cdf76480b6c32c9e81a632b7605f4","results/paper/raw/r206_21_GREEDY_f772178d8606295c4f7e.json.gz","7fc39e443babd75aa758f060e6ea85443adda49d925f5265912ef84ef608a1e1","concurrent"
"c5e5543dc1dca8febdff697c5d17139d2e031283997162201017eeaeac19d0f3","results/paper/raw/r206_21_MPC_MCTS_H1_bc6c58cb50b9f8ce6d78.json.gz","49b18c2fbb7f3ffbbf35e09c66956255726345626fa1789417e831d830805b44","concurrent"
"c62542e176324ca38f331950a62d0baa0286ccb09f461713fd558e90538a4b6c","results/paper/raw/r205_21_INDEPENDENT_MPC_MCTS_8d0592cc49de1af64fa0.json.gz","687324aeabd1b5f08c1b4c6da7661fcdb74da209be7e46fa5e2a404db5dd265a","concurrent"
"11d53e2a355217775663df7cdfe71705d35e01be428ceeba2f2b1119027b9a69","results/paper/raw/r204_21_COORDINATED_MPC_MCTS_f8f92ddd3b4afa6e96f7.json.gz","250fd0cc331b9e77a3b98056390e107b919945ae96970552837d5250a6f761b6","concurrent"
"f13ec1755bd3eeaaccf93a0e190b75f44695a663d1ece1a51fc607a58ff6de14","results/paper/raw/r207_21_GREEDY_0a06d3b997b809990187.json.gz","c7d7de5ecc66132214420a543697089aa7a422b2c14f95319051730e0179db3c","concurrent"
"b45acf463b6459119d528dcd32ce19e7a6b40ca368297fd8f99dca6c2f675a4d","results/paper/raw/r205_21_COORDINATED_MPC_MCTS_ebe7f4d7aa4079e0ff36.json.gz","5d1b2d1dba7bf41ad6ec9843e3114cc8fa4761892961f3badfdf5bfc35d6d49b","concurrent"
"acbb4bcb5daab1cb79539ca907342d5e46233dbf2ba33a89d769954ac381aca8","results/paper/raw/r207_21_MPC_MCTS_H1_e5d37d2ef16c84d165ba.json.gz","83d2abd9163cc3825cf877f53ae02a90a75c86c1115f9fe59f754bb225f48a7a","concurrent"
"0eef6b99e85d144ee56e7247e8fd2f5c6ea97936af651248322ed1b543a10b97","results/paper/raw/r206_21_INDEPENDENT_MPC_MCTS_d62b137d7212009e40d7.json.gz","60334dd28c72fcab9de9c400df060c893ff0651b5551040e445c11d5115e00e3","concurrent"
"3bd81fec2e1fedabed26c87fcbaad3384c720f0d31fbaf796239e195c0cec0bb","results/paper/raw/r208_21_GREEDY_df391e25e939db8ed25d.json.gz","82aeafbc3b23bfccac8fbbdf7045c072fc9b4c60f57f5f7fa55a7cadfd4e4617","concurrent"
"fd9e084b8dd4f20651b19effa7036a8f1b6273d8448597dedfb98629a9c03669","results/paper/raw/r206_21_COORDINATED_MPC_MCTS_765b94532b8df2dda895.json.gz","43d320f54e6fd12a26adc9183690d2cdac2228703003942f0f8ed052c50ec577","concurrent"
"73044c487e22f4ea8c8467cab2eea447735647b5e6259d80e4b14a0da1515c93","results/paper/raw/r208_21_MPC_MCTS_H1_9a1b5d33cf07dc4b1c27.json.gz","c106bd7272f10d465782f22b4951d09b553f73fccd505dce4ccb6d555857fa86","concurrent"
"b023e682f20148a1db277a947833463e815846af263cfad7bd91b845d33647af","results/paper/raw/r207_21_INDEPENDENT_MPC_MCTS_91a26eeca97cb240b772.json.gz","34e80deed9e42f4fd8c9aefbadf9494446deeef371fcd78351391bd290a5b434","concurrent"
"bdf4db5b5d5ee230799bb9fe777e0832608a7cf025e4884de0c692ac47a2bf97","results/paper/raw/r209_21_GREEDY_eac63f0c763d45ee02e8.json.gz","7df0f5c4c88dfcb48756813bafe814284ef0b5abfb1b7f1562d3c278980dfe51","concurrent"
"897f930c358ec41e1a6fedb979e879c610f2df064fd8d9e88c193fb9b753e52f","results/paper/raw/r209_21_MPC_MCTS_H1_dfb0ab3c2c34befff143.json.gz","7ee68175ca6166613a949ad16ec5f2100a825e8cb856860cf208de2b4d323907","concurrent"
"42d9aac349e5544cff1ec4e8cc11ce9c551047cd888f87ec57b1774c66d41aa6","results/paper/raw/r207_21_COORDINATED_MPC_MCTS_6a3b8a6794d9e1b3f55a.json.gz","c7ac8a6e2fae37f76dec6bcdb80728e885c8566067aa352d8b281bb8dea7a277","concurrent"
"74b6d09f49045c62b91c44e6d3cfa7bf5e1659991667208a1c9d599c6862e4f4","results/paper/raw/r209_21_INDEPENDENT_MPC_MCTS_fe6f624eadfa1d9f9bb8.json.gz","0fad6aced34004fe5bb6758e8dc45d59a5a7db3644e2ac38998871c31e9996e5","concurrent"
"87bfa4e9286e14ddbca2a63e81f65e34e025d42503fd8dfe40dafa09e35532c9","results/paper/raw/r209_21_COORDINATED_MPC_MCTS_088dd1cf789a014e0d63.json.gz","627d48cc48e95ccc0e0899f835f3969680e4d1bc7325f8ec72fa4a2e8825ac59","concurrent"
"ef02b0ccae78102cfe7c80f49da24e278aa65269a6888ec73c77bc06bff716c8","results/paper/raw/r210_21_GREEDY_9e7fd21470b0d07e7b64.json.gz","0815ad3c2233353bc59faf37aa04b250ee1cd42fd16a5fc4528702c8a4281c02","concurrent"
"d65f5724780962f0cba713c0c8901fc2875fbe1929c2935ab544783ab2a0e423","results/paper/raw/r208_21_INDEPENDENT_MPC_MCTS_a9369b199c3c4f4b50e2.json.gz","801d5252b8db4c8e4de0e18c729bf412793e49ddca4e5d2c3eef22365903b043","concurrent"
"47bf1a258480f0a5cb0f649c443d6587f4dc592141f5cd1bfb63f39620737c49","results/paper/raw/r210_21_MPC_MCTS_H1_da9056fffae7e65eda8f.json.gz","e3ee78ecec554619f31a95a7181dccf593ca42f2d359202f08ae5e1e75b34387","concurrent"
"aabd31e85581e90760fa51a7c55a9a6dbe015cd30aa7095a7026233aec5ab049","results/paper/raw/r211_21_GREEDY_8bb3cd4f11562a9c1f39.json.gz","7dc4cc3d0fdc008389e87db0adf239263878a0958e597c3d09678788414eb425","concurrent"
"07490ce749296b3c1f0fc694af2447cf0b0e30979e57889a0fd8d1ae1be53755","results/paper/raw/r211_21_MPC_MCTS_H1_86f17b74f63fe0eb5c61.json.gz","a4acafefce75ef94acbb034f695211d8a42c5a5241ac83fc1059d23ffdb81227","concurrent"
"00c6185f8db7c228f92669c41c10f8ea87d20d2d121c8f31be9f28a87e121cfc","results/paper/raw/r208_21_COORDINATED_MPC_MCTS_d86e871ce36dbff08701.json.gz","fb37e2ca1ce9751214d2703d542e214461c196364c8c55356f21793ea8d3385f","concurrent"
"4978b3a4c0a3abd347cb394b572da4f0d85478e09ad89ccb08b66bee88a2176b","results/paper/raw/r210_21_INDEPENDENT_MPC_MCTS_d63ba788a0c6aa5e376c.json.gz","01736bf12a33c68f5d99f6cac1a0615e5f08477ff2be91a003253ee6cbee0268","concurrent"
"91d240a9f9805e7dfe846df5f5403114c1fb0a42b885f89872969ccdfc4f59b7","results/paper/raw/r210_21_COORDINATED_MPC_MCTS_7ff20a616fd971c1f733.json.gz","1c944be04e043ebfa4f988e3a3beb723c7a3adfc31f6b7248d4dc55f6ce08a56","concurrent"
"73213573cc60e40160f343c1745dcbe0b0d60528fbbe8a4b641e32b9a319efc2","results/paper/raw/r211_21_INDEPENDENT_MPC_MCTS_2e77690ed4310243d73d.json.gz","917b650fb54fea8a36d30a17f912c99a92f1e9589060f0b3d52c1c119518c2b7","concurrent"
"cb224d33acac92dde24627ab1be13c74ad086c667085a6008f3a260c5f884ae6","results/paper/raw/rc101_21_GREEDY_ed6663df4de51079a9a8.json.gz","62796ed57b085799377ee48a4bae6fe89e9bd1a82739013877f9d8029e8179b9","concurrent"
"b26413a155d2110da74aa72784576086335929d824ec7d6ecae5b48865d70b20","results/paper/raw/rc102_21_GREEDY_8b44b8141eed8e65f19c.json.gz","70eaf11a766c16d86bb98a1a88ef885a94f45527e16d02f48cf28da0a247be77","concurrent"
"6fbb1729869129f00ebc22e33d91d78cf9a8a936507c2a014550c96bc81724e4","results/paper/raw/rc101_21_MPC_MCTS_H1_7ddc0aa260c210738c46.json.gz","f4f44e9a121bc1b7cb3366be2da23202e1b8ba9606759720b72e7ebe6f9b5d78","concurrent"
"b42b0b0c26937649d34659dd0f30e8257c544f9a8c9545efbd1b77276ab24572","results/paper/raw/r211_21_COORDINATED_MPC_MCTS_75e60b40abbc3d3a2799.json.gz","ff0faa2ef1496398360990d600cf814c34437291731153c4c9447e6b3a72baca","concurrent"
"d0c8dc659f87c61b980cef4c0598fed766a6e4952c23817efc92d592bbf39a26","results/paper/raw/rc102_21_MPC_MCTS_H1_d815cd8aa2ba0bffcc19.json.gz","6f0a1a3f0c5959e1ef35968a7d8b75b168d314164d43ff2f6f5a5113cac23926","concurrent"
"15dad212a3271ff7f01f77c0d535183a86bc1f5a20cdaf2e0f3c56470f4977f3","results/paper/raw/rc103_21_GREEDY_4abf46e457e596e4aaba.json.gz","d3e4747e5e62358e5c4014a0b5b91867fa19d43ca5e8d93f4c5085d705473d07","concurrent"
"0529613e49570248fe65a1a4618ec164cf11b918397c2a76042b2babb69787f3","results/paper/raw/rc101_21_INDEPENDENT_MPC_MCTS_a5da29a9384b5acad3b8.json.gz","25ee7ffc57ace8f9b976f78f8fdab3d9068fc9d0611ef420ca7d49d2747a5dc5","concurrent"
"09a33ddfcd961c798d584abe3a4dfd8ccf11961a30c6aba052909db4fd0ed849","results/paper/raw/rc103_21_MPC_MCTS_H1_8ecfa7e80f96cac996e8.json.gz","da60141743e80d370b2351d34fef7263ee92c11205ac8da84525849aa062b01c","concurrent"
"a46ecc6956e66962437cf8d592f36ffa029001c6c10afa947ceac240e412eb4c","results/paper/raw/rc102_21_INDEPENDENT_MPC_MCTS_f656a3290604a4aab6d4.json.gz","ea60fdf643b561925113784fe40540faf70ef045aaec38fdc58c3bb6abed69c0","concurrent"
"420077bb145dc59a55c5a6ccf777220154de1d25f1b7651b346aea18ececaf43","results/paper/raw/rc104_21_GREEDY_c02ace7ff72fb247b2cf.json.gz","58c9392d7856d949a085850f27fda0352ef3ce069f000fbe9ce8cd7ea9d6b664","concurrent"
"151a7f72700739448069a7655254de943fb9ec3a0c36be9defb6496517d17af8","results/paper/raw/rc102_21_COORDINATED_MPC_MCTS_63a654687e1bfb55e334.json.gz","cfc56089b11678eb069de0c67081943b04aef7da190cff2dae8d855bba368d8c","concurrent"
"02ff3764f0dfae43c94feeb2e69bab8015865dc1d5bfc85da1b60dc86c6e2943","results/paper/raw/rc103_21_INDEPENDENT_MPC_MCTS_9b89402b9e69aaa367c3.json.gz","f839aefe04406c5b3e9de7c5367857a6ce452d43920989f3adca077bfe8814f1","concurrent"
"f286f5fbe84e58d2d5bb5bb6ee90b7f4071845512db0b6056e264bb32a490db6","results/paper/raw/rc104_21_MPC_MCTS_H1_3d45c70e6e0fb9cbbc38.json.gz","6f3b98a95879752d68e8001161e2f2dd859529421ca41f97b362ac39d2a81cca","concurrent"
"89c37d838df6a304e37a2ffe0548c4dc937e93eafe62a1bf730706e7cc1d65dc","results/paper/raw/rc105_21_GREEDY_7062b98ef53b693ed1e9.json.gz","6a27782a60fc1f396eda50264b61282ec2e607619977316843712cf39e3f45f4","concurrent"
"aa78408a32bd479b9faee90036a4743433e33e2c7d1ccfd7e3fbbc87fea41ffc","results/paper/raw/rc103_21_COORDINATED_MPC_MCTS_0415688cb6ff09ff1162.json.gz","9979fb7b46b861ca1402159575f0ad39f117a6ff783712d771e950cb61bec218","concurrent"
"c5f5114485270d9a299458c7f68673019d9dce8c538d79b3620929ed10b846ba","results/paper/raw/rc105_21_MPC_MCTS_H1_e0277e7a02b684618429.json.gz","2a8abd82a4ae03e0be6f989ad8a86b145e774f62617d9478b117d0772f75b027","concurrent"
"996ea36257eb83113f01062eb034af57ed4fd631a1e8332ca593fdfcb3010577","results/paper/raw/rc104_21_INDEPENDENT_MPC_MCTS_d417b798ada4533c1bbf.json.gz","ea62019929b4bb7a7dfa099dfe2369c749c66870f034422e833b5f98190330ad","concurrent"
"9330ce74c3702c33eb1d8aea9fb1f30bd77cb4a64e0cdc47d7f4074f729f18b8","results/paper/raw/rc106_21_GREEDY_6544fe460b424762d33d.json.gz","8ab2f0ba8f24015d0cc05cf8caed2d68f0770e19116fa604593222331ac3b298","concurrent"
"2feca8155ec4ba5e8479a511134f64eba1e6937bac8725f8f87c268f6ccc443c","results/paper/raw/rc105_21_INDEPENDENT_MPC_MCTS_a498e5d959971f6d3c50.json.gz","880bb522481d2884a365e204d3035dbbeaa94cdb055d6e40036c09ec4ba21ca4","concurrent"
"f51f0eea8a5df931ea5b4e257f4d302862699a0cee2799674523cfc4704e1429","results/paper/raw/rc104_21_COORDINATED_MPC_MCTS_2a59b4a84077f3d3a474.json.gz","5522e5f3138670e2139dac7718b7f4f7c5e4a5329f5a8fd2901047a3c0a601d0","concurrent"
"bad5a3cf6b3f8ab5cc69bfaf01631df8713290b1590aae9da3fe4e01d551c5a6","results/paper/raw/rc106_21_MPC_MCTS_H1_c49757f263ba532d671d.json.gz","6ee8f5b8e7ce266aaeef797f1f02d568da8fd23e793b2b961304e915abd40d7e","concurrent"
"cf3de5f92e5e860e5d4ecedb56081ebb671e8d303bf22244bc7d7b37aa95ef7d","results/paper/raw/rc107_21_GREEDY_dd888429b48a7e77b947.json.gz","a5985f3d5f6d9989db43f97264d0baf232a175796c0bed75831bd56d6e8c3452","concurrent"
"5584618f97af6a1c7206482a9f250caeb2d26390899202c4ded71804d27f6960","results/paper/raw/rc105_21_COORDINATED_MPC_MCTS_3ef3871ad4f193f5610c.json.gz","981403491595700992a36ba406f3aa3c6ab3aaab7ca44a4f69ce677441744dc6","concurrent"
"4129d9877fb5be4fa25f86bbcb1a544982175085e8c38e7eb88c9c98719a1c13","results/paper/raw/rc107_21_MPC_MCTS_H1_864be5e6d24898ab3738.json.gz","55b2225ca722bc50c0615b1e4c341efb5f07db9122b485c26224d6ff40ae26da","concurrent"
"08c315fc2bb318ef4ea2e0874743695a6bcfcd7c9ce28b05286db618317a78c6","results/paper/raw/rc106_21_INDEPENDENT_MPC_MCTS_3bbefaf23741efe6466a.json.gz","c4e3c4da0da81d3917ea19990b9bf2c5a5206322829298ef15306abe0923a715","concurrent"
"2b2336ef27ec78efd71e4ef858e3f34b6ad93afcb5c37f7355afaa10662ffc48","results/paper/raw/rc108_21_GREEDY_55d52771e8068021fda4.json.gz","96d711189b03a0ad5bfb824aed2b8da96927663175240f3cce032c76ba3dd06e","concurrent"
"96267b207fe119e423db1806b0cb042f20a44449f95eaa37e0881fff8c049d98","results/paper/raw/rc106_21_COORDINATED_MPC_MCTS_df874b5d964548cbbc1e.json.gz","b62c8eeb7c52a4b8513bd42bdd370c3356c361379c537a0c3f1cbadaf70d3da7","concurrent"
"f12e67cc95bea1f18af21ea9a667299b1695f9a817dbbda23c4bcfb5ba38558b","results/paper/raw/rc107_21_INDEPENDENT_MPC_MCTS_1ca28b25f9fd3aa2de44.json.gz","1f1286ddf65e564282a853dc8a226a545892167d49a9547ff6538a172292469d","concurrent"
"5fea4d98484480ddc84be9a4a2ec353497cbdd512be0f580e49c63747d09e7ab","results/paper/raw/rc108_21_MPC_MCTS_H1_3b547bbf3500d395d6d1.json.gz","6141bbbf9731e194f28ff40b1ee85c02de19ee8640aede9bace1a0c668486447","concurrent"
"2cd1b2b45f64b86ca704f889f571691db71d9605b7de3626a9658cb01dd0f4a3","results/paper/raw/rc201_21_GREEDY_07fb276d93c59be62585.json.gz","3cb616fc6bdcd952308a321191360353ba08dac10f55e02b96380e0ac5fc6f4e","concurrent"
"6ebd09445d84da58acaee6d7968f4134998a229e2457dbb5787ea1801b71f96c","results/paper/raw/rc201_21_MPC_MCTS_H1_b7f335e21b3f128933fc.json.gz","5bc0a63decfb6941c106075441e52271bbc17ba01b292d53be605b48e8fcc9f2","concurrent"
"9973f79809c6114dbe37486bb45dabe2cc6666da3666b7949d4ace6c31e5881e","results/paper/raw/rc201_21_INDEPENDENT_MPC_MCTS_46077a29496e5263feaa.json.gz","96c576799bdaf79a267b272af7b5a70aa1f5d58bf7c238ecc3cff20d92c5dbe5","concurrent"
"d8ea1b24b63887cf70214f7ee593d566e09c7934012210bd21dcffbe76f1b398","results/paper/raw/rc107_21_COORDINATED_MPC_MCTS_1191148a9ac82f04f3cb.json.gz","5bb983bf972d8778b354ea44c6b914104987353908ee04060f776ef06b9977de","concurrent"
"82b600830ad6fadce33de2d3fc366dca2e76674ee4029e4dc6e2e8ff277327e4","results/paper/raw/rc202_21_GREEDY_cd901c1998fa256549b7.json.gz","2454fc8f5ca04040a497f394b2681d98f477833161985019fb0dfd32c2ccb80e","concurrent"
"b56abb8acdbdcecb6c6badb2d5b42cdfbf39661764328dc0be12e20578e5fa4e","results/paper/raw/rc202_21_MPC_MCTS_H1_2ddb540db29b0d0db4d9.json.gz","3cacbadb7e7e1f03fe37d569fb414a3730e3879fee880e9b78996080056cefd2","concurrent"
"65723e23c26d45674aa2638aa0ac6db425aa98c700cc8825c1062c3e8dc5dc51","results/paper/raw/rc108_21_INDEPENDENT_MPC_MCTS_3b1c70cc84f819b0a81f.json.gz","6eeddf6398b32dfd486be03f851bf46eda7b6d12ecff1665b03f0d39ecd9bebb","concurrent"
"13065295bc1504a02c9d975223c20c71ef21fd6512ac9a6831e434157fb4ff83","results/paper/raw/rc203_21_GREEDY_ec72a93d4686d080273f.json.gz","7a39868bf22a72274cf8f1deb014c816dacb179df040d63d04d410ed5ed79552","concurrent"
"12ba466f990ad1043e7ff00057266f5f2abb95c49357d2fcc1ea869270f6624f","results/paper/raw/rc203_21_MPC_MCTS_H1_2d4171bf0e43b9668a8c.json.gz","18b414b3dddc18703dcaedb37350e1de51dfa2bf89d2f6b1552832b44674b942","concurrent"
"9a8ac3c6e4ea7c6707326f6e744b4e5c762b105cbb20b61adfdc627fefaf2d29","results/paper/raw/rc108_21_COORDINATED_MPC_MCTS_8f59090ef25441367c14.json.gz","66cf2c96ecb183f3dd7cc25c38077e1f99f3a2c84bfa9619e6dcc9f16e82a3ee","concurrent"
"0cd348c10a1029e6863389f6bc2940a5821eb481ae6dff364457f79c24090865","results/paper/raw/rc202_21_INDEPENDENT_MPC_MCTS_b45ccef124fce8d95c0a.json.gz","f332077bd198baec8a115c5c295234fba7c15fad564fd29127ab2dbde15edc90","concurrent"
"e3e6e15c5dcdad9706c567086c09de24482d248e11056e72bf39f283e14b6ea7","results/paper/raw/rc204_21_GREEDY_5a5a12ee442065bda1db.json.gz","31b61049e8d5303988e1e6e97b6256364a486e311cb741b3f511d9d5cb48887d","concurrent"
"53b43d2f3786747523648c1642ddc729458efbdda8a7b959afd47e30cb1d1f3e","results/paper/raw/rc202_21_COORDINATED_MPC_MCTS_263cee1adb859a3b2449.json.gz","622718df9715e08e3070b4add4ae50261148a6802097fb73d58b1379fc3231f3","concurrent"
"79cc4c17f90f3816d0ee9b13030b140307a59fdb931d879678a4d65dd60400e0","results/paper/raw/rc204_21_MPC_MCTS_H1_65929d821eac431002b4.json.gz","2270ee72dbd9815319efc1f0e5ffa58635f38d7f51d04777b8e54b0ded8ecb86","concurrent"
"4858de78c79354ec50899a5d382fcb2444d0b5ffb8bd8bab1fd6c3b1c1c246be","results/paper/raw/rc203_21_INDEPENDENT_MPC_MCTS_24b7ec96c3497399d6ec.json.gz","f44b8d473bbf4f787cfffcd674b04524af99becb68eb5b13948e2cddec3a6205","concurrent"
"5999786df27b094ca09e08538e9ea5196e33e9951e0e1c27b6725c3fa94e0f6a","results/paper/raw/rc205_21_GREEDY_6f10bbacdfce985e6b76.json.gz","478f6e49cae3c88b266ba2a52f457b2dffb69f0412caa1f899578d8ad131fdbe","concurrent"
"275144ef32d9cbd79cf89acf9f1967c686b9ccca32ef391c1ddd6065dc040b94","results/paper/raw/rc203_21_COORDINATED_MPC_MCTS_caab2880e5e26bc469db.json.gz","792dc62862dbd29261ab7ef93a00ea2314e878d15f132780c62227f915c61863","concurrent"
"95b069a600aa9d81de740269e3b543e1b22ec32bf56b2f188e3b2a9d2d2a5a07","results/paper/raw/rc205_21_MPC_MCTS_H1_964443b9cd57d9668ad5.json.gz","c552c8c9d5f94777ad091b37edaf0e38cb8c07f287b348f966b315b04725e5f9","concurrent"
"0d9b254bced5929f9fbdd3e99f04b733c41ebb087fda8885a1ec0b8b8167cbc0","results/paper/raw/rc205_21_INDEPENDENT_MPC_MCTS_689c7e44e9a0a5cac9d4.json.gz","312a4ee5799f556e77be5a449d9eb9ae22ae18c9c6d7a355c3fcbed382b1ef50","concurrent"
"efb442ebeb7426a30aa9603f39e1680eebc19ef9ee8dd7e79f295736fa809c33","results/paper/raw/rc206_21_GREEDY_da8c9e879918696cd389.json.gz","ccca544ddca09daacd3528192fc633b9686dffdaa7b26ee2c6264e7888ec10b9","concurrent"
"d75976b163ab10966fe26d7bf9245763ed581b0ff7696def504fdea462ba8204","results/paper/raw/rc206_21_MPC_MCTS_H1_251fcb3e17509964d7f6.json.gz","cdf9c50b6670fc538a2ab29ce8a896a486ca922c30ff6b32f17eb30d5940eadc","concurrent"
"432c75dc891e4b3a0380b626157d833cf06ee428a82e432e3adbcf386b3399b5","results/paper/raw/rc204_21_INDEPENDENT_MPC_MCTS_512ca72eb845ac4b8ec2.json.gz","31810afadd6f594ad48b2f3e4aa74f6c7a262266c9e6726cd2fd43636f1b51ed","concurrent"
"63c346648705dc01021f79e7af4e67b253143e80a9f70e707e2b1a34433fb2fe","results/paper/raw/rc205_21_COORDINATED_MPC_MCTS_001cb1884a5c3b851d0b.json.gz","179e231a67eebfb38e4ecf504ebf71e11dc8d12cc5064ef9e09bf6b9babb74f2","concurrent"
"c588d8a905b8b8883d6eb9e80c321e22bf6e80e61698f5246e03860e88b34a27","results/paper/raw/rc207_21_GREEDY_8f69dd0b60396e46b7d1.json.gz","2a306e41ddfe7f1c9bc29ad6f3db01ea18311e27f0666d5be08534c69772ef02","concurrent"
"61dbcae6e0559194edc1d2deb4f8e232b5b9932c799897f0f3c1c2e3960ccf91","results/paper/raw/rc207_21_MPC_MCTS_H1_492d91ad547724fe855e.json.gz","13001e29c01f7c1e0b9c0c1fe8abcc439702ebf42785132c7bf1900047bf810c","concurrent"
"f5c7b404200d754ca6eacd99c562f9dd8f973ed506ec187d43490adb53e04d6e","results/paper/raw/rc206_21_COORDINATED_MPC_MCTS_035a74bbe4347e60fb50.json.gz","c76f5486ec4a1dd095d5cae7a221053b533bb8e9d1b8af57e0d13a331607bfee","concurrent"
"8395bdfa5a4a56bb67bf5c37d2c6e0805554fb803d67457b9fcec219fcb7fe47","results/paper/raw/rc206_21_INDEPENDENT_MPC_MCTS_252bd2e5e680c76d46fe.json.gz","7e6f99fea3883f1e5488ae8b416679976698e62c5d692f1c440b78fe86a66e5f","concurrent"
"82c9ba4f7385d82a5dc0780810520b5cf2440f4e9128a5078bdda10f3596f964","results/paper/raw/rc204_21_COORDINATED_MPC_MCTS_6bceae3625906785de4f.json.gz","1a61804fe1166cb925483e78b2d287304c6e99c479d64df036f9de0533bd352f","concurrent"
"195e08fe882e089c59749c55c5a42e7337498fd5889b3765d86675058d09ab1d","results/paper/raw/rc208_21_GREEDY_5f1df28dbc56fdc87a11.json.gz","fa028297f578c23ef6dda1fecbb63dd590871798a77a730ac42da40d0d83cae7","concurrent"
"f521d6c9d1f154a55cbe700a11171becf1d21b2bfc9aaedefeea7e2b74c6d755","results/paper/raw/rc208_21_MPC_MCTS_H1_efee4902dc2e7369ce4f.json.gz","12fe219c359ff222802880a47db4d10569fd98f2d0ddd68aa0875be15a2d87d0","concurrent"
"9c0b22382cb4344e24976d8f7a0e47627176a1e47a359154c80b1b2f8735d5fd","results/paper/raw/rc207_21_COORDINATED_MPC_MCTS_9389a1fca3b8ab6c9d16.json.gz","42e21a6e7b4f234916fe1c72de2d33050b44b969c96e95b34e7d323dfbae29be","concurrent"
"cd13dffaa8a7383205445e10559c2b457c9a80527ead3f9e0a489a2cedca8c46","results/paper/raw/rc207_21_INDEPENDENT_MPC_MCTS_0726fd7f68f867ca7a82.json.gz","ea73a427841259ffa93f7b18f3e0accb568958e2fe1709aec90876939e35995a","concurrent"
"d85ee14588c78e187f28963db038f3cdc933dbaff9269af805dc8efa352cde47","results/paper/raw/c101_21_GREEDY_3e4fab5dcecc1b986ce6.json.gz","de4ce78e71b5478b1a742ae4d76e635385b7669a98de1037b3e8ba63e6a09c43","concurrent"
"7f024a5f29a32a6fccb5caafa49ca90496fc1ee5fdfa60d31d72cbb70011d4e4","results/paper/raw/c101_21_MPC_MCTS_H1_5b3ba73f5e8a0e227ca8.json.gz","5ee548a28c8ad05342d52e4b357dd00542a780b0cadf0582c83ebb4894ce3982","concurrent"
"e72813e25a8af828b169d8d09d5d2d92e6c4ce1f7767fba36361cb66374a7b2d","results/paper/raw/rc208_21_INDEPENDENT_MPC_MCTS_4ea0b4229a3570df4486.json.gz","e6bc33a232f23cce2a66aac35937dd28c924801edf4fbb339aca1f0d320da2be","concurrent"
"c1e8c7dabdcdaf17590178af9c2c511c94855d66fe74e4b05730b416cf8f9e10","results/paper/raw/c101_21_GREEDY_a841b9c434b195851734.json.gz","09e250e4766c94ca680ed4351599ff2c950ca950242b1762f33ecffaafd1361c","concurrent"
"05bf268d007cd34273b01bd6699d2e74dabe9a42870b8308d27694f9faa317da","results/paper/raw/rc208_21_COORDINATED_MPC_MCTS_fdf0cdf7eb25e129734e.json.gz","3f353888452b5075e5bfce75fb74423cda94eceef3a93fdb5f0a643b5f9d480c","concurrent"
"d802e8d61539221fe3d7a5fb18e04bc404bbc00b0713dd9f308743216101df50","results/paper/raw/c101_21_INDEPENDENT_MPC_MCTS_8cd5a091bb015a0368af.json.gz","c18aae8315502c5abbe8f57abae2e3cd6f5c97345cedf13cc0b315f2fcc10b53","concurrent"
"730fe6ca177bf283906742180e5dfdfc1d87dfae913d18c1e4a328c249deb060","results/paper/raw/c101_21_MPC_MCTS_H1_b26ce38ef082189e129f.json.gz","2c089fcf2967c2214dca87c3c912ec170584efe5fd96c3f91650a8e7fd581670","concurrent"
"3181ac700e4b2987e43a595003f21333151a70ea71ef94ba9407d8e3c11e44b9","results/paper/raw/c101_21_GREEDY_2ecb431531e068281cd4.json.gz","bc27836489f082a12f2c97727405bb21772748626a37520ee2dbf3a3936fbde0","concurrent"
"d0296adad4835c739b1ef503b6e86c6dfb3e8bcfe840cb1018b0b5c7b9bec0c7","results/paper/raw/c101_21_COORDINATED_MPC_MCTS_6e6ce4d539e45b41e1ad.json.gz","3c614d00f2614fdd2681df17dfc83ff27ae8f08b3b12127624bee15ac47fc646","concurrent"
"24673d2cebd4ceb587b6012565a87fb83c32545ef6a8b520318907424820cc14","results/paper/raw/c101_21_MPC_MCTS_H1_4bdd4e5d875ee4de905f.json.gz","e9aab32c2b8b3df05c475eba5529c64621ea9e1a216772ef249394f618853dde","concurrent"
"0f59569cc7f289f716216c6b9fda286bc9ad556c4f0ac4fe471dd83878d5b6a0","results/paper/raw/c101_21_INDEPENDENT_MPC_MCTS_e1b1926e9811d1a674e5.json.gz","7dfe5f2ca8b413c46bc151c760c4abda3e0b8d67803958e46326d9533ecdc781","concurrent"
"beaf92cdbd60c0db51a51fc315c019f431b8f96ce2a4781ab8e5f49d74b6b813","results/paper/raw/c101_21_GREEDY_9ec4ac380cb1dafd4222.json.gz","42f5db2fdd42626d82f3d1b6c525a3f3285856cf5c809887fac9fc29f5ba270d","concurrent"
"f63e482365b9a24a8963daa4237130b3584795731d483d683a2e564dc0f23811","results/paper/raw/c101_21_MPC_MCTS_H1_f8aa25acf7885c93c2d3.json.gz","1161ff71a57e8233029bb60a5c02fdf7ec30639c89ae92e3a7ff3665ae30a985","concurrent"
"26f9130b4b911ce6d06ba354f908bc4968f452111fc66e1a6964d4f7f7cd267f","results/paper/raw/c101_21_COORDINATED_MPC_MCTS_16e29433a25e3a21a8f7.json.gz","be196583d9f38e93b4223b09d7feb2db97d8828c003c2c3c870938ee5dc743b2","concurrent"
"8d104dcc8e1bcd2f286581ba81e3fd6d289e85fd7e44e7d66d7c220da0736d27","results/paper/raw/c101_21_INDEPENDENT_MPC_MCTS_548252f992a07777afb6.json.gz","b7a21b10ba2aca10141e77981ffe7c0a80a508405184b4d0788f3c9b12cb540d","concurrent"
"49849e915ec4c6a701377293895c48252d35de3c15241a3e0b93f06749c13f4b","results/paper/raw/c101_21_GREEDY_f4ac21542cc1b82cc084.json.gz","3b6cc7c368eb9542cd82030ba95b48d786409337c136f165a452fee03b1b01c7","concurrent"
"fdd72b1da6d685c49f66635c8f6420f1248303b7dc9f844f255d7ea3ee0e1d6a","results/paper/raw/c101_21_COORDINATED_MPC_MCTS_ff2251594abc2f9a62e6.json.gz","e8d2a250f34c32e2225faed1e0c3037c7cce923fb1234c43609ed777edab5ce7","concurrent"
"f570d82710348bf389aef57cecb7c04c47167238e8109d9dc26d10147b8cb301","results/paper/raw/c101_21_MPC_MCTS_H1_45acb435921c372b5c0b.json.gz","c4728a1f0eaf0e6265efdffbcebf1fde2478b43fad21e9710c4c18516a1c05a3","concurrent"
"b98f33f2deff1ff83f555308261c8b535ccf827e7a9a652af9a592e2be160664","results/paper/raw/c101_21_INDEPENDENT_MPC_MCTS_fd3aac35dfd010fe3da3.json.gz","8fd563ced848b90c3e31ecd5127b8423e01e7993aa2fdc5b683325547d7a3148","concurrent"
"48e4660cd48b3393bd56e8bd6720b7ddb6f06377cc4ac250cbe4f561d8f99ef5","results/paper/raw/c101_21_GREEDY_c41312d17c0508718931.json.gz","163b6339334e748acbf1e3bddbb589889285261debfa0af352dba89c0456ff86","concurrent"
"105903d17c88567619bdff2a029ec993dcad26602fb5eef93715497bf46a0ce5","results/paper/raw/c101_21_MPC_MCTS_H1_a2fa6234798ca5aa361e.json.gz","874bf7e5fdadc200d5dc0ed16526e90f9015d9585840ddd2d17aec08eca884a0","concurrent"
"4c07955fbc7babe55a2b957f38e61e8de2b50db53869b70867bf84cd6f211df4","results/paper/raw/c101_21_COORDINATED_MPC_MCTS_e958d5946c0aa1b1bc4d.json.gz","74160b270c87e02ec7498710b3b79af561ed3f56f65e8fa285020384ae4daa54","concurrent"
"c6ef83a1e46389a0ea0787622c7e7750b95eb28ead7e94d3975597813753c051","results/paper/raw/c101_21_INDEPENDENT_MPC_MCTS_aa6919aa97dd0b2e79be.json.gz","4ccd8d4dc67f5f8eaf9b37008a842baaa0136a418a3753f1f234e534191519a3","concurrent"
"f02e2371b096bcd67ba2356090a9f858eb4c082daee299ff62bfa005da5a5a83","results/paper/raw/c101_21_GREEDY_8b382a0f0c63cb81e4ba.json.gz","2878cc00433a901f0745818044c749231383e211fd68705876522b09bf1329ca","concurrent"
"47b3aae8eab6328588970bbc876667263a914d2d651de20cfbdddcd931d3c680","results/paper/raw/c101_21_MPC_MCTS_H1_410e6f1810bced839817.json.gz","098dffe47d3d51a08e87964afa6658fbea64c3a8b47f28055ee769ef558e93bc","concurrent"
"c89b3990ec757b975a6cd1ae21c13389fa7e0c04d9dda346fd6484f8f5c69de9","results/paper/raw/c101_21_COORDINATED_MPC_MCTS_64e0735edd423b7d8918.json.gz","0afd291ecf10147629bdd7dcace86bc6c77a9ec70879e46d7383104b8d4440ba","concurrent"
"88e0c4584f5f1cb5ba2b4a3b66259e8c2fab34c6cd58af130a0ffda2a93b8ded","results/paper/raw/c101_21_INDEPENDENT_MPC_MCTS_fe0b5a9bf358ca2df31f.json.gz","31387067a3ce71def7609d948516c4dedc21e95dd5a86de68d2cc8ae315aeea0","concurrent"
"e85af1a204f255249bc1bfb019f21982b43c1bdc1757301a146579a09c9e1f42","results/paper/raw/c109_21_GREEDY_d180a44fcd02513bb4d8.json.gz","a94c0e58663e687fcd59ed508bf2643b50e499e87c13add2a49a89e4b4f7e458","concurrent"
"12abc524b770b5e59a8ef52cad3f5b455770900aa105d18fec27ae9f25aa6d69","results/paper/raw/c101_21_COORDINATED_MPC_MCTS_0a4b80773f02f69debc6.json.gz","4af40c0fe847ac41188e2e788b23f12ce73f81a0a8a9e94d9bcfc21f10611d3f","concurrent"
"b72699f27cbb23abce048fbd068815f9c2d44b093dcfe0f5069a40ecb6443b87","results/paper/raw/c109_21_MPC_MCTS_H1_f4946e8f110121d620b8.json.gz","368f0a7eb886d52d82cb347b7a94b65b4f94e2966d35e82811c4b49ea50e8333","concurrent"
"0ca421fe829a0379ec63c1be40b5aedb15c6fd15503697720b1c6f9fc6a3ce20","results/paper/raw/c101_21_INDEPENDENT_MPC_MCTS_89561cf8783de981a9c7.json.gz","d2fd1469f08f839ba4efa3791705f732d4a0fc1831d7f857a2ea5f57764ca1e3","concurrent"
"078411ab3c2a8f0482c976e3d24fb2ae1cf1166925e0b2c33bf016c04c15c908","results/paper/raw/c109_21_GREEDY_918ed88ac95907002ecb.json.gz","9628150d7e6d3f8449f32a00c44a385680fc86506e1923efbafb998555660aa7","concurrent"
"0f4832fd7dbaf6593baabccf66120fd4be8e3a3c4060c7ecbd8a27d792f4567d","results/paper/raw/c101_21_COORDINATED_MPC_MCTS_9d13b772c3ef791e8e79.json.gz","dfac0ba799e23bc0f4abb611b3500a459478893d97d96ecb719bf93568a1d4e1","concurrent"
"02f56d291c31fdeda0674e19200f5f47d0d13903689049a3e255a7b68434b1c7","results/paper/raw/c109_21_MPC_MCTS_H1_060c35084937a8f0dd48.json.gz","b9b7edd228ef8f703499436398b6e9be89565d78ee304556ee7d22d5aa3e4c66","concurrent"
"5a58ad3e411a0b029c071f7ab4267bd34ef73ff06bc875acd363ff01ee6a8d18","results/paper/raw/c109_21_INDEPENDENT_MPC_MCTS_c660179ccc0578078cee.json.gz","592b1babace037f76177b81128854af762c5439ab1146193d104b14eb1cfd8f9","concurrent"
"77a521631a64b5ccd322c5fddb27884a543916cce90de35e862844d1425dac78","results/paper/raw/c109_21_GREEDY_0db44c95559d55517056.json.gz","0a5c4326cb3371ce667c207282b99e296094a8cf4864071f3b925d2e28d36d61","concurrent"
"9a6e16b189d924c3481bbfd835c41c5e38e1f4a0b973a5d46913c2acc93510fe","results/paper/raw/c109_21_MPC_MCTS_H1_e13dd0bf355e58852d45.json.gz","9c51ab4b619e86baa3573a42e9febd6dfcce63b5c16789aa28f1e54667886896","concurrent"
"62975cc585ef1eaeb4aea6e3f2d7b77604ba6e4dd222bbef3f39d52e323773e5","results/paper/raw/c109_21_INDEPENDENT_MPC_MCTS_b17e207f4883d52a5d06.json.gz","3a156f79114d86c852385092ff3cf0df7960b9dc8e95aaad9cac02db244c30ea","concurrent"
"6f6c8fc56fa27bde6f1356ed1502b51c5b14739ac9ef7e51a10b27cff1f8ff98","results/paper/raw/c109_21_COORDINATED_MPC_MCTS_32288f53a6824446d051.json.gz","c74c17badedff852406255dd19e61bee4fefde9e665da6da1eee086b7b1e93b4","concurrent"
"220777ce96ae6b434c23cc19fc68c2459829d517dd1da493484850ee15e07c64","results/paper/raw/c109_21_GREEDY_3de2deb75c84a3a3d4ff.json.gz","d5e2c3a68f13306589e00b7a6d1b91cc32d24ecf731c843c12d938941eb78cff","concurrent"
"4e499fb5e07265645cdeb0d2a3aec82eb7f50e47cd7aa6b9a5a08813f0f7698b","results/paper/raw/c109_21_COORDINATED_MPC_MCTS_448ffbe568534f489efb.json.gz","02e9592be4753ab7a13dcd76c8a523e0c2b12070a2feb9d8b441bf417fb89ee2","concurrent"
"021808dc3b29eb13cb2044776ee07dc6bc15b63052bf1fd97414161a532a2521","results/paper/raw/c109_21_MPC_MCTS_H1_83f94bb8228d6bad368b.json.gz","35716dc5107a62a2a16f17af915a4e72499b3e6772c8df6cc6ffd8b63c77cd47","concurrent"
"26215b0367fd80b3a43e7e262a9454f51e930c4fbed885323a845303031fb88c","results/paper/raw/c109_21_INDEPENDENT_MPC_MCTS_33c7dbf2d2afd4a6b768.json.gz","143ebd46cf2cd92519dd7d4c9c229dfbd7b38081df46e9c931324a80facbb77f","concurrent"
"8fbe912ceb9f5943069baebed2fbf997f34799ed6e5e56eff7383d64f76c198b","results/paper/raw/c109_21_GREEDY_51d9bd8dcc3b37d634c4.json.gz","a0d233ae167a30a2a78b0158f8637f1a4067f2cbdef984c8ef87e0673187d424","concurrent"
"26124f6b79546df23f0229c2c8c0be9d92daa46b89eb30c18c1488cac6649274","results/paper/raw/c109_21_COORDINATED_MPC_MCTS_c2769ab4e8cece33f70d.json.gz","40ace7861c5dd0b53a6e58a5677b3b274f846ee6ffe38058b2f4652d5f5a4de0","concurrent"
"c90056d4c8e951be252b0a1815f8e98fdbe11319dc74e38781d1829299c22c51","results/paper/raw/c109_21_INDEPENDENT_MPC_MCTS_4b6c827f2417a0f17a44.json.gz","3f643c0006cbf7de54ad7b14dd5f323fb85773a9ac47294142ed7656a0df578c","concurrent"
"aeecc6fe84190f23aa92854a39a83a3ea9dba8d8a4821f4d7e0f380dc7a4707a","results/paper/raw/c109_21_MPC_MCTS_H1_f8faa7fe1e93fc53f414.json.gz","a0186c88f42bc62074029ec761052de4c7e675e59911e0429d246c0bbea539f3","concurrent"
"6d94ac5962cea133e30be0c64fddf2d5b0c1deac5be43b852635e4726b3e7bcc","results/paper/raw/c109_21_GREEDY_6b10c6e74fdb1a85f1fe.json.gz","7e6a20b72e4685eb663e6319df4399ebdb0c28ea502d2516ffb9afabbf0871b5","concurrent"
"c20a5af54b87c8a6414798fdea16ea26e875aaf75bd5cd9b166521e11de10e58","results/paper/raw/c109_21_COORDINATED_MPC_MCTS_353f22d24058e19852a4.json.gz","50e2f7b3f38a1839c5ee6dcff514b1744fe91d482d625e8c62a27d9fa48ab3a6","concurrent"
"35e5f7ed8f3db9b32ee77ec523c5f52311a97f5c0c06549aea77663b54c2e7dd","results/paper/raw/c109_21_MPC_MCTS_H1_a65cd11846506e129762.json.gz","e1a397f29212c61c77e9a9b2813d623b8b33868a679074e9410819803e97a90c","concurrent"
"13aec03fe48bf9885404f6ca5da887c3418ad8159e114c5ebf33f1e475bcaed9","results/paper/raw/c109_21_INDEPENDENT_MPC_MCTS_876cc07396217ac64407.json.gz","5161fb2a7a8c1dc1ec2c1b86ae084815a9d9c654cd0174e0f5623096d42cfd91","concurrent"
"a53a42c1d56dd4f1824d3fb426823fbb34c877abfacaea1bfbc110890467effd","results/paper/raw/c109_21_GREEDY_10d085efa8a8b588dc14.json.gz","7741f725ec548b0b45cc3377af8e4b9500ec7fc5aec46230af2181f2d6fed048","concurrent"
"ee6f9e4de45af3d90a06f8684bd791bf1d1bf6c9ccfcdb226f4ba9e993cd19ac","results/paper/raw/c109_21_COORDINATED_MPC_MCTS_ab77848267a52b02743f.json.gz","6f74695d37a12d32cd3002cb87d108fffc285f5c7a630f3783c6389fa6ec877e","concurrent"
"65abb68e4209252207e19d8133cf1f7ef770b871bf0cb4ed7ef3dda53e58f6fe","results/paper/raw/c109_21_MPC_MCTS_H1_87d602e037ec725b8b0c.json.gz","cf65cfa1fa26c3e470a06ca1a6167c6f5e87d8b3f71b6c129656d51569b092f7","concurrent"
"752cfea4960130cd3929cd3a445921bd35d4860e74558cb25d7c0d3cada7d3f9","results/paper/raw/c109_21_INDEPENDENT_MPC_MCTS_f9ecc018e9d7c0ac9390.json.gz","304393d4cc7fe2aba57945aa5dff53b603ebc31616c764a0721c93e38feaa051","concurrent"
"ee7af2170427db4b44dfe12ea5cd09489fcb4acaabb3dafe7255bcba1fda053f","results/paper/raw/c201_21_GREEDY_dc30f0567b642657b90a.json.gz","1a26c2c0a58f64414c0607e175e7cd07b51b5e195e510e90f7392001e1143116","concurrent"
"5e0f47b71cc66b919b1a3cdf816b69898f2b27574023d962e0e7c094caca72d3","results/paper/raw/c201_21_MPC_MCTS_H1_a2e48276612cd444082f.json.gz","4efc0b005e951f14be16f581f66fa29b88733a25fffe1b7131f2dccf112bf133","concurrent"
"c54ba300137ebe093ad0e5b77f098d179259b889feefda8aee0e24e39b210158","results/paper/raw/c201_21_INDEPENDENT_MPC_MCTS_24b1d1a86f3eb5b62cbe.json.gz","30776b25b1ecc75b0c8962081adf6af9f3beadfa02d4fa261bbc43c38ae1c5d3","concurrent"
"926802e43c72adaa602492e447d7fc75cfeaa565144bdeeec612c5475f32753e","results/paper/raw/c109_21_COORDINATED_MPC_MCTS_3d3f1d694dc573dbb87c.json.gz","5318e5965f8a63f482a3c97ff42e1499134778f4d0d830bd40c92af0d7e3665f","concurrent"
"10446dd6b391b7501395551ee72b81c10ecbe1a8de56d9e56db94b3b36ac63f4","results/paper/raw/c201_21_GREEDY_04ec45a1bfd174b4ef5a.json.gz","a8e5920016f07e507aa71d6f48638d4bde4dd4f9daccd33fadeccaf4f22826a7","concurrent"
"57a36ea3f24912176b80c295bbbc1187a854a7f67cd05ffa75f1a065be475428","results/paper/raw/c201_21_MPC_MCTS_H1_0408bb4812f7bee368b3.json.gz","a298393e0fbaff1fb5531f59423a097a0ff7175bc4ef056ca15eb2fdb29dd707","concurrent"
"cbefef9bbe77bde34a06f464a590a0301ae702de1f9b3a9a37065ca1bab8fcca","results/paper/raw/c201_21_COORDINATED_MPC_MCTS_bdfab098870cef6b4c59.json.gz","2f1ecbefa3198b66ff3887bbf5187662bcc5613403f1bfddbbc7581223308210","concurrent"
"1c684d13353b151835a8671302c764a38b73575437246f7086dbadf91f6abb0d","results/paper/raw/c201_21_INDEPENDENT_MPC_MCTS_f7c606732425f6ba9fab.json.gz","fa105133f23c40cbbd27c2882f73114986cce4af5babc2bc30a863c7a8b22e07","concurrent"
"20b6ed1e31b7912bc212a9ca03ffaafa4a9d5081f8933c638644c893c4cc80cb","results/paper/raw/c201_21_GREEDY_dd4a551503d5625944b7.json.gz","7091b50c098572fdc6021a564b3b9bf0368c17acb083c67563256f14427b7960","concurrent"
"71826fd66dc1e9b4eb853d2fdde9d9499b64bc59b701342d3de49ae9372dbd1e","results/paper/raw/c201_21_MPC_MCTS_H1_cefdd1a299e9567816c7.json.gz","43d5a22bb6141cd70012b0632673ddeb7f130030a2b5eccee42de247557f2a1c","concurrent"
"27de325f034c589ec1ec41e4c87949a49584f4a2279565a6d1be4844f8005ac8","results/paper/raw/c109_21_INDEPENDENT_MPC_MCTS_61db7f8fcb4a4dcd81ae.json.gz","cfdb14d3d5b426b5a9bcd2165508ee14a2db7abac23d7e5d063ab9c205188432","concurrent"
"6ba63ecf03b2135557578c3e368ea01d48bdf3f10a9e9430aeba28c5279fbf5c","results/paper/raw/c201_21_COORDINATED_MPC_MCTS_0c16e4a0a98f52433747.json.gz","4cdee349e30323aaa2469a8030d631cc381873f517a33121b606ffdebc7c3e36","concurrent"
"18ad765e973f6578322aeb2b7304f2b3373c90263cfdb9e84fc365a4d512499b","results/paper/raw/c109_21_COORDINATED_MPC_MCTS_5e901407663fc3e25f44.json.gz","16260ee7920aa628e89b2c222d259bc7e239d062db50e0da286c181cdb696398","concurrent"
"ed3584d9c3bc6c26d7663e15f31d9030396d199377cefc116cbef19a199b24f1","results/paper/raw/c201_21_GREEDY_6dd884ffc0dfba9a07ab.json.gz","c671ef7c1b3e10fd54253687b04208479560434b859601541a0d218374434470","concurrent"
"c742816c0a9d5db34cb3a65b7425ea6b3303ad02cd78d1aae0385f3df3fc3fe6","results/paper/raw/c201_21_MPC_MCTS_H1_2748ec29e0468f0cfcff.json.gz","69aa0597a5265ede3152c07f97054cb0b54ffbed2b898d7ef61436ceda72a703","concurrent"
"5b609bf6aa7e33b1a84bc210b59c04f9502ccb913c6af9eac5853666e5d27593","results/paper/raw/c201_21_INDEPENDENT_MPC_MCTS_cde2d9f414111f6b8dc0.json.gz","0ba6ce6b9e26d9f476b813d5dea47927ac7e2e8d14145016747bdb3bafe4a968","concurrent"
"2f3586d9fa131f899e8c44aee673adb0e0d58cd9e3b41a559f80e049ee573bb0","results/paper/raw/c201_21_GREEDY_1526acc3497faba9d420.json.gz","29fc8a73fd042d0ad5894556f719080ad7e9acd9c59aebdf0f78845e88a38b00","concurrent"
"62a6fdbf33de28fe4e12086993c985c41060bb73c85f05bafb6ca2dde8f5bd51","results/paper/raw/c201_21_COORDINATED_MPC_MCTS_ceaa78bc10ff08fdb156.json.gz","7c55d37599af36652728f663aa8afc4c1d625e39ee38865a18ca57ffd2ea2cef","concurrent"
"184be44840e438c6763ce19456ea3c3b43c403e71aab8dc0d565d03a2a0eb18e","results/paper/raw/c201_21_MPC_MCTS_H1_c34dadd189514f752b3e.json.gz","5755447c14d9edd5b9c086875d0f03afe6b6590bcdd3976cee359e620b7d69cd","concurrent"
"2a1e9260be27549d04e6d89937a4a101b343d86953710eb8717e5b84cbb12cae","results/paper/raw/c201_21_INDEPENDENT_MPC_MCTS_384f0eb1a1f15fbf993a.json.gz","902b10af9b7074073aa65d9133edbb6f5974e3dd485b17cf3cce897c95b225ea","concurrent"
"46287af222ad7c76cd9dabbc9d6a493e282c092915c331037f19035e9dafa337","results/paper/raw/c201_21_GREEDY_68db4f621b5373972e44.json.gz","3ed7fdbff4812d1b581e9bda693034451b3f998b65bdbe5f07b444fbcd096adb","concurrent"
"33e4c5b1fa6f308d3c280b30ff2774b63534f21f1ebfec8501fb6ec8fdef359d","results/paper/raw/c201_21_MPC_MCTS_H1_8e39318c1c485832b1c3.json.gz","a38dd83c305a943ef162a9dcbd907e466615a17ed9bd1d8546fce0b9514f8d66","concurrent"
"2766d59341c293b239c08e790aa33bf907042899040cfcf0ffac4dd294c4cba2","results/paper/raw/c201_21_COORDINATED_MPC_MCTS_af42be4def387db219a8.json.gz","f0ff1ace2ea284472755b665b1d33fbd6f3ff32d196c43be3fd079ae30fd1b37","concurrent"
"d74320b07f8dbc0ed863af4cd7a1c2f3cedc225f04639ef20e5ba69974fc9400","results/paper/raw/c201_21_INDEPENDENT_MPC_MCTS_92d63914334a464f58af.json.gz","8a3b815548c0f417193f0df5d4c879a6da6c66ec2e7976cccf8f5d30ef5f2f64","concurrent"
"473f325c9dbe9531bdcd5c0cb9717c22ca272ad934f7ca48b83d66594bfd4135","results/paper/raw/c201_21_GREEDY_9a4d91b8d4037b2e3fe7.json.gz","dc30e758dfda11077494af311232551ba2a93bf3a5fbf867658c41046ecdea05","concurrent"
"02c962b0c6037743479304544d56e3657e62a7fd9d33ad1ac5f11494573ea1ed","results/paper/raw/c201_21_MPC_MCTS_H1_704911727ad9a58ae071.json.gz","952e0ba9f134001cb3d32335ed77874f51439e2a67baf5e8059be35155a32afc","concurrent"
"5356bca575149317394c034fe489614c5237e1609025978bc3f07253dc9ed89d","results/paper/raw/c201_21_COORDINATED_MPC_MCTS_a96051a9065ed01c70f1.json.gz","cbd0859781ce5954cfe17f5e8f43514775277692b59bedbe982bb3fa33ca2e8f","concurrent"
"a43ee52b8185f1e82a83ead487b1c928149da029d3996d732e329683c3c27c27","results/paper/raw/c201_21_INDEPENDENT_MPC_MCTS_70d21e3d821ed9500973.json.gz","6ad4b758586132e416e9d8cd40f8672d439522ea389e64bd3f21ce5bff1d6b1a","concurrent"
"a5d2368c266c31ca698addfe4db597e017801f0b4c5399f1a02ffa74ed787b92","results/paper/raw/c208_21_GREEDY_891cce266eb6531f71fc.json.gz","a47c3a229f9bed4281ac12dab89a13aac1967c9dc751ba2e498a07652217f26e","concurrent"
"582ea7f0ef48ca1de41a5b55440bd8aead0917e2553bdfbf66a0f65bce002380","results/paper/raw/c208_21_MPC_MCTS_H1_e700bd354474b7a7cf38.json.gz","d8a8fd1ca2fdcf15439a12db8a12dfef5ee192c8da6285d9dba3e257e2ac3ea6","concurrent"
"4c9d6ea77e6710fb7025c18ec67014c3bd34e90c3ad1f086c6cf2a821597b317","results/paper/raw/c201_21_COORDINATED_MPC_MCTS_2b8fc7b0940ba0017d9d.json.gz","0afb25930bd51aa0b423eaafec0675b7d306e8b93ce5e853dbadcd3bc05fc670","concurrent"
"3ecd5299e17c5b13b2a754cf5cc0999548912db7fa8a6a4d2dbdee1064526808","results/paper/raw/c201_21_INDEPENDENT_MPC_MCTS_e100df2f8686b00665c3.json.gz","db447d60f6c6834f43c4bbd9728604a76abded99c1b4d495bd97fa451a906c5f","concurrent"
"fd3bb32aa6eeb477c74caaf5f7873c2ba94380aa665db084510fa459cf183122","results/paper/raw/c208_21_INDEPENDENT_MPC_MCTS_fb0bbcff93fc3ba0f01a.json.gz","7c841134ed2ddf6b519b80f1de719bab6a7486b279ef883ae87a00f6d7932834","concurrent"
"972d48faabda98d36e592f1a7ecbb61583e043c0638aafcb17044fe065b3162d","results/paper/raw/c201_21_COORDINATED_MPC_MCTS_6cc52bdababcfde59f35.json.gz","3338555de4c64e347efe0f1a125c9ae35dc66cff24209010b772ca008fee3726","concurrent"
"f48503a06d3a66160592b7bff48a265031fd95bb2303dbdda8fd0f9ec34cc215","results/paper/raw/c208_21_GREEDY_1e072553c764b486132b.json.gz","06faecb58514c44be9cb480c284ea07447acbc201899f58cf0ed91cbd66033ab","concurrent"
"7dd048453bfc0c3e52b89471510cfddc910d34d04dc22d21de105dccec50fafb","results/paper/raw/c208_21_MPC_MCTS_H1_add4093a387ea6c35883.json.gz","2a7eaa563185b78268c0e08b683455d7ac96279b3d1efcf792398c6a51f06a95","concurrent"
"1bf68062ed8eb5b4f8cc1c79e31c90585f2a049327175c3121668f1dbe2c18d3","results/paper/raw/c208_21_GREEDY_7fb1acda04a43b953dfa.json.gz","b4b384a6eef104950d78c055abf7fa57411964c4837f39b58fba759118dbbfa1","concurrent"
"a675c929fb954ee66a88b5647cfe2926cc3dd4ee5c3533d7a567a0c9d97a9510","results/paper/raw/c208_21_INDEPENDENT_MPC_MCTS_49e7492d0f55cc4a7dc9.json.gz","eeee6e58fa2dbe7b84588f817ae7e1a5daaa965b6a4272e317d909cc196ff770","concurrent"
"2cc338ef443296aec3d1dd34cf418d16ac73438b45eafef49b29dc7dcd1da128","results/paper/raw/c208_21_MPC_MCTS_H1_a4fcbdd98ced3f3d3a6c.json.gz","edb2ef54701109d65e0c37751b8255f81ab89a7a458af3b37280af0461f33473","concurrent"
"5d562b6b124d99414107211d0a170aef2e59bdf5ba26a40e0fbd385f26907e6a","results/paper/raw/c208_21_COORDINATED_MPC_MCTS_5a3473fb772fbbfbc2d2.json.gz","e076aadfb30db8a0b9b929bb3dcf9db35f9caedadca787a912e38eac5556baab","concurrent"
"0c561796bb0dae36897dd174fdd91bd3b6af13b7d8828d29bdbffe44f4482d50","results/paper/raw/c208_21_COORDINATED_MPC_MCTS_1acb1515b04db4420e2b.json.gz","0ab8d7b821afb73ad7fb2feb26a9b72dde675eedf3bea4c9620dc65f23ba3130","concurrent"
"68b092ab7cb1bee34d16b4ea426f03a8a1f827244186a0687ee473789f005c1e","results/paper/raw/c208_21_GREEDY_dda00211a1ab0c403570.json.gz","ec19f4bca96cf70d849f2de5b4dd90f10a2c76c19fe797fddbb60c13dc8332b2","concurrent"
"28bd211c7f5b74280fa59aa65b788976091cc132c29765e389b4a1a8aeb6fc06","results/paper/raw/c208_21_MPC_MCTS_H1_1d9792fef1d8eb5873fc.json.gz","6251619255e573e48b4590c9ef6252972fada4609b0e345b28c95e9b4b18100f","concurrent"
"b5ddc3d0b2bbfafc31a03c41586c7a66dfd8f02dab9faba909c42e312b1a4d7c","results/paper/raw/c208_21_INDEPENDENT_MPC_MCTS_42fd4e8f2f7628cab735.json.gz","f04e0d71ee90136d427fa60ff75ff05285f8a105713a6d832984e209529b87ee","concurrent"
"060a4ed39fba018602c486f2876e9d86816772506ff494a771f70c8ea5789207","results/paper/raw/c208_21_INDEPENDENT_MPC_MCTS_944e41fe347d2046e3f9.json.gz","b672806b8d08d2cee12caaddc58b6bb6b7c458edb16de1c5ac8faf90beb78998","concurrent"
"6591a38904f08824576bf4f6c9ebe5656d41b8c7c6f40bf234318235a8e45478","results/paper/raw/c208_21_GREEDY_342c194c689787cfc82e.json.gz","7c0d501638ab6a61a5dfbfe5912400a36e6da7a6986eb0508c400419b59186b6","concurrent"
"3ec191356e5cfca0e3b81aa4a3b6b1c2d2e126434585db32714f4c86075d5e7d","results/paper/raw/c208_21_COORDINATED_MPC_MCTS_99d134503c691978fd65.json.gz","572cd8c0522cbc9a8ce246c22b736d718fa9e9ab9acf278e1a66b8ebd6ee4eba","concurrent"
"bbd8528cdea63dbe090aeeb38f77a02a55f4efaa8a66ead435897e8c083fedda","results/paper/raw/c208_21_MPC_MCTS_H1_fab4ec4c66922fdffea1.json.gz","8c3ecc3decd7734f5223de14000285042990298d1b754ac1521fc3f8f6dd5648","concurrent"
"e58a5e568f9e852456c336d6fe4a3133b0fd2e239145695b0765a25b4028009f","results/paper/raw/c208_21_GREEDY_313ebb8a310e3eea5a68.json.gz","307d025acfebc47a3fdd8b185b625a5b6d2dc4798830620c14b665034c977939","concurrent"
"43f9588cb001cfd4a5fc5f0a45fcdfd51687f1fbf915abb3c0032daa6513a4b0","results/paper/raw/c208_21_INDEPENDENT_MPC_MCTS_9969510725473530f5d1.json.gz","afedec8aee80f7100a00bf983d0e85f1c3f5100a7caf97df8c9d9fb59e5fea25","concurrent"
"f6d939c06395490db4751ddfb77358a01c639d7cc49dcde43a3b88de8e8df7bc","results/paper/raw/c208_21_MPC_MCTS_H1_90532ca30b21b5ef3fd2.json.gz","e675915c0788233af6cb571c336b6771fac5f82d391336cfcb4e59e4de5dbc53","concurrent"
"29d3014334a977cc694d3fdc277d5722875b8a15fe3a6336b3a5ef8400dd6a0a","results/paper/raw/c208_21_COORDINATED_MPC_MCTS_8b0e3ad4b6e6f994641d.json.gz","d6f8a3069073638e298659d89f7932262063acc2c1b07119e3fecf956602ff9b","concurrent"
"85cd84eb4e29408b0298858b4cec8fc4d3615152460f660a502d9252a73b904c","results/paper/raw/c208_21_GREEDY_9d656a4ff154444df85d.json.gz","fdaeed53e27043c90f750d804e61f88424b4c4922c7f77552936a6f190c52991","concurrent"
"2b084cc8ba065c79c89c2e4293cdbf88fa5e3c8420833c2b5d2cf8ef1a238cf9","results/paper/raw/c208_21_MPC_MCTS_H1_0780144273a63d181c8b.json.gz","5ba09736596b15ba144f5bfd5c366adda2cca95fe91dd013ffc589500fcc67e4","concurrent"
"eac12327bc9e508a3d4f062a741bbfee7c5f5b6f776890addd723602fc57c5c5","results/paper/raw/c208_21_COORDINATED_MPC_MCTS_4944fd6831b13d9d4a1d.json.gz","6034c9d1b83800dda3417df08914bf0ff3f442acab8a69f0c6010abded36e987","concurrent"
"940b03eb2d4be3bb681ecc8f7829a2353f8c337eda7242f13eafd0741a9586e9","results/paper/raw/c208_21_INDEPENDENT_MPC_MCTS_4c214ff908af8fbd9762.json.gz","6086ecfad69adc782bc1e70e47443249b50a932fcd30d30e95365daf4a54157a","concurrent"
"9ee8118ee1eeabd348d706e07a7790aad6565884c545e049f3ece669d580b36f","results/paper/raw/r101_21_GREEDY_2a11c82fa8da888f36cf.json.gz","f2df75e3c07d4ff654189fc5ed143635b80d2396738aec9f7d0a0c720abaf6d0","concurrent"
"fc0861bbffd321c598b77b139e3d53c3536d497eaed22548d6de3b716a7c0a7e","results/paper/raw/r101_21_MPC_MCTS_H1_b7376063295042e4727b.json.gz","e42fbbf72e2a4fd35d1bae6516a9486397033c7c399fc5770c2fe3c40359de24","concurrent"
"a084a740a747db88976fb968746c1ca5d6fd15712086cb1d3f06f99fc8674cf0","results/paper/raw/c208_21_COORDINATED_MPC_MCTS_e96ea17cda30215e4e8c.json.gz","dffa3051b6351841d5defebf6553e05e00d2e9a1de9da11095282c479a27f384","concurrent"
"2133ca0f5fb6cf86904336df570cf4ed03d0233b51f4a418c122794be5af1ee3","results/paper/raw/r101_21_INDEPENDENT_MPC_MCTS_da93626b00dcf3561dcc.json.gz","43a9d9d0cde7e37e6515ce18862f57f9d8e625762ee25e0cd2e5e4bc5893ad6e","concurrent"
"556d114c1f06d6b62ad731822b314ba38b560f4d83fa0df901afa83a776013fa","results/paper/raw/r101_21_GREEDY_e5279fea6c5953d73efe.json.gz","2a034cfb49cfde1365c1523511216ec851b626ba262631a6b8567b3178dcb4dd","concurrent"
"d6297808f1854c7077a0bbab29694a0555ac72217dd95073ae53aae0d981f4f6","results/paper/raw/c208_21_INDEPENDENT_MPC_MCTS_014b96174c6fbd555b5d.json.gz","cf49da1473ece62fae49d4e52d4b6d22b4417644a5a664ad7c3baecadae14c2c","concurrent"
"ebdbf5200d2268ec510816a4d11db4aaea996468362c0e3cc354438041e46014","results/paper/raw/r101_21_MPC_MCTS_H1_29a5b0c1df2ad31207a2.json.gz","27bc3db19c050705aee2694af815313d820fb7ac05f8858544b7b32b94ac19ae","concurrent"
"9cd457ae4cb30be98a26e4ba32a0fd73d6c5dc84bd98cb9770b1568c23f1c4fc","results/paper/raw/c208_21_COORDINATED_MPC_MCTS_e71407c6abeca875b937.json.gz","7e625e80e5482e89d6db10e0b8ec737f3db2501720ddbced58668ecf22bedc27","concurrent"
"307aa1511d81eea4b60fe66678333a3699ea1436c3ef30c0e783f39cc6133e77","results/paper/raw/r101_21_GREEDY_505e05a4796c5ed478d2.json.gz","1149aad768814c57724d0a63c134bc32511716475253fc85eb5a5ea11c98d4e3","concurrent"
"ed12e31ae27b877e5eac83a542172f1f208ef57065d04970dc26ae6238e54d09","results/paper/raw/r101_21_COORDINATED_MPC_MCTS_7097a7a9885d6b876599.json.gz","2a44bc100176f189ffe6eb3f733d69da52774e6c79f5ff4ad554d50858b98e88","concurrent"
"d3568d704569f7b31bf23b5dee662d98cb8f105aa4ce6d9ccb7949ddf0c2df2b","results/paper/raw/r101_21_INDEPENDENT_MPC_MCTS_ab383d20a518c976aa0a.json.gz","0a50b5c0a387931d327a9fb6bf63209d882188983709bee9545ffd4d0727ea01","concurrent"
"383fd07c48e34614e1afd31bee56dbbad8b1de20eee0f765fcedd6681c1e735f","results/paper/raw/r101_21_MPC_MCTS_H1_21edb9ea235ad74cb527.json.gz","8bfe18c453cf6d6ba79bcb01a3b5ec54456cb5c7faa87e7c29243593d3d88482","concurrent"
"b2d0e2677561858c54f65daf8a993457913959b3e8142629f16a23b94f76f96e","results/paper/raw/r101_21_GREEDY_12c0ed1d40a057547ffb.json.gz","70d55fec9a7dca525a54fe3b150abc7f9048e43bea3a50b336e37a2d0fc136ca","concurrent"
"a382964e7347dbc6c8d521f5a9e32e16871c2d075726162b3a4b7e9f7f9ad8ee","results/paper/raw/r101_21_COORDINATED_MPC_MCTS_4cb93fd69654b833a532.json.gz","2ee8a42d92b10693feb2e2363a5d51083716c4d6a6ff0a3281f540c8dc4581e8","concurrent"
"fdd4464167993b8f291914e33c196d1bee4dcb8a770fe726a9a096dd73ed1817","results/paper/raw/r101_21_MPC_MCTS_H1_f49bf7816aeb32944269.json.gz","fbc54272d48d4762f6898ec387bd9707b38c3882229979b4db17572faffd7bc1","concurrent"
"07d5b90e09ece78a6468888e26e13ddaf3a3ea21a9d5e205f5aa595b60240cbc","results/paper/raw/r101_21_INDEPENDENT_MPC_MCTS_cc0061191699845d759e.json.gz","0d512c5ad15d770774c59af22e68969eabd0a92b134c50516fd357685026a991","concurrent"
"53a3cd5641bbbaff5993c6075d2c526cbd3231b2bd5d0ec72ecbfaafbafb70eb","results/paper/raw/r101_21_GREEDY_131ac10b57f97ec5ab74.json.gz","8f1e91a7c70ac99f31792c7b77aa72d05045b81a7a45003316b557ff82dc85cb","concurrent"
"630480b039126ef776b57018e4f7109bedd9b9e489a42de7eba087d9a66dc79c","results/paper/raw/r101_21_COORDINATED_MPC_MCTS_318eae6ef6699f42093b.json.gz","2ec96165cbb5e76d8442a6caeeb5b653bdeac05001e90c48e39a955f91f81d11","concurrent"
"b348253ed0ef9eaf2c28397c913e04f3b0bbce845113321037564dcef78e4834","results/paper/raw/r101_21_INDEPENDENT_MPC_MCTS_23f754c786bfc7f48c0b.json.gz","4098e124d0d24b74b0f0bfd47a4f2dfa55c57db43d3f159cb7f28fae80a68831","concurrent"
"53ae9d95499a786a17093ab9fcd95eb114f20b5f71de874cf769f5129a8d9408","results/paper/raw/r101_21_MPC_MCTS_H1_ac0970b0674eb9b2b05b.json.gz","74750b5d09e848504139571409b6c70fbbc08efea968e85ac293b1ee8f27ba06","concurrent"
"d006dce7f039250acf41f100bd3caf9480cbc61dc0cb0a4dd09dac3880c27f11","results/paper/raw/r101_21_GREEDY_ba8b458481ede02cc21c.json.gz","9a671a0f63481176f187e36b5500fb8655f2c908ac6ae58fe1f29d9be0d16fc3","concurrent"
"47adc6a0f1abb83aa89840ef8f01a80160da683d348b9fee54ce8285f680665d","results/paper/raw/r101_21_COORDINATED_MPC_MCTS_d2f4850bd449f7c8d6e9.json.gz","e6884343906ff0eaa2cf0b68710024246a52cf7772cc8173d673794701ab1219","concurrent"
"de9507aee4adff0ceba43310d3cdae59cd0167ece95543af63a3bafc9dcd8f46","results/paper/raw/r101_21_INDEPENDENT_MPC_MCTS_c5b272856fec8bbd9ac6.json.gz","903f77b83ba0b049dc709b3a9ec89893c152466723e74f51b96ef5c087d7839b","concurrent"
"bf50021715b65fe84ce35e566fd1020a5e42d46fafd3175112abf806e21c592f","results/paper/raw/r101_21_MPC_MCTS_H1_5e8694e9f234202df057.json.gz","75c2e431812d160e219f1a3eceed0f213ca9149dbaaa59f8b62b985bf8435257","concurrent"
"88d12677f58ba6e4c4d83be711852f59c275798bc1d6445272f9f4b95e6e9952","results/paper/raw/r101_21_GREEDY_188fcb6092768299a57c.json.gz","9833da3a003957d291f5c8c35a801f3afc9a781b92e1b73badc3f9f12dbcd2aa","concurrent"
"d3a814eccbeddfc77542074bcda912ede3c636fc5bfd2d0ad74028481af2b868","results/paper/raw/r101_21_INDEPENDENT_MPC_MCTS_79114e3e0b1bf294c0f0.json.gz","062ab966cbe977f77a70cbb0c3ca602d8dc932021c30d0bc053b1952606251c5","concurrent"
"fb71a794eec357f16a71f4d39ec5f2c7a3934712d4ecceaad8aa93a50edb3519","results/paper/raw/r101_21_COORDINATED_MPC_MCTS_1b60b838365bc52f44bb.json.gz","0dfc808b4e34c657dc9ae9eface7ec25119cc6e95631790e5f17187d37bedf5f","concurrent"
"88458612c19f18ed98b08957e0f9fcc37dff20613791025c73c19dee2a43a894","results/paper/raw/r101_21_MPC_MCTS_H1_441f8de2bf6018cfd152.json.gz","70f83144c0ffc52ec89763a74f67ab0c9aac15e7d0a74f6d5f7ff1951030538c","concurrent"
"8f91b535938df420048e153e6dc63d01a256997f109f3eb2202aa6e56e3e9c65","results/paper/raw/r101_21_COORDINATED_MPC_MCTS_fdebb16753e151538df4.json.gz","8f1cad8f26384d7d64ab74dddbebcf72e01befa8368b68f4c18185536c35f952","concurrent"
"4c00bd272195a257d7655488a84a34e10f1c375f28c928005c8abd421401b218","results/paper/raw/r112_21_GREEDY_40cf0ee0af1f7d956ab4.json.gz","ebc90df878c525e67ea6377a3d5c119bf63aa4c111f38980971068566265ca68","concurrent"
"7b826cad2b21a5c4079fc7036fc45ab2ea3fd8bc784f4444be11c20895c16063","results/paper/raw/r101_21_INDEPENDENT_MPC_MCTS_48b577924e6601253d80.json.gz","29d24e52ba93a3d7c03d9919e9d5d4223f203b841a413c54979b6bbdc7f25be2","concurrent"
"1d829867c81ae09960a49bc714b4f76303f28aa878b6d33dfc1a4d8c1868bf0d","results/paper/raw/r112_21_MPC_MCTS_H1_634c58f7113c151c2a53.json.gz","a7dca7c29bd5902c0a00ae048293233dd8502a7b6ce9fa701434f89f79544f64","concurrent"
"9e633ac47594bed5c9661614a4fcf02221e2969d12c4873e30fc26fc59e89d38","results/paper/raw/r112_21_GREEDY_7fcc96b19db01316c773.json.gz","c89a75a69304bd689424de882749de6a1810901e0b4e477abaf02fb49012dae0","concurrent"
"e77b37b31cab0de8cdd8d38d7752520fd6df896438ed89fcb19030b5c66c2eaa","results/paper/raw/r101_21_COORDINATED_MPC_MCTS_d286a1003ed5177a5623.json.gz","590d9049a460e670febcc9a2482fe6c11b9dcc35b89a7d9acb98354118e393a3","concurrent"
"ac1d0b977ef5e7408ee18e422b2d993533a19427e8d6f3c01cf94489deaf53b9","results/paper/raw/r112_21_MPC_MCTS_H1_43e7169849a823883d26.json.gz","c0b1570ed205a225bbcd8414cc50e8c3aba91a8aa75068ebac9235f780311338","concurrent"
"c5d70a7cf92bfccc57e75c8acea12014a9148dc46ec5ebfb500ea5e3378cc431","results/paper/raw/r112_21_INDEPENDENT_MPC_MCTS_fbb95e36fcefee36fb77.json.gz","2630551cc26c7c09a1087cb1086a62da092962a0e446f54d70a4d90f77e02475","concurrent"
"d7d53db442ec58d24943207c10d5529e619822b13ad8ff7b943f06aacc43d720","results/paper/raw/r112_21_GREEDY_75979c4c9cc96a856445.json.gz","ab535011a587ea8a286e6d97c3a803047502eea8229a0bedb8950522ff740e1b","concurrent"
"f1ffac4fc95b59ef8b280ade8ef828d6b9c57825bb96e9644cf089f471168148","results/paper/raw/r112_21_COORDINATED_MPC_MCTS_517ceeb1f8395ef4b7fb.json.gz","deb9ccab600f5d49fcf1a5623d6922edd22e7342ef7cd84c07872fc6919e82dd","concurrent"
"7646ff9c53b85b3d0fff7f79014c9c8c17d42d641e951bdd4049dfaac8df66d1","results/paper/raw/r112_21_INDEPENDENT_MPC_MCTS_f62195ef22abb4f9159b.json.gz","c6ee57c43a33c9f4d9e310431bbfcd3fb2b6302bab62487def08a60b9f2e53b6","concurrent"
"3250df3d81dcd7d0a7bdbb8e62054838aab863cd51f73e206e7b2ecc42099927","results/paper/raw/r112_21_MPC_MCTS_H1_61f5dfff06b937a8aef2.json.gz","55dc533e2dba49b6f34541a1fd657cca9a182c05ee3064d9cef9b2f66c938606","concurrent"
"aacda781a139f1edb57c91a22fc886d86dfc8464626692043dcbbb68b5baf380","results/paper/raw/r112_21_GREEDY_995749bd5f5760593e5d.json.gz","040973383842f1d6ff9b367f7bfc4ad4c89db3ec93996a0a985075b895d88614","concurrent"
"ae58fb233583604030bc28ad6a8dc8e440623b2261f25b7f461153912028d679","results/paper/raw/r112_21_COORDINATED_MPC_MCTS_81773f01c14767cb1b0f.json.gz","6d4ea1e64512c8f18d08b1bae23b8f1160b00fb573d412fe2ec0860476acf506","concurrent"
"23dc84130341d9e1ced3ea10e1bb7ec2e94909a591c3d877a338e781adc0ffdd","results/paper/raw/r112_21_MPC_MCTS_H1_6b79fe551a66ee77e978.json.gz","0d567b89287345493ba2143ea58c5cb4340083b5b913b238cc47075af6ad9266","concurrent"
"8da3e36f10e9027d9ee2f74e0bfe854e60adb9855956f977a10b16265ce01ec4","results/paper/raw/r112_21_INDEPENDENT_MPC_MCTS_bf92998f0032aa54c728.json.gz","aae156023e26da27ebfa5a86d6ddc871fd18a0f67a43d302019d8c802427cd26","concurrent"
"72cccc3c27cc0fa78a71d9a6811e3cb8bfb4728e94536318abed1a89bafdb5a5","results/paper/raw/r112_21_GREEDY_3e32b2e9cc6c1805e7d7.json.gz","1ecf07b8bb201ca32cff4e442a1cd4333f88f5dfed53a9d8cf3103e112102b4d","concurrent"
"316391206e718a6064d52af205de71b763c222fec2f8acae025b5d9ff1dd7e34","results/paper/raw/r112_21_COORDINATED_MPC_MCTS_21289b340ea2f255b663.json.gz","86c7d924f6438bed71a6e26ab576b4db1fd579b371a05881eaf2a92529ac58c5","concurrent"
"1b9d34c991e3c9c3327d4d6e332202c75dba79f5b3cf066d1253ed3b12bdc2aa","results/paper/raw/r112_21_MPC_MCTS_H1_61b759c7c29216c7f191.json.gz","ef651ed093865786696303d98b0074741e10dda246303e2444ae279972abd14d","concurrent"
"f85ef6247e712ab7ab5d0d390b08d7060207ad40df1e417b2ed4ceeea7e1eed0","results/paper/raw/r112_21_INDEPENDENT_MPC_MCTS_eb474e5bc94fada6783e.json.gz","489a62271a50895fcd57d30bdc941f21aed36a814c33b079da0e638ecfbda985","concurrent"
"9b96ca5adb9e326d9fb8fa13aff98311e5a2df6973f5020f00261aa43208127c","results/paper/raw/r112_21_GREEDY_80f2d146cd1d1860e7af.json.gz","e24053a4455abde2d93bf36691d0c56e90cb2f046b75cf55fea166d2921b6bf4","concurrent"
"0625a3311a8da5ef3c102c14eb7919c397d4ba9d6a44ab9cb03bb32c65666515","results/paper/raw/r112_21_COORDINATED_MPC_MCTS_8b17c6d1528e3564ecec.json.gz","aab68b50655787416f773325a1afcca846974646dc9b844338346f271a01e712","concurrent"
"e165a142d70a234552d2651b8d6198f97b76a3fa6da81b6c60462aac66cfc8a7","results/paper/raw/r112_21_MPC_MCTS_H1_29d275243e73bb18a771.json.gz","1ca5958ccc5275df9d1a84aeab6aae4d9f8e0c8caa8ad59e890b38a0710c80ea","concurrent"
"00ebc342f96aa0293209ade1189fe118033627ff0186aba272c89a78269e4d61","results/paper/raw/r112_21_INDEPENDENT_MPC_MCTS_b2a0d6740be79b9cbd2f.json.gz","e600e6bc6c294c462123d03519669d22205afa0ebf8371024281dabbc4fbe8a4","concurrent"
"fea8e592de9bef844ea3700f270673b1b44e94bc9af2d18b7c29859887b04d48","results/paper/raw/r112_21_GREEDY_ce5f600935a2f1682ca7.json.gz","6731221cfab588a20add413149ac5e7cc9b9922da964bf8cf0c82a8b84e054d7","concurrent"
"ddfeb90d2fdd87f0b5ed9487683209248cda3710b2e296087103e4beed535d8c","results/paper/raw/r112_21_COORDINATED_MPC_MCTS_8c54bfc19d996b5dd9a0.json.gz","a390b94a09a984f51aa511c29dcf16fd4e3db3b1cb003eb2ce300f2950074cad","concurrent"
"f0a7e2365decea002005c5d0fd9e7986a9263beb42681959b476f4c7222164b4","results/paper/raw/r112_21_MPC_MCTS_H1_1930baef0c9c91e959d3.json.gz","c40933d9697ca4f9c01b11b9a2f23d5e9a719d4638f1260a3382715ac9f590fa","concurrent"
"3244a6e20d523d1f2e591028dd7ba4cbcb2d67b308aef41b5b26337f1f8fdcd8","results/paper/raw/r112_21_INDEPENDENT_MPC_MCTS_2976fc09650bbd0ecea3.json.gz","a846cb5a00464feed5ef6666f04af2a043948564ae185cf53e3ca2d15136677d","concurrent"
"9cdf94d013d60afe3d99621f93593b9d98ef026c49eb8a2b463288382092562a","results/paper/raw/r201_21_GREEDY_7a8f20ec57fb2280846e.json.gz","21af741fde63a906a6af06535067b0a17f2ab099ab658daeb017885bdfb952ee","concurrent"
"aaaab4b2ca1249a99d36b3daebee1e49e9971aac7fdcdb49aafab2a2430577e6","results/paper/raw/r201_21_MPC_MCTS_H1_6bbab3a047795e10677c.json.gz","c22c19a3f7913ad06382108b1a1c21e4beb8b4d057284fadc8b277c6aa920e59","concurrent"
"13cb729cad38ced58dbea446fdace8cfab6d1e4e9d14df02c666502b1ad23f9d","results/paper/raw/r201_21_INDEPENDENT_MPC_MCTS_8a0a871129274abb244b.json.gz","afa9b82972b07e17e4883772fc722f11134f25992db660aab78dff5a27e6ebc6","concurrent"
"cb5e8803e7672170a861d92a164c0b68eb4546cd1104f7552453e17c262e6a30","results/paper/raw/r112_21_INDEPENDENT_MPC_MCTS_cbaf16c87aa8bfe7ca94.json.gz","5f0d7d305e86165529b35fbb14168d82bc4c3082d1b3cce5741b918779bb971b","concurrent"
"ac9b0dc6c0b5e16350cad712af3dee44c990c6cdaed076675cc343c80b3bf800","results/paper/raw/r112_21_COORDINATED_MPC_MCTS_835d8ff63ef8c158cd6d.json.gz","a9abafc039f965c2bcce29a2f78b0af94e1318fe781851a023d77716fe33fb0f","concurrent"
"c1dc1991ff58b3d3432a646e64af97d38dc94e55bd2005cce14c02274add147f","results/paper/raw/r201_21_GREEDY_ca6a069f4f7302ff4ee3.json.gz","e63b9fed72e46f8eb61f262bae3ddcf737355c16ca3b096a1325b833dfb8c828","concurrent"
"1cdaaa401f1fab13c2ea1712839fe87712dd1af8d5d3bc0bd1fe565aa3ca22a4","results/paper/raw/r201_21_MPC_MCTS_H1_a2fd5005d1a28ac112b9.json.gz","3f18acaec606d7850badb132492d56a9ade661fc9015d373d5d9821c95d6fb91","concurrent"
"cc9285239a8099bba512f9ff140dfc115a232b6324c2b11132123a99bb767b70","results/paper/raw/r201_21_COORDINATED_MPC_MCTS_e122d4e6ad9ea42bd25e.json.gz","b25d6c5996f0bd1d54cc88ba13ad4b77d030864c8e9024f0444a004c64189605","concurrent"
"6d4f364b642aea30907ae54785c5e0b9288118d11431b0de6f51d0c9efb898cd","results/paper/raw/r201_21_GREEDY_9be1df6b47a583d75bb9.json.gz","0c350199cea61f61964d9a8398fb1a6b266d012493a73e8bb5a7fdbd84a72597","concurrent"
"18179226d544bd11e70a9cf3f5984ff7b2028d3a510ee6a6cba5a0ce1bf35991","results/paper/raw/r201_21_MPC_MCTS_H1_7f2239ce795933f5dcd7.json.gz","5c05a4965d69e24823e60eeb4fb6f4157ee95cf4d84edcd2b80c9edd34fc4198","concurrent"
"9cae2d2bbabe3f0a6a688e2d40596ac3a23791d0682ed6ce9e0a17d90460acd7","results/paper/raw/r201_21_INDEPENDENT_MPC_MCTS_47a99d7018f8a60b759d.json.gz","f31d214332ad8a5c8c6c90d191d190ac1b35739be705b72a0111855408e72c97","concurrent"
"4100ed9891976928b921869da926f109d57ad573f3a304764fc90b8e34bfacb9","results/paper/raw/r112_21_COORDINATED_MPC_MCTS_196c47aa62ed61c3754e.json.gz","74da3f22700aef43a259c3ce3453cf5deb7fb0ab35dc6c2310f058e950c5178f","concurrent"
"876281ef7db0f00a96906c203cf8bbeafbd3d5174db6e8d902d6cb5255a26256","results/paper/raw/r201_21_GREEDY_c87aaeefa9197cfc10dc.json.gz","2d33b50ba7d698b016bb2894e6fa893fd177ef01ad0b61bb6aa92d0496cacb18","concurrent"
"8f7613c6a9daba4af61bd5c921de36917c5a6d334895b597b97eb3fd6ba30ee1","results/paper/raw/r201_21_COORDINATED_MPC_MCTS_477c077921c80887c30e.json.gz","e50d5cd3b110b3993395ae9ca9bee0c9eb3f9b6725620382465f37838c6807df","concurrent"
"20c35c3686c31e2d466429739bfd757e0b69671bb213f10f598d9ab95ca7d1c8","results/paper/raw/r201_21_MPC_MCTS_H1_a10828a0f88fc3d4605c.json.gz","690d5613c3d1fa5d046b6136df7820efd028996c37f143a75c557877bac93592","concurrent"
"e71a01e1bdf081a165a16e996bf34c5d5d0e0a0e293aa9b98af8c9f88e21dddf","results/paper/raw/r201_21_INDEPENDENT_MPC_MCTS_b97c95e1d0fb57e84537.json.gz","f9ec327777368e721d25de483e4b97e31fe77fe8f497518b39e1633128a4dae7","concurrent"
"47780717db118547f279e4384b11e86284ee21284c0976657e7ea73cff922155","results/paper/raw/r201_21_GREEDY_ad8b2b02b0b49f4e92cb.json.gz","2298c0fb54704c7ad64e920827576e24a5eb26db69786860965346fe5ae0fb0d","concurrent"
"634eba39ea4f5d118932fb840cec6bb8f030669648dafa56cc58cda2684b306c","results/paper/raw/r201_21_COORDINATED_MPC_MCTS_597e0c01eb0386e82879.json.gz","69f707a17b43bfc862dd6d8922eabbec37767207dbc1640c5c6e4778539d5932","concurrent"
"b1b8ed7d0ac657662bb054b3b33f6e1d746f99cf91e99b9582c6b567059dbcc7","results/paper/raw/r201_21_MPC_MCTS_H1_a4e3e71f34de5ce4050f.json.gz","aa809c9f75bc9edd05f86eac1f2c2c3581cbe5b54d9621e46aeaca86b3a3bf2e","concurrent"
"3efb4675a124485597500400ebd086e7611e1904225604698e5c18f0e521fb2b","results/paper/raw/r201_21_INDEPENDENT_MPC_MCTS_eb1b97c4bb6482fca2fb.json.gz","17554740a59b5edebea38ffa27cb5d65f8721cf962bcf8aca77e1681e313510b","concurrent"
"4d5bd15667b51a14b8671a1e5fc73bb53a9f232134ab251c513ef8e7d8c5c947","results/paper/raw/r201_21_GREEDY_75e6a32b8cf488c94379.json.gz","33e0ee833b802a16cc8200edfc27b53fd7331dfe20912860f308f199817bd6bb","concurrent"
"26dab7df916ba1aa6f73692c8f2b719700fececb73f8930cbf5279c9876cfa6d","results/paper/raw/r201_21_COORDINATED_MPC_MCTS_2c89a1735e1556e1b5b2.json.gz","82c3a886591c3d9189f20d3be02073aa286b1615ee5354679cdd49e49144b352","concurrent"
"bfecaea48a988d4cb8af7ab9d4655c53fee3a619388a37dea622acacb92a3ef4","results/paper/raw/r201_21_MPC_MCTS_H1_e9bc13ad4bf0e7dd89cd.json.gz","652e4d7cc515044b8dfd171b248aade81eca2a3c6e319c1155b7d9e3e92888b9","concurrent"
"239fea86806a3d9c1a4058606c08010595ad51a561241d1e2e247377776aa4ef","results/paper/raw/r201_21_INDEPENDENT_MPC_MCTS_c42982e6a48e1cd326d7.json.gz","52ebaf2254c22996eb21e0c0175e41f90e1f7c653b7433bbf22e2f05502764c4","concurrent"
"346707bd81eff5e7b2428898e2580787faa5cb3c6439220af4139a8631946c53","results/paper/raw/r201_21_GREEDY_cb145cb332656a9a62a7.json.gz","10f24bcbb8763ba6467bf54a967270fbbc27d165017ac445377f764ed1799872","concurrent"
"c6aafe4c45b95aee6ac9945ce598788f25cc0f3ba00dc289f9927321adfd7579","results/paper/raw/r201_21_COORDINATED_MPC_MCTS_51126a1d1e9a8cf51cef.json.gz","8b189a1f655e290a8039b57fae7bd09c1955956d5ae1338ca69eac3201971ce1","concurrent"
"84e1216ca22b6c32878815736ea7d6f9304da3dfbcf5e5098bfc1388f6195c43","results/paper/raw/r201_21_MPC_MCTS_H1_1563656b818557032360.json.gz","eb7928b0635368e55fc68b0f66402a0c26ffec188c9b44f650608bfd278ba360","concurrent"
"9e01ebf863b3cf41468cb4d78816d44d0ff711d960bcbe0331cc509c21dc186b","results/paper/raw/r201_21_COORDINATED_MPC_MCTS_2f6379b276179712b303.json.gz","a929c0ae5047630a3b5ab784323fadce912dda5f9dbce30cd4f169c5285b1ae1","concurrent"
"8bd82051d4c5195f9b34d3cbd0d0e958ec67e2038f74b651b5fe56f1b0fdff20","results/paper/raw/r201_21_INDEPENDENT_MPC_MCTS_d520d43f7a04325f9742.json.gz","393ee957b95eed0baae4b0e1769a184fb2f5dec081d59e4b5887090930eb79ee","concurrent"
"4dc7113374c33656b55ee6137d4482f29645653450547281bfdd6c84029dbec5","results/paper/raw/r211_21_GREEDY_bf87d4c18764899bff78.json.gz","518411d74d2c4057cadde400d1be34d9da9d4ec27f5d745ac56a8aa4ca7201b7","concurrent"
"64daa75532e7ea816ff8f2fdec749bbe672b7a2c8a27d2695de7fda5f9f5d7c2","results/paper/raw/r211_21_MPC_MCTS_H1_a8bc09376d3358f5a365.json.gz","381569db2e7596cf6d0f03c54da76abc3f66cdfcbdafe07d259dbd16c67da000","concurrent"
"509978de6b4c4e011301205478d31f728fe944c0190286d056f6ff8724ff87cf","results/paper/raw/r201_21_COORDINATED_MPC_MCTS_32e6a7e070d08dd2f160.json.gz","20d752179ee10318cba815370f737e9e8c0c65e1654b786e9bd27ac5e22f9d81","concurrent"
"320ee9f1232be371b7ffb17495bbdbe04dbad65acce0d5f92a79c873e823e1c1","results/paper/raw/r211_21_GREEDY_9fcb1f9d36e87214a9e8.json.gz","fd8561c93ae187d26ca3ec2469a118b793bcb48a0d312c576f6e14438c3e3d1f","concurrent"
"30f879a222cc09291dd3c200d35fb6a1de3351acfd73a143e865103d3ef02157","results/paper/raw/r201_21_INDEPENDENT_MPC_MCTS_cec038a21468ff67f457.json.gz","e25e07b94bfb68fa9ab75cfa6102d7ac50f4cd7f0d7c8e27c3da3e61e2f35b96","concurrent"
"cd4fcbefbb3f88a3c7232373cdc4acc2f35af9a77528d5a0b6a9d34dbe6a58a8","results/paper/raw/r211_21_MPC_MCTS_H1_14c8419b3410680be70f.json.gz","035d813b2903341c6c4a28c4ea3a150a736765cd1a3ea14051ba765b34f073fb","concurrent"
"99dd0905c29ac246bee8176e5f73d9a59e38839c660d5571194472f27761be64","results/paper/raw/r211_21_INDEPENDENT_MPC_MCTS_2047771fdd2aa63a5f2d.json.gz","3d388cca0605494b89eb88748894b2223a3f4fd4f0d3e9b70745eefdc5978f31","concurrent"
"987618a0184836d03769c61ee6c3b59516d7fbab96b2cee8c748a8b111a1de1b","results/paper/raw/r211_21_GREEDY_5b2f2fec2065a613ca36.json.gz","cb6454ac6021bf73be09538944d350099a72d960bc87b5d6d9c546473aeba640","concurrent"
"313a3d91dc8ec8e3eb4903d66923cd68b5c5eb99dbe78ed8d2190db14698fa2f","results/paper/raw/r211_21_MPC_MCTS_H1_365b02d32b5ce75b8221.json.gz","99e314c99a8190db0ed136bf8034b0450ffdbe88beae054a6711e6ef68c1b76e","concurrent"
"b3635077b941e5f13c94d916422ac2c1d920d1dac222fffef13855775c8e4d24","results/paper/raw/r211_21_COORDINATED_MPC_MCTS_fa0724e3bfc62cccfe30.json.gz","546a20cff0b8522a58b52de986b163f4a9a459f2f427fa1332aea732bbdfeb68","concurrent"
"ad21a2a4e0f2e14d5e455048c2610974db71b09ab1a8eb8f130e5df822742013","results/paper/raw/r211_21_INDEPENDENT_MPC_MCTS_fab7e6644e7fcd34ba0d.json.gz","8b13540734c6c42b2c67e9b7a9fb3aa021a0aa0b6b8f4a010fce7be3cc70c695","concurrent"
"3c758e0d000996ab08fff98c535c711f53db4b0a5a78d2359205c854b6d3b368","results/paper/raw/r211_21_GREEDY_c0d434eabf2a95948ce2.json.gz","2a5a3591512a0bffbc46284879d753f7152b5d193d78f9431d82fd1419fd06db","concurrent"
"684270b8774288774adb48660dfebe40990e1cbf64a3faf43c113396ce80b7ad","results/paper/raw/r211_21_MPC_MCTS_H1_9e8d0792ffc57d824d94.json.gz","d19a95b0d0bed63fb54cc2e900d34b28029939e6332f751df9a94c6ec03cd60c","concurrent"
"8f515858226563cb29a91c6c6756df373d2a95c4c6ed4dd9fda62460a47c7adc","results/paper/raw/r211_21_COORDINATED_MPC_MCTS_5719b5052dd330710652.json.gz","0bd28b01bf9e63fb768b907dc778f63b419b21eec6d058a2fc2f096600e24924","concurrent"
"99cf9a99b200d2692d7b0ce249c1230050d67044a05a227d51b9a1a431242109","results/paper/raw/r211_21_INDEPENDENT_MPC_MCTS_ece5107950992b9b7196.json.gz","d78951b42fbefdaec454b7afe7c23ae8ada8441ac90dd8e8010a4cb4e4ecc870","concurrent"
"0240bd8d5a70b10d3f598b240efa3f029631f47f236adfa070d91763dae219fe","results/paper/raw/r211_21_GREEDY_64f0b8714df8b6448e0d.json.gz","f5e04710a6ab182fd944903fb1949d993eadf527bc70ba33b27eadafa516345e","concurrent"
"6810bfc4a36279ee8ab164cb36fde112402c5757aca4cdf56e0aed1e8dc3c4bd","results/paper/raw/r211_21_MPC_MCTS_H1_ce25d7f2d5a0042218b8.json.gz","6ec1de0b0bd344777ad578454dbfcb4d8e20a0beb7bb8b1868dda2b9f7603652","concurrent"
"e0a639b221c3354136bb92001d2bc196ab183c3f064652bcbc21b94d3ff61edb","results/paper/raw/r211_21_COORDINATED_MPC_MCTS_09c3e10f921ad19f5820.json.gz","27ef4c15ad4e622fefc9e4d4f894e3363b3b2390edc0ef70f0dcd01ef60402f6","concurrent"
"01ccca8c4ecfda9995c4eacd87e9fc807ad452ca21ba9b5954a4c86713c468bc","results/paper/raw/r211_21_INDEPENDENT_MPC_MCTS_7bb99cb84ce518f76f55.json.gz","9784f25a146c283814dfbb134a0d25092f7d97d6eabee30706b7a503efdb27ed","concurrent"
"858f127231f6024a99ba0d23eec0925cfb92d15120474d5a7a082d3b14bea06a","results/paper/raw/r211_21_GREEDY_292dc51b544de3715561.json.gz","dba91c2886534a3fbfbcfd94b7095f27bfeb3f7fd7c73e39b47a5d315927e70d","concurrent"
"8d83891ee5b34709f0462f3416237b3c6d744e17a5cdc2e01cbaaf3a403530a4","results/paper/raw/r211_21_COORDINATED_MPC_MCTS_ce882121a094290b9ae1.json.gz","6f6cbe868e990d502d677d0610f55933e493ee49ff2d32d090e7e5ee34228eb6","concurrent"
"8d8f98ac7f695d2c0f2b89782178e1405cf11cc9e97cd47b2d54ea93d313cae8","results/paper/raw/r211_21_INDEPENDENT_MPC_MCTS_50cb2bb0bc8173fa4b96.json.gz","e6d182f66454e74c245746d23f77e0c736a887a1c9904dec241d9ebbd0484d41","concurrent"
"02a824bdbd75fc7616f0bb662b773a1dc09ce6f93f0991f5c8144b7d5a618c8b","results/paper/raw/r211_21_MPC_MCTS_H1_437866f1262fcaa61b5b.json.gz","adee92c7deaccdbd460f9076ebbe879b703cbf7b92c010fc2a69aafe76b00d4b","concurrent"
"70c19f7619f13224ee943dbd19c28c868685e02ac45d00de2818a401146faa31","results/paper/raw/r211_21_GREEDY_d0a951d6dbe4b838667b.json.gz","37ae265b12a765d192e802fd2e67d10f111e2aa58304311c95d03b5cb1866cd0","concurrent"
"d78f0bd5e3e43b1d31a256f85c93cb85aad30927be852f7f39bcce18fa65e819","results/paper/raw/r211_21_COORDINATED_MPC_MCTS_8236b7063e87055b14bd.json.gz","8fc8a0a1d6d7e71af995d8bb910e4222606a77b773636491276dbe3c3ad9ba21","concurrent"
"65cb691d3aff945ee5fd8cc410a766e67adebaa2dc838daf0bb7f3aa3c2ad09e","results/paper/raw/r211_21_MPC_MCTS_H1_6af67928f9407dd94ce5.json.gz","6e53eb054dadcb7a4b3a8d978d8dff7dbbcc05262682148f439c63da742f3027","concurrent"
"d1c823548fc9ed9c54d4c4c009119f4555f6ebcfa4d20edfdc9ada872b416b42","results/paper/raw/r211_21_INDEPENDENT_MPC_MCTS_e6f6cba61f848db5c217.json.gz","aa0b5f445ef919aa5a53186021d2eb0c76f22c4b38052a5b1f0ffbe5301480a3","concurrent"
"8023a15a5fad1fe2f774122bb65969c7c61026a19024deee80e902e82b56f973","results/paper/raw/rc101_21_GREEDY_35f75e77e2a45d757bcb.json.gz","7267567c936bb455ae50b8a9eecdf3a2f4e2c06281e20d26c8f825af3c8e55ac","concurrent"
"3267a474aacc8045fe6cfb531bafb68c5a59361181a7f7dd1dfa8b075a87619f","results/paper/raw/r211_21_COORDINATED_MPC_MCTS_5522ef55c11f8773d162.json.gz","382bff59941e18e908e347e9101edf49719bec1731fcbd19db871c043f56584a","concurrent"
"9c85cce3a5eb84d037e5dbb6b660f446a9862dd1ca80cd74032fe041d54a2eb9","results/paper/raw/r211_21_COORDINATED_MPC_MCTS_a2b244d3570325f8d5a4.json.gz","ecf375710a20b9713a0e6bec0642a08b6d13db94d12de242a6f5bfc3e7653fab","concurrent"
"d5c333e4e83770ae4ce8e0e176332f022d0b735bc5224987230a0efa4c6a0942","results/paper/raw/r211_21_INDEPENDENT_MPC_MCTS_3537552be10bb4fdaef9.json.gz","c8d034d79b60ba2dce63322c175c4b24c001e5bd036bcb09f63605ea4a949e27","concurrent"
"4ff6f4f53a6719b6b0b6b9d094b2f53f60517d6a44032a1bcb6edc134037d024","results/paper/raw/rc101_21_MPC_MCTS_H1_22665af99969d6bb2fd6.json.gz","dbafbf04a06f9945bbc1ac719bb2929027919b4d75be9804a846ea6f0e7dcd57","concurrent"
"db9d2834a0399a678db07a1bfb79b766c950f4e16459df75cb1b128a0b9dfafa","results/paper/raw/rc101_21_GREEDY_58c18dde0564f1f56b60.json.gz","58abaad0e5becb30479740311e3a668ca8422cb18f44aee9de2f4157bad0da27","concurrent"
"99a71269b4b45c54ff07c8eb705e1a97fabec07b2d740d8d7e556b524fca1be9","results/paper/raw/rc101_21_MPC_MCTS_H1_c6f19e5b59fede32da6e.json.gz","6bff64406097b15f29652c252e2ce45e9a8bfb58e27e55c2b2de13e18c9c2367","concurrent"
"5efed9b60e361324d3dc7b9fba79ff3c0b83d8fddd8f400aac8278be3baef025","results/paper/raw/rc101_21_INDEPENDENT_MPC_MCTS_7242f9077c90f78fb516.json.gz","987858b09265e5fecf20a59f9b7d36e06c183572f5f78f18565c1ce1239eb13a","concurrent"
"ae1a94e993a21784162b9d95b000ed636b86414d0d931f8789b04f1e1fdc431e","results/paper/raw/rc101_21_GREEDY_60694bfaf6ade9c12355.json.gz","155ab00074f37e8c0968568c9a090689f7e3a62ff2a5066c5919ab37df6e6918","concurrent"
"5087737a8142a4eadf6d12536d624e18e0302b6463a956e4a8b98f1deab6d859","results/paper/raw/rc101_21_COORDINATED_MPC_MCTS_0ad4763b26c05c13367a.json.gz","2b512d2eb2a1a823379b694639162879b10b768e2d9cfb3eedbd0400ccdf3ef4","concurrent"
"76e2bdbf77092f53d8761b273ab5600359f2d2099a42cd6dfdfb4af461f25a82","results/paper/raw/rc101_21_INDEPENDENT_MPC_MCTS_8e7a42540b08916f18f0.json.gz","841ed5734937e1729de9ee589dac090239203fd7bd1e71b8f1917b27504b8655","concurrent"
"0b7525ad0a465555b65b58d14bd743cf29042a3f4fc04a34efd1a3c4d30cb655","results/paper/raw/rc101_21_MPC_MCTS_H1_ac0926528a825f251977.json.gz","2a5810fae03016cf9e130f46fc10f0bd963d03921d45e4601ecfc0e36f2bb3cb","concurrent"
"ca89976db89af4414a8cdd5cc10d949a0a54ea1178f5a53c9c5e18bee0ad1f66","results/paper/raw/rc101_21_GREEDY_d40dff841e92815b951d.json.gz","d882be7658bab5291d8a12479a47e2cfcf634e6b31dc093f43909327234db9cf","concurrent"
"5c877168d5409a9f60e2501dbfae5b378074844c89f739c67d2ff95add10a27c","results/paper/raw/rc101_21_COORDINATED_MPC_MCTS_7991eddf30c936a14782.json.gz","9f039813a3ccee61c3a9f7ce224b5547513f634b8dd22fc5f6932fd9f904c37c","concurrent"
"7c1d9e71604da7b441b96aa2cc41b5f7bc78231e22ff8a1b21b58f0d406900c0","results/paper/raw/rc101_21_INDEPENDENT_MPC_MCTS_8be4dcd0393388100e81.json.gz","49515c3e049b4bfe0360d5746fd7a016c4a05779e439fdc45ab66790c831dc69","concurrent"
"5c49ae5be494608ba5c2a0627aec91910429bc5ffd0400d02accec9755a4205d","results/paper/raw/rc101_21_MPC_MCTS_H1_090966b0a293a35c2f18.json.gz","dee2a8beb54492b5e8b9c2a810ff60933ddb03c925bc98c00938f5e4ddf84ba2","concurrent"
"0bf8a53f918553fc005d3ed743c97ebe6edcee4bc1ddc176c6ae8b2a31268651","results/paper/raw/rc101_21_GREEDY_71c23297c06629981813.json.gz","bc63e63cbab3b564f68f89317eaad26963e56096868b6d792f93be0af55a5c0f","concurrent"
"ced7a441e11e4a0f44b21b97c1b625a952211f68d2e3dd2d618895f55d7bf906","results/paper/raw/rc101_21_COORDINATED_MPC_MCTS_0b35397143e38c1098e9.json.gz","af93b609f956193d58e6c1ab00b949b2ad104cf51362a5b6b39475f7052bc2b0","concurrent"
"6ab9fceb03e67ac904681be7265748d0e68354184b57b21947eb7975f7620f9c","results/paper/raw/rc101_21_MPC_MCTS_H1_1a596b7865cace875009.json.gz","8529dae2b1128e64860b26ced82a585820d2843af4259745ac3c9a75b48e980f","concurrent"
"a5c9adfc384ec636aa42ca599d310fa1bf2190a5626fc409cf5e99ce78911994","results/paper/raw/rc101_21_INDEPENDENT_MPC_MCTS_94d8e58b6f985604766f.json.gz","0e90dee6fbe6584edad755e7a54352f4b65e52362c72aa721d634feb716b1219","concurrent"
"254c24bfc25e15cf89818d71041c6d9c05fccdedc140e2798cc35dad3c825cb8","results/paper/raw/rc101_21_GREEDY_ad153985c2ed18821b28.json.gz","9979309283fa89b6a08ebd56508a55fa1cdc19fe1171bde953cb543df6dc39cd","concurrent"
"c6018d0c9f0c7203a0231931ed0d846e7f72ce4cd1eac9eac392302e0138d43e","results/paper/raw/rc101_21_COORDINATED_MPC_MCTS_55c774d9b8a775cf4b3b.json.gz","807e3c2eeb78120684bf75650027dc613e265e50bce52bd9ff71263b5a7040b1","concurrent"
"d4747487b5a70a6e0aaf54b51dfde6f405e86be494e48b2d0e54759e11808e23","results/paper/raw/rc101_21_INDEPENDENT_MPC_MCTS_326ce6f60e6d68beb5a1.json.gz","00c464ad0afb965a2afa6698891cc6791ed970489559545c14df8773270b6928","concurrent"
"b4653862c66e666f3f7a0e377f763394f3858c1bb9515e5aba8a29b7942bc9dd","results/paper/raw/rc101_21_MPC_MCTS_H1_4a0079f7e672ad5ed434.json.gz","8deecf1a9ab6bca14ee565569bdadc7b369689f4ed5543e42fa3948e4bf15ff3","concurrent"
"4d453bb48488fea91fb90bffcd489c13d9bc76741ea37cc5c06692a791121758","results/paper/raw/rc101_21_COORDINATED_MPC_MCTS_4cf4768e11a9bc2fad74.json.gz","9a17fbd1b31f1715d9a23884c71b649590ccd9eb312a589fd6af559f7de84aed","concurrent"
"6ed22628920b1cc8fd482194c33a9fb8b0d485727f8c505b7c505526be700632","results/paper/raw/rc101_21_GREEDY_d5d201351f4c28b39f2b.json.gz","21ed664f21cf45ab4a13c95136dc5dda323ede98e35bd744880b51f43254cbae","concurrent"
"d53e6953345bc8ac50f7448f8f58bcd6e7c9be6155cb0af526434bb9ea06441e","results/paper/raw/rc101_21_INDEPENDENT_MPC_MCTS_8f1ebb38e98ef7c2bd8f.json.gz","7a76f84e0f98c29c8f1a30357eba1a5785383bb9bda112290c9d26168883b193","concurrent"
"77674e45693277612bbdf2eb770bff785826008cc1a211558dacd4549522a9e0","results/paper/raw/rc101_21_MPC_MCTS_H1_598e615c00cc6517c256.json.gz","1861c1bd346cd06a06bb167abd1e38ddcfe5ab039bff3f148150a2d68b5845d0","concurrent"
"af125ceafeed6dea2af96ea39d0200f9a88e3dd5ec243c98fbb048d1c882bb59","results/paper/raw/rc108_21_GREEDY_1dc035df6233d79cf531.json.gz","ec61728ca9a41f7a0d2ec1489e25e0178ca6b29ce0b47a04bc5474d2a0d881ce","concurrent"
"91f8a845d2c9a840cc3520ca774bb989a9d0a1070668ee082d9ebbcd459146b5","results/paper/raw/rc101_21_COORDINATED_MPC_MCTS_08a9d30aeff5a958087a.json.gz","553006e2f6b1f4b4783bc19c898d9bbfd8da7925f4d56cc7b7151150fd405d9e","concurrent"
"bc73b1445e2b7efc5e4f2e2c040263968e9c6a7535a6fe2659eb51771f4667bd","results/paper/raw/rc101_21_INDEPENDENT_MPC_MCTS_8ef30e68b93bffdb7a46.json.gz","9ab084609881ff4d22adc1c68acf4d4305b8c20096e11fe9db078e4048cc29fa","concurrent"
"f6e36087a042b874275efd26fd7b6921afa0191bf36010606bb6094ec01a396f","results/paper/raw/rc108_21_MPC_MCTS_H1_1315bfaf1c89743e7500.json.gz","f3cf3cf9df8fc26bd5e79b8145156a848417a93710be5d78009c0a543cfe56a6","concurrent"
"52276fbb5d81a40a2ab79d52add6b2765abf37f4ae370383da4babd96143b454","results/paper/raw/rc108_21_GREEDY_efd0cdb9621ae60f4d7d.json.gz","222ecb090437061f6878711e4e74bf69fe489597f0908505d63fe96f35e26c1c","concurrent"
"9ec686ab830352c4a76e85d72c0ac50823303880411909600722b8698c1eed6f","results/paper/raw/rc101_21_COORDINATED_MPC_MCTS_9f2fcfe6da35f8db1b79.json.gz","d0f8a0b86ef2d7d451ac9772e93c7c86995d5f7bb52cce01bbd8cdbbaa8fee2f","concurrent"
"8cd5faefe4975a53b70ccd382989276b7b66bf3a24408a4dc09b42496729fa84","results/paper/raw/rc108_21_MPC_MCTS_H1_b5cdb4057f490622f3bf.json.gz","df2db41c03038f0eb47ba3e35aad7c65c31598e33f43548dac9068b9252756fa","concurrent"
"8d3243b9755102317404d2c251d5821faacaf8cb87a2e650ba619bba87c0018f","results/paper/raw/rc108_21_INDEPENDENT_MPC_MCTS_a38d8c05e0831e771008.json.gz","bc39cdf98db70cee72ab8bf89ae862b512dda478b5e29440c3ca1de92663ec98","concurrent"
"39334a50e7fc5fa2af0cc028dcb6b5d01b407158cef912e0482964a4667d0d78","results/paper/raw/rc108_21_GREEDY_ec032255d5dc24f6e7d6.json.gz","0669eb452054ce21decd739b2d022e073736cef5b2bcd9bfd74cab65cbd473bf","concurrent"
"8edb0558534f11fae94b7335acafa56896f8f35c245b0bc364b2bfda6680d513","results/paper/raw/rc108_21_COORDINATED_MPC_MCTS_cb4686614aea79d3c61c.json.gz","56ea29b5c17504d567256bb5a2c6fe106405d47bdf1632ad503b62032c9ac3c1","concurrent"
"35e4eb1b918feddd83a5e66afa4877014d14dfef46cb3cb3ad9dce0f4e431e39","results/paper/raw/rc108_21_INDEPENDENT_MPC_MCTS_1ce7694746c3119cf138.json.gz","fa71a5b97092db08f63b0e91b5d9c1b1d873f4add154a04930025b790e2a0a98","concurrent"
"6355cb348fc70a16f40875a21a51ae8425881cec161d4f52342abaa095722f13","results/paper/raw/rc108_21_MPC_MCTS_H1_03a69987b1d3c3851718.json.gz","5178f928a8350f2fe1b7d6d51a5177afa19b51ef3a56372b5b48b5ae4d0ec3e3","concurrent"
"263f5866cbfd9ef6b7993359da96a466dc3a3ac2ebcfd53d7ac6e58681c6525a","results/paper/raw/rc108_21_GREEDY_375b9d6c2f4a741e3bee.json.gz","c6a2fb32cde9b7a89a82c87f5b7177e16131cd2c99e91f1ce4097fe6afc5b5ac","concurrent"
"044a9083a9dd86a348a1078606661fb064a61826c373ebfe60b363500a881e94","results/paper/raw/rc108_21_MPC_MCTS_H1_8e1f4c98e3acd3778e18.json.gz","d8259e83b126e1180aededdeaa13bdfd4b37fc80bf35b6959d9897d973503990","concurrent"
"14baf034f0ebc5fee3ff12f282cf7d2b95c65fbea4a76398d34c830da21a5289","results/paper/raw/rc108_21_COORDINATED_MPC_MCTS_52ac04835fbdb2683296.json.gz","49f8a1fcd6bc79ae3d5013aaa32db1418c3e81ad49bc00d1342a2dae25734a98","concurrent"
"d59fffdc67dbb1b563625a5d083f2f363de9c756b2e861f9ef46f1e0b8e449e0","results/paper/raw/rc108_21_INDEPENDENT_MPC_MCTS_18f6ecbfc1dd28ce4889.json.gz","b5a963e44a78d866dac8908e4761a3291cc266bea9782a52e9bf77d9096b1db6","concurrent"
"0770f74c84e5e07e1c612fa839dd13932fcdf60edf24e0664c48027589b61e53","results/paper/raw/rc108_21_GREEDY_aab5ec3c9a82d9dc7cf0.json.gz","36655dd6368288fe87ca4efa85c82bcd221a5ac4d6f9fd87cd5634082cc51434","concurrent"
"8f0a70b218af4cef9e3bdf998e886b06e88e088454e5d250c78ef771c3df7d90","results/paper/raw/rc108_21_COORDINATED_MPC_MCTS_68606ef020ec86e66901.json.gz","a04cc3ba2721f35a4472e2808b2bf3ff0939ac01de6ec31373f1418add35744f","concurrent"
"0d3714e9c21cce18af9d1df67cbf0509b9d9cbfbd2c295f7d7af97b740c107da","results/paper/raw/rc108_21_MPC_MCTS_H1_a9e432005393ebe8d237.json.gz","f5f03b1ad17d3c24e462ceec1758ac38a8e311125e394d1c1b2802eb34e8c052","concurrent"
"4fcb1818bc257143a55e31fc686984352e7559c2a1e9566785e9c9d66110bb68","results/paper/raw/rc108_21_INDEPENDENT_MPC_MCTS_83a671450dba3e65976a.json.gz","a34400a33cd16bf9f2fe12388de503eaa71afc386cb6113b3a2cd770ed47aaf8","concurrent"
"43b8591ee087d8d8d6985a337e46adc29f64fb9d0e00187a4dda7110ec2a039a","results/paper/raw/rc108_21_GREEDY_80e04711756deae29911.json.gz","6a85b154d786807cf0f610d1f74c09d911a9ae495e9bb7d6bfbdc1f4206bdafd","concurrent"
"425ab247a094149c39bc2faf43c30b1fd81fba38b4d2d5370e5efc9278b2e0aa","results/paper/raw/rc108_21_COORDINATED_MPC_MCTS_8cfcb51f2fcc9bd3ceeb.json.gz","fdd71896b4aafd6b5c4028a7f5919961c4431cfb8048299bf43c1d3fd0ecbe38","concurrent"
"7584c3581a11b686120530c54f6276ecdbd616900d2fe60638d93ac9fe8ef685","results/paper/raw/rc108_21_INDEPENDENT_MPC_MCTS_e1a00a9e52d98a5aac45.json.gz","6723d0134b97701e10bca17536b8c3da281000cd58ec00957914b310d73f688d","concurrent"
"7873339e8f30f898bf07d051a342123f3031b78f9358fca47d9b60c11020194f","results/paper/raw/rc108_21_MPC_MCTS_H1_6b20be818573186982c4.json.gz","bacebe875085f9011945913228397a4b641a5ba463226b80d5d146481f82b8d3","concurrent"
"e85fd6341a85ed06e89d8cf2aaa2a222fc48243da540cf11a14845e6a61b1ac0","results/paper/raw/rc108_21_GREEDY_9c8c43a4eb95b7aefb83.json.gz","9a3280d9b94bf023d6705869ad5d9954d1b11424b4dce366a0c1c88ae1f23fc2","concurrent"
"396c262f508dcd2afa9e23175359e963330e9cb596b064cb0d9e5dd08961d539","results/paper/raw/rc108_21_COORDINATED_MPC_MCTS_29628ed681b3fc0e5727.json.gz","29bdbd37030865292692a529b66ada6ef7839008a1aec16c1518853b54d02fe0","concurrent"
"4d348a98d463f003ad5fa228859f739beffb274c9971cea9a0eaee3b3f7f03e6","results/paper/raw/rc108_21_INDEPENDENT_MPC_MCTS_eae6dd547287ba14738a.json.gz","aaa0b52519e86fbc65ec86235b8275f091fb56b3f31fdd9b4bb281ced1b2aace","concurrent"
"bc91bbd40132fb10560282d1526bae0e1be1d79cc4f4ca049c8eafeb8e5d2f68","results/paper/raw/rc108_21_MPC_MCTS_H1_2d22357d73b10fac1a45.json.gz","9c42f2b09062d68741f12b73f809cd523feb1632bed23428b2ccd19785b441cc","concurrent"
"11ba77ff0f017d11c8364ddbb7c49f192e9e9bd9c098144061f76cc84e68cb14","results/paper/raw/rc201_21_GREEDY_f32aea092ea179a4e77b.json.gz","1c106bd0c4d2ff6cdcb313c03e22a6ce938ab4825e5c21119642d5376c684334","concurrent"
"ed89ed004b0aa770dbf71c13acfa015a61f9a16b748d74d51067fef6fbb2b51e","results/paper/raw/rc201_21_MPC_MCTS_H1_950ac88ce4137d4370d1.json.gz","a3a4a07971dbd2ecc22b09aeb8d1e17275c4ef5d17bfd6d8a58a78c55fb781c6","concurrent"
"3d73a288c6ff12284ec7c792d1bf418d7ebd46ecf30e989a58074adb550464ee","results/paper/raw/rc201_21_INDEPENDENT_MPC_MCTS_93772e61c4865842406b.json.gz","373a2a4279c2642d0dad88e3ea7384f757e36cc772ef4b50b0648f0d3ec21061","concurrent"
"dd6083098631a5540682fa53559d384ca3052a10233b5fdfb7e71f09e93f8387","results/paper/raw/rc108_21_INDEPENDENT_MPC_MCTS_9d68e29a29ecb5633d56.json.gz","244d6f3804f944e0a8ad034a591b1def78db8980099630d540472eceb7f21b0e","concurrent"
"df41ea5b3e80cce04eb8f53ae1ea8f65afa6db0bf2075f7357754492b5ba1f24","results/paper/raw/rc108_21_COORDINATED_MPC_MCTS_d5798367c13ebcf6a841.json.gz","5f0f6b71adc7274eadc4a7533a12353156faa3e472e61655e70fde4349fd5260","concurrent"
"1d1e3a7a19a696f6650b2b79c4b6ff4113218105dd91780ff87a45f0e55ed6d7","results/paper/raw/rc201_21_GREEDY_e714670f010e0d8f4619.json.gz","a3c672c433307da2f006c2724e8e17356905c33a2fc7a35ea50e6124d9c4a83a","concurrent"
"b2453ced00e439093e1595b882bfc2d450ea70c032553f07bdc2ec32080bd090","results/paper/raw/rc201_21_MPC_MCTS_H1_fdc8f090c432aed950e2.json.gz","f69fa6651c23221d3f78c669b68c92a64dc0ed18d2f34ac98bda07207ee01ed1","concurrent"
"4dda0647328b5c0c7cd37bf7fc0411bcc3d761b44a9038097e50dbe80092a529","results/paper/raw/rc201_21_INDEPENDENT_MPC_MCTS_d0248023e3cab3c7a25e.json.gz","8705d02d03e3591695230703d51cd4e940f440acc6b56223bae9615380dcc436","concurrent"
"311b3b76c7e99c1c29eed7651f46a73584a64efe28c7d631116ce0bdee86a2e3","results/paper/raw/rc201_21_COORDINATED_MPC_MCTS_0355d65f2f837bea4f19.json.gz","8509a4ad25275ccced4707b07d568c9440f206fd67484f3161f3cf93159b579b","concurrent"
"eecd5d3b47d0725aa4fb45fbffee9e11d2bbbeef440fcd4ad0b93c4b51c2ee05","results/paper/raw/rc201_21_GREEDY_9ea0ec54c5347520579c.json.gz","8b357d5922d6a5868dcc461fe3af15797883e922ec0ab47e2e6bac2fddf63618","concurrent"
"59d2cbcf6f8674bb927ae29db31c6821127f69ca474cd0ec6aa24753ec7cf6a8","results/paper/raw/rc201_21_MPC_MCTS_H1_147eb5bc7c83d5d84bd6.json.gz","2b2c9c1d1d341a42e7500146aa9345ca6722ffffc8cb50a30b25787fc32681a1","concurrent"
"f9df5875301d73426b5879c2a2b34f0342ac1148ad7f573ecb0fa71ee62e78a0","results/paper/raw/rc108_21_COORDINATED_MPC_MCTS_b14f12230351ceadba9b.json.gz","8368e7dd6732ec5c8f829c039fcd7ec14d9324149ab6c8269b49b78c9ed6d676","concurrent"
"03f7a68858f027eeeff2279ae0d33266949013ee2f07870f81938078ed739b25","results/paper/raw/rc201_21_COORDINATED_MPC_MCTS_2e72af1fbdb0e44b469d.json.gz","eff65701919102d4f031f2ed92cc99aa81efcff8b459e4aef79c10a8bbdec860","concurrent"
"e8b7cb4678a8161fdde233a1be3df80bf511bcede4496b4d043b2c703a180303","results/paper/raw/rc201_21_GREEDY_1a476782250d899f8cb2.json.gz","ca80cc681db0e3f61c747b4b77aa9c0359ae32b686265b55edc36beaa4c13343","concurrent"
"6f18552dd4c76e3a3e60e93a5e5f8c1007644fa645617879d9e899bcb31ed764","results/paper/raw/rc201_21_MPC_MCTS_H1_345da831bc00b25bca7c.json.gz","3b44089afb227f2bbc844c0d1f7f5040b2a5adc463b4ecfe68557196f6aedee1","concurrent"
"1264197a1d03229b54da9830417785160e25243f02846e17427ac916b5c0d239","results/paper/raw/rc201_21_INDEPENDENT_MPC_MCTS_849a3f7a5563ec39abf4.json.gz","ea49f8dd70e23d6bb24dc6c4e565b65e82b6bd84dc8b31c63b5a4d4981350506","concurrent"
"80cbeb38c962710cbba35221b090b58c740f464511391686db17442c8f615d4c","results/paper/raw/rc201_21_GREEDY_0ed89409549505288cc7.json.gz","adb7f8df86cb7b4d35e11f66ec77bb92cd238b4d7384b0cbd4ef08fd2cbfaed9","concurrent"
"afdc6e4639038aea219812a3f052c4f5ca6dd8900e53f4570d3f573a5c33966d","results/paper/raw/rc201_21_COORDINATED_MPC_MCTS_56377d1ba1343c9df3d5.json.gz","314c722393b27cb2c9f8b75ca951f45f90709e1ced577972818141993101eb10","concurrent"
"3c76bd54e980b31107bf70096446e1f85b0475a11bca149cb360df01f47982ec","results/paper/raw/rc201_21_MPC_MCTS_H1_67c1abe3462e7e481729.json.gz","9c266faf7fd7335d1a5f305367a1f1967287d532fff49da7adc40396a3b67d74","concurrent"
"dc5ae4751b2eb156a2b67d60b6ffa3d1eb480c99c710d69fa6b89b61e7b1f88c","results/paper/raw/rc201_21_INDEPENDENT_MPC_MCTS_e9629ec55a716bd02c31.json.gz","fb4df63908507e211e52d47ac7da612215fbbc835cff23c9560f5314a6bf93a5","concurrent"
"2ef4b327ef497990bd310ff9d5dfe22fb4f72668869f66a918c5ca7394180b9b","results/paper/raw/rc201_21_GREEDY_662d568f55bb7ec8c42d.json.gz","79d5334f804e866724381291374a6e83581eba6a101c94289baf4ba1d2624f39","concurrent"
"0a6e498da838009960afd3bb06cc69a37e4c54ecf84cf6b0cd097adfffb23ec5","results/paper/raw/rc201_21_MPC_MCTS_H1_defae9ac62d1d06e4c00.json.gz","b7cb13e7bd836c1cf87abf053b1c8c3f7e119be4a1f8436fee28b537ddc0e8e8","concurrent"
"843a9b2c4898fc3814ceb85ac909f1d79240d91bdc88e42ddde383592f11e422","results/paper/raw/rc201_21_COORDINATED_MPC_MCTS_529a8bc0fd382610f932.json.gz","7c6c3b351f4f5e2aeb6ae1d3621822e65c4f2327082aab96b5fd6171d03297ad","concurrent"
"bca0df7fb0261b6487a52d5ddf04ce2f7739f35b2af5a1e61170b545ee4d458e","results/paper/raw/rc201_21_INDEPENDENT_MPC_MCTS_b047ebeb11b360ee9b97.json.gz","54b66d8d28d7a99539c4518ef80293db0a7457362f44f519c3c27d59338bfc19","concurrent"
"f4a0dfc34f4889690c90433efe68624d04282e64fe670ede6675701726bfede6","results/paper/raw/rc201_21_GREEDY_84d9e3c8e3d231bd3e38.json.gz","76df489ba61956d7386ba44b1e6d7c16538b5a4acca81276cdfc3711b805e7a7","concurrent"
"0c41926234ede14196d63f0efa7a30b27f03d8b5cc65414daa0154df2c5ab586","results/paper/raw/rc201_21_COORDINATED_MPC_MCTS_a8c2992e131e6b2abb9f.json.gz","ba1ff7ccc80921155cd2d2638a4df89fd380248e95b01bdd1f0b677c65d70631","concurrent"
"dd9f25afa0b0468c2ef30d58c1ef8a72830dec79547596b54bde18372be5d0c0","results/paper/raw/rc201_21_MPC_MCTS_H1_505e7b204f1b7d09a767.json.gz","180e7577c5cd740becd7facbb9b8c4bdb5e260dc8c3f71dd8063a78de527b2c6","concurrent"
"b0f76b089ed5e62bac9578a390bbb9e09b306cfd85875e5dec3539d80b665434","results/paper/raw/rc201_21_INDEPENDENT_MPC_MCTS_31b1821f7d4612a3edf5.json.gz","b96dae62504401c1d47260cc3bd6390a93f56f5dd6fae0b3f668ec6d1e790c94","concurrent"
"d5cdc3a64acc85790bb19d173cdf98a68d52d5f7dc3a95676019eb3cc46299db","results/paper/raw/rc208_21_GREEDY_8b679874db833de66852.json.gz","b31fe9d6af6ed505ee98fbdbce809efb02baa5a4725087fb7486aa13283dd85b","concurrent"
"d9f41e1dee21bdb7ecf0e50db6e43b6cd582e77cca0d1d3e90ffde117292b6c3","results/paper/raw/rc201_21_COORDINATED_MPC_MCTS_7604a18632f393fa2f8a.json.gz","6b3eac65dcbfd12f849d0229b25d6c381776eb1c72d007dc75da82f64d069f01","concurrent"
"a41f91676b0d1cb0e800eef116bc98577cebe2161d81ac44e7eda30c4f4468e0","results/paper/raw/rc208_21_MPC_MCTS_H1_b39d07d6feb51f5153ba.json.gz","0710a1c13672900f35058ac38443625a684516260b0fc41e457e66c1d5d9b2ed","concurrent"
"753bbcf5b79d54e714a5900f17bb1976517fb8e54a5063cfa9980e94e9921627","results/paper/raw/rc201_21_COORDINATED_MPC_MCTS_fc36bf4b9918210b4873.json.gz","3f7e613a2da76703dfd4b89b14359d1d6407752050a5d2ef2ade3246e8d8a956","concurrent"
"cce7d40bdb7777ee42d70ba10ce3370d0951ff71bdc1dd41db55e68b8e86f8d2","results/paper/raw/rc208_21_GREEDY_718baeef0359f6a6d765.json.gz","e55129c60fe3e42e6f770c65c559322a85fbe91deab09b0a92004b91e8fecb95","concurrent"
"66f14fc6a0355bdd764763d47a37adb12f233f553423c29111fa034dfd473d4a","results/paper/raw/rc201_21_INDEPENDENT_MPC_MCTS_55668226c45c9ab4d460.json.gz","a48c1813b1179722fb2ce13a0642b93a2d51c3096048890139ca63afe06f0954","concurrent"
"fe1e9013e8bd60040e6f971b4d29c492d7feeee4212e3a95f596a8b1b1de04e0","results/paper/raw/rc208_21_MPC_MCTS_H1_e2e547cf5dc3671e5cd3.json.gz","9dc35f2035a8f824b47b25122430dbb8bd80a7f658482c389b3d736aa251b911","concurrent"
"23685e391ec4acc876824a170f3e8b3844557889c357e9152fa227880b011cde","results/paper/raw/rc208_21_INDEPENDENT_MPC_MCTS_6d23b9f8eb717a60ad94.json.gz","6eac5070e96ef5cbc1e08573d1420419a5bbf348a678383bc1c0096906a15718","concurrent"
"94282ff949df442ca73f12f9ec81174349d12e1eb1826202ade1d5dc4742a4ad","results/paper/raw/rc208_21_GREEDY_62b1e77d38823aa75737.json.gz","790dac1717401d648865ee3d216515d82166186aff10669ae73c722920859236","concurrent"
"fceb6571f58dac0a5cb3f8ee7d06db9260086bb1ef94611d143ff0a569c8ec5e","results/paper/raw/rc208_21_MPC_MCTS_H1_d373acff06b287742775.json.gz","589b36ecc250b25fcb9a2d617715773aa88acf8cfa46f94777184849a20537f9","concurrent"
"bceae2ca5f60cd1718476ed11b86d753ad914f8b030f8efcdc0f2f956857784f","results/paper/raw/rc208_21_COORDINATED_MPC_MCTS_996f50d44aac2b57b79a.json.gz","9057a8ec1b96a32ace5c1d648e948d9b21e2f7c2f9a0f218bf7c6d31f20f910a","concurrent"
"331e94754bc46dd51fef53f290d96f5d7731162ab93ca70a252834b49be624bc","results/paper/raw/rc208_21_INDEPENDENT_MPC_MCTS_794ffeb8dd3e1f1e4c13.json.gz","8911d61ebc7a5ffdb83ea251f4d170494842477a590dbbca469b94e2e5e6721c","concurrent"
"93711e4759d8b973e30f829a3e9c44f67a4e34f051b864283dabe7d1ccd483fb","results/paper/raw/rc208_21_GREEDY_9dd8b64b092b39710dc6.json.gz","66bd3d61a1c766f50bf3184c3b1fa0465f46648048927ec15f6b246254f83bb3","concurrent"
"95a15e2955b00f4e14536bfba8e418194d6f6571b74f3b99678fefcfefb73762","results/paper/raw/rc208_21_MPC_MCTS_H1_a44747da3c877d5028ec.json.gz","aed664bb86626322647b5866776b3c2fb7434cb288952349a011e748d57aa5e9","concurrent"
"5e562fdd903ead253158b57c2833ad4214ea093e993e14559f11a28e45eec1cc","results/paper/raw/rc208_21_COORDINATED_MPC_MCTS_71c4889cb555bd8aa5db.json.gz","d0324f744341f769791196a0d98586038d860fa36f8e92406f5e61e6aa8292e2","concurrent"
"4d2c6d25833f1772086b8d26af218f755c97f1fec134a16e0148d4b2a3a3081f","results/paper/raw/rc208_21_INDEPENDENT_MPC_MCTS_89a368282a3aa9027935.json.gz","4f222d43a36be6e2e6384121ce93a701d4c8cec2db79bafedfe1a0a80e594bbb","concurrent"
"7ce368126275f7aac6682aa24352795eb6639d345324226e49e79a4617879579","results/paper/raw/rc208_21_GREEDY_62e295822c60cbffa580.json.gz","5e9c8882296915ba43c8e3d15d420c6070d1fb02d40c5ca1743cfa709af655ef","concurrent"
"dc55d6c8439299b8ec0074d8698589d3f989efc2bd168035017aff2860a82354","results/paper/raw/rc208_21_COORDINATED_MPC_MCTS_afe20445d22b5ce61ddb.json.gz","6e43f6aa0d536126cc507d89eee6d62ddc445ca708abdf4f5c1b36495da06520","concurrent"
"8941fb638e5b7ca20bd3789b0c7af893359bf3fac7d95d5d0bf4bc1714674203","results/paper/raw/rc208_21_INDEPENDENT_MPC_MCTS_2398b0c6c7e88019308b.json.gz","92c5740b5f1309bc24953957f70e46f34b6e8dc3da28e5aa4bf320a563e0147f","concurrent"
"0fc0ac6eb6bd13bb09da985e7ab459ff67959e6e497d6cd133044a7997e05ab0","results/paper/raw/rc208_21_MPC_MCTS_H1_4cfb8cd863f0d9c69708.json.gz","91d09610dc1ac747037a5165aa3c5a455cad26f5d8557e59967c0e98a4476045","concurrent"
"513e0e45419a82b415e420788f5aa0ca0144277cadb6305a76622598260a386b","results/paper/raw/rc208_21_GREEDY_d0aae04c43f3430a2e61.json.gz","aeeb88330e598faecb1f47e5cd7e834021bed5341495aa36368b13a39136c82d","concurrent"
"ce31d981221dfeea7f3c7d978748ba9744b9984f5847aeec77f5ec892bbe3ed2","results/paper/raw/rc208_21_COORDINATED_MPC_MCTS_9cedbf2c463f39a15bd7.json.gz","d4176ce8034082dcabce9235b599bdf2078aa2618a14fad7496b95187a074fa7","concurrent"
"408e5a4d152b75975c66798df548db36038a9cbe9a722b10eeca6ea8d149e87a","results/paper/raw/rc208_21_MPC_MCTS_H1_258ab40107c21a129581.json.gz","bbd15f1762847974401ed6c8cb566a71a973ebabbece6f10049919609f4a89fc","concurrent"
"2aa4a361fef978ff41170bdf091de9cb53728bb528368287ae150834c6299368","results/paper/raw/rc208_21_COORDINATED_MPC_MCTS_9fcb2cef7d0b8f16d739.json.gz","c2461ec6247edfd8a0a72938981d86afc0ae3dbf71688064ae01d875183d5c38","concurrent"
"607eca1c35b92f5779fcde1331bba070ad411de5dfc083f52b5b9c35c6cbf88d","results/paper/raw/rc208_21_INDEPENDENT_MPC_MCTS_03a82e55b17d22ff2303.json.gz","c745ab160f5e7b9ae5e6068c43a4e321d73b5c8aa29f4b3a8dcba94a39f0e1b3","concurrent"
"fc5cc40e1f7f22d1df18fc3e189941073d9315526bff3b2ceed19a614782023e","results/paper/raw/rc208_21_GREEDY_d492ce7d465818c76bf0.json.gz","85d31dde017737761e2370ac93828c6c307b4c2c971b2e1a893b9da6b619ecae","concurrent"
"e18785ab8a3d4edcbc5bcad7f541db1dfe2f9de14a03f331e28b14c2bfe49ea5","results/paper/raw/rc208_21_MPC_MCTS_H1_0c16568c6c6ee5c72b97.json.gz","d90fb1fa871b5d2950a6769da22296ffbbecdc5f8e9800d170e8dcd2892955b8","concurrent"
"4e94c8988d31b521f5b25035fb6c903cce44b251974ef6e25ac8be3d8be295fb","results/paper/raw/rc208_21_INDEPENDENT_MPC_MCTS_9953e6b44176df3f9f84.json.gz","2b1fcf76515e9aae313da60b30329a23e59baa217a7416ed30f359a086794664","concurrent"
"08951e1546324cc0bb1bcbf88e24f7810e25f382a48a6c2593b181c0341d4bb7","results/paper/raw/rc208_21_COORDINATED_MPC_MCTS_f870bed1d4cc0eda2f63.json.gz","1a572962d271ccd38ed20e8f735b283c5ccdaeb0ce428294973023465c608749","concurrent"
"06d32faabcb6b37f6f9950f8e052c56591b46c1b8cdd4333c576b6c05aeb4cda","results/paper/raw/c101_21_MPC_MCTS_H1_8471e3882eb14380f5c5.json.gz","01fc566f43127fbb6eed8662f53fd846b42f8246ee0a1528da4a91608149e1b5","concurrent"
"7ad2defb7b72266e262b62c6ea0610e2d86bcd736a6068c2a87bbbf7d7001864","results/paper/raw/c101_21_INDEPENDENT_MPC_MCTS_61a3f7562da65d4483be.json.gz","2278fb5a7690289620793527e7f1f295e64a760683ae8642a14c9f90c024238d","concurrent"
"1d88ffa28ed1805c570f27523ed2ac73bb8e1a9bc3b1f38236308c2f8e7c47be","results/paper/raw/rc208_21_INDEPENDENT_MPC_MCTS_8d383db86a846ba99d87.json.gz","d842f2448c07efbeca295696def07909e1b2a48c6e6a340052410a2b06aea4f7","concurrent"
"a9cb31fe8b6decd93706c4a5690954903714d13d54f21516a38b0cc83486d304","results/paper/raw/c101_21_MPC_MCTS_H1_b41297febb19f25ac95b.json.gz","5b517a8e625bba20910269374a2ede1cf601221f3ed6e8d6608e2fc1c66c0ad0","concurrent"
"0a7f71572a0075354af9bfef31d2b69510f0d750dfb47c02c2d33feda74952f7","results/paper/raw/c101_21_COORDINATED_MPC_MCTS_49ee8358b51272bd5bb7.json.gz","69f156756f679ea1a5c5bb10410d05b17802c73e19c7c05b61aa08033339ca94","concurrent"
"74c17f87f78effd0ced19201246395b9d9003ec436d428a826ff248c042b749a","results/paper/raw/rc208_21_COORDINATED_MPC_MCTS_cbe454a651617a2317b4.json.gz","aea0aad017dd83a5610f28e96e3484452747c86ca6970adb96e769224319a1fa","concurrent"
"d67ab60aa41bff7990e46ef9e8324a96b4ee1b05553daf73ed58b3094ff44ee4","results/paper/raw/c101_21_MPC_MCTS_H1_d9aeb20441ec78509509.json.gz","6403671dfeebdc2105c7211aeb06b856a30f5980f1de9bf83210144161c1fb6b","concurrent"
"51ae6c3cd8eb352920b6459ee6614dca8419066419c0f3732d0c2b6d7c82aa14","results/paper/raw/c101_21_INDEPENDENT_MPC_MCTS_30fa8dd0f24570df32c1.json.gz","3609dd393c7320e54626c8779bc5322a05b38779c4a98a7d9f5c4684d5c55045","concurrent"
"cdf43a898c8d2310bfd3c58c2557c68984d93e5073f6d5a9e7b7f6fb09d0722e","results/paper/raw/c101_21_INDEPENDENT_MPC_MCTS_a8444ab387f215e76144.json.gz","554830b97343a0b2dbeee672ef2be4df5cfdaf37b10af44a46eb91c2cda9de2f","concurrent"
"9db8c7f61500aebc91377d53cffa7c8803a221de92a4026c771b10b1c158c1f5","results/paper/raw/c101_21_MPC_MCTS_H1_4989fcbf0884642da7c6.json.gz","4b079bed012f1643b9c212d9bada5cc79ec5ba3e0c9210b8a4f5f28ce8f7eb8e","concurrent"
"4dba6794729b41a8a9c3d77538e5b357dbcb082148fe64e13ca5c38f3891d768","results/paper/raw/c101_21_COORDINATED_MPC_MCTS_f159b7e7b683cbe64ef9.json.gz","a8104a645469fb1108eddea44748e460db766305b310bcf8e2b19f0ca397ff9f","concurrent"
"f602cd33d85d4df616d57e05d5e47e820b38d59ae29fcea9fc31f89ddf564488","results/paper/raw/c201_21_MPC_MCTS_H1_a563b53abf27ca176f03.json.gz","bd8af8f2bcb406e7426598e3369838cdd554cbc4899eb33d474712a6274ec565","concurrent"
"4c63693c38426fe9ab6224ab07e6d4c8b0b6f48f2230b7de411e60e483471ba3","results/paper/raw/c101_21_COORDINATED_MPC_MCTS_2b5728440fb307e51d69.json.gz","6a0ae21a4a8acdb32d7a6babb85c65795d209861713e19538e45ecf9f9c44799","concurrent"
"995be2cf4ffce771ea5089a1743462bbf3fbce9a5fd24f5c0ac4084b9fc38526","results/paper/raw/c201_21_INDEPENDENT_MPC_MCTS_02cd853d4448ffdc5bd2.json.gz","13558e34827b04314dbff79458e2289348c52e441cfab0c888c9e064815ba5a5","concurrent"
"9f94ba42e09a4f01eb832230689bd5c69466a08825f907ea06ff8f7f50f86a24","results/paper/raw/c201_21_MPC_MCTS_H1_e7285c3b2ef976ff9508.json.gz","581d4626a719896805f0bda4b7aa507255b9ec1deab1370f62e321454a172d84","concurrent"
"effcfed0e75c2e834d718a4550aadc9dde92817f17a415c0916e234c0d611633","results/paper/raw/c101_21_INDEPENDENT_MPC_MCTS_320068af73dda5d05a34.json.gz","910f256026aacf8b20bbd8c6fdda36f945731712a737b9e2323ce9ef139f1225","concurrent"
"50eb426fff9052abe07820d21f3da9f2cd0ba05bbd54e30450cc89809046aa3c","results/paper/raw/c201_21_COORDINATED_MPC_MCTS_de6fe3bcb0268088d112.json.gz","9fd9b884a89496bfb80a6bd7b473790a5d5176e7aea1a8b07e68766a407d4a90","concurrent"
"6a9bff4ee8b77b358d828aac770dd4e4d93c615cc63c59035b37b4a6f557a652","results/paper/raw/c101_21_COORDINATED_MPC_MCTS_b49a27b5a7b8f5b51813.json.gz","ae7540c5108bb10719ff9dcc1d96ecbd78c901b39ab87d7990294c5a0d523623","concurrent"
"915fc90eb8c6a1869b77361cdce5493d551957bb2d9960c7d5b91bfa1284e5ea","results/paper/raw/c201_21_MPC_MCTS_H1_0671c0074d3f3d7db302.json.gz","20743dfce3b7b81370d3160746af9dce715e6ab47ee67db8cd41ee2ba7196220","concurrent"
"83faa8fc2b9e0a35f4f20873d637c50be1e4c3c93165c586604e1617e0e4bbb7","results/paper/raw/c201_21_INDEPENDENT_MPC_MCTS_2490b921f551f4a98589.json.gz","200e64d8e6155a55b39fc9771a16d09be3bd33194152a8eee520f95615bc9c9e","concurrent"
"a44c44acd938da82b77ebcdb711f46ced03794672a85dbca073c0a579251173b","results/paper/raw/c201_21_MPC_MCTS_H1_4a47b4922846e338f868.json.gz","c0085ecbda88c09474b2617da698187ffba2ab7333a3e20d541170f0532bb160","concurrent"
"7e35eb26010bca92ad6d384fa5f10ccc0429768ce7cc7dea0ed737ee98e145dd","results/paper/raw/c201_21_COORDINATED_MPC_MCTS_b67f75ef79fbeb265e68.json.gz","f892b18d56bb39e7df36c1b7efc09379c26b6a7240dccfb539ac41b666508622","concurrent"
"ac69a0169e72961d09dd7bdc113fd416546bb8ae2cbd9dba09c9c747a135d5ab","results/paper/raw/c201_21_INDEPENDENT_MPC_MCTS_738d4a67d856460c3371.json.gz","77b53428d335b9745afc22f710a2e6da80bbc486a181fe00e82466c2d4297ff3","concurrent"
"5995ce6df4dbacadbb0887d8a2a5b31383154693a80e0738264e385cf2026dff","results/paper/raw/c201_21_COORDINATED_MPC_MCTS_b9550ba7da4ba1fc643e.json.gz","81c5031b126978ab080d8b398b6e4cbc424f5e838761950dd69d3b88d07d134b","concurrent"
"1de6b00f2633d9b721cb5e25a481c8361fe56b3cb5133d7478ec792565c76493","results/paper/raw/c201_21_COORDINATED_MPC_MCTS_c4332beeea2ae61d255e.json.gz","04e60f9aaab548b16b094390aa0e0af2f8fa08ea8c3ca6e7dfe6c675eb091547","concurrent"
"56d8b26039ade544220797247b57cb9b87b6d19b34eca4c11f690284025dc791","results/paper/raw/r101_21_MPC_MCTS_H1_648f7895bf8562d443e4.json.gz","dd7d35890bfe08bbbfd5963390fc2592cfa860ef5b747ea86c2489300b3c2f96","concurrent"
"ad5c671287d97e7e7befe34527769b0140607967c9e45f5c098971220b0bd9f4","results/paper/raw/c201_21_INDEPENDENT_MPC_MCTS_5ad534b2305c0fc5cfa7.json.gz","6ec62f400bede76978c6a39064397121f87e89a752b75c21680dbb5c4bbd1012","concurrent"
"fc59690a1b6d1389e5ef3dc6fa3117ce1b192b4e4ac45be00645732926c97711","results/paper/raw/r101_21_MPC_MCTS_H1_13b56112e56d5628e1d6.json.gz","26f0f04a9ede3795289e337067699456f9315dc3fe8889116615cca4856977f6","concurrent"
"8df8738f246237a26fe788e06dedc05c71e625717602f15daf00e43eafef5add","results/paper/raw/r101_21_INDEPENDENT_MPC_MCTS_6402ba32f1ffce23120a.json.gz","97faf0e651afc0f0ec735c44f1bc9d5d0c7e5ade1ca2de66b22a7b2382226a47","concurrent"
"b217fe00254ffadc5f95c5a2a70962c7d67c19fc14f7f2e07fb8a2cf9b3e2eff","results/paper/raw/r101_21_INDEPENDENT_MPC_MCTS_97e3e4ecd3d996d4a14f.json.gz","45231d1fb3bc3e713a29adef1d356d20165d5cd7906ff00521113a926d86e02a","concurrent"
"e08b622cf62ebfd25d4ba1525c2fc2950c90ae5663097f7853a3ed2fe902dcae","results/paper/raw/r101_21_COORDINATED_MPC_MCTS_45b7fc33a21348e45482.json.gz","e15d2170691b5cf668694339a2f5beb9d029ef1971558aee23a24856e0d3063e","concurrent"
"348752126dc9b1abde794745d3700cf4698011e398bdc1ff27e939056ec01130","results/paper/raw/r101_21_MPC_MCTS_H1_6081e295f838dee238b8.json.gz","b08709290cdf35521146c22ea40b2079a994ac6256d62bfb9c8692a4b5436c75","concurrent"
"9a308ee253f92016813b440692d7d919fcc608e67b361e71f1c4da1a00b4ecb5","results/paper/raw/r101_21_MPC_MCTS_H1_09b2907050c2bd369a2c.json.gz","af0b7fc83a3d3c69726771429bb198adea69e636e2e310c2e5169b3088693c94","concurrent"
"a6cccfada02d6b4be3be6bce19ad1ebe253b776fbe5010f676bfb8ba572f2b39","results/paper/raw/r101_21_COORDINATED_MPC_MCTS_6aeb05459a1592784331.json.gz","e3328564651842d4601722ffd8191cb1d29e4ae2476005aea318ff353b741c4f","concurrent"
"4d04d558afc5e90b801fe3e831d33732bf4c97694f7c32a56898079a18f98c0a","results/paper/raw/r101_21_INDEPENDENT_MPC_MCTS_b3b708dc4c516ff288ea.json.gz","a6d7dd7fc1cfaab859acfbc7782205e02651559d5cbac0dee9fed92772c7015f","concurrent"
"fb4d9d458a719f1707d3ba7fe2d09bf8f611ee96897f086d57bb2f0dc8bbc717","results/paper/raw/r201_21_MPC_MCTS_H1_7a37e2be410a377479eb.json.gz","7917931a8670c07e75f9980708e8b515560800f4b895657fedb92f7ea8a557af","concurrent"
"2faf5dc2b731efa19500db4c371d58cf07923bdb5969f084daf4da66e6c17b10","results/paper/raw/r101_21_COORDINATED_MPC_MCTS_c93c88bb280d60dac743.json.gz","826e50909a79f255213ffe74d558cdf0c5950f6db2348fb8c6d29eda7d2e4f4b","concurrent"
"4e1d389f8ed4abbec2b712ad76372f0e15a4522dc4f46b54b5d83fd164f91083","results/paper/raw/r101_21_INDEPENDENT_MPC_MCTS_b1c4e827fb4d2c786565.json.gz","eda93164e7154df8162608f8b10049f2232eac5f7b1e431436938ad93f5f9510","concurrent"
"319273998e5d6d1aaf9b72d064b768f3b120b5e39c54eb7577a9ad3681474630","results/paper/raw/r201_21_MPC_MCTS_H1_0ed5649b52a99313d06a.json.gz","2b3ab2851a817ed90afc4cf7c1ab402a3beee7446adbe2903931d35078ba481d","concurrent"
"51b20d56d1d2715f946ef5d668ee211af2044be4a71c414c7521be3b927dd133","results/paper/raw/r201_21_INDEPENDENT_MPC_MCTS_938bd65314afffa2940c.json.gz","7604adca9b4b2898439829c1b2ff93f10ef598a622e85a0695c6fd19acd62ab3","concurrent"
"b4d295703acf6a5fb4ed92dc40bbea8c7f4cc8496615bd1e883d6077d9ca8ce3","results/paper/raw/r101_21_COORDINATED_MPC_MCTS_d530a1ad9ad752ac5694.json.gz","4aa589a25fd7b070cffc3e21b3148acaad25e92a022b4ad489f6e33e7b74bd94","concurrent"
"7d2f9d4d7ecbd49ccaa18efa975de02893cba8b73cba9707862de547286715d8","results/paper/raw/r201_21_MPC_MCTS_H1_eba0721ead6658708618.json.gz","0f36a70c773494f85bb274b38ab328276caf1ddafc22ee02903b2eded44980e2","concurrent"
"614dd57d6f92bc6d3308b88bb4aa7dd847ee165def164d962784fe051d1321a8","results/paper/raw/r201_21_COORDINATED_MPC_MCTS_746bc5136a22c01d0955.json.gz","5f2b125dff59523a40e00d787d170ec68569b9a86ff8f707379f2c930cef97b9","concurrent"
"1e42b3f2e6cf6c1f457bd4878b9fe0b030304d2d95786538f4960ec7fd3a1ee2","results/paper/raw/r201_21_INDEPENDENT_MPC_MCTS_c0451e16ddb639372841.json.gz","7ed5e9213f570631a4082f61fff57055ce95bba41f3fd5af1ee0e2dacb1f312d","concurrent"
"f127ef65bd8d7db0a4fdb449f2e86e9c95f751e5bda5d626c25a4600f7f61eb5","results/paper/raw/r201_21_MPC_MCTS_H1_9e981928778a15c8af36.json.gz","7a67657b7cb84059c652b37095bb07505e2a08ff867a0f5ddcdfb77b3f517655","concurrent"
"6e8603b9a4fd31a031f0a99194f8f723645500b4f25bf851ccc1da9a8b51c455","results/paper/raw/r201_21_COORDINATED_MPC_MCTS_7186794dbc204cd0c9d8.json.gz","05ea09ba9b40783f4f5d70de9bfbef01078ac8b00413242d1bc10b9707d8fea2","concurrent"
"87306a467ccce4a934b5deea67e1e94a3c88100baafa6d8bdc0d96876f5116ff","results/paper/raw/r201_21_INDEPENDENT_MPC_MCTS_680739154b65ecee71c0.json.gz","ea01a4a6542815b9d2bd95398b15d2e55975d25c20ac26665246571699d63498","concurrent"
"22dfc38f183bd84a02b186c3ec71eeb68f16a452509fa3f8c756f93927d51a00","results/paper/raw/r201_21_COORDINATED_MPC_MCTS_ca582ef9c8f7b3735a06.json.gz","67cd5111cc86b78f83b91c1687329b85b684b25b8b3e1f06ec25f77bda7fb162","concurrent"
"536dba01fcd34f4090c4589a2ffb678eccc980225a5d090ea8c5dc8243548c1f","results/paper/raw/r201_21_INDEPENDENT_MPC_MCTS_06f6c9827e705f2a8acc.json.gz","7b4911a71199cf97d0866c9c1e36c7621eb7a3ce2eca76544303a5adb25f702b","concurrent"
"fa190e381d85e99f700706b6e110ed82666cd546cd1ca8649d048a926994c3f3","results/paper/raw/rc101_21_MPC_MCTS_H1_b5142cf498745b8e2d86.json.gz","6d410b3b1665a5a759263006e1eecaf99377c9e66497103fa6589058a97d3d19","concurrent"
"5f2fffff1e4e56b392236bfe8220c5f75b69483ace9442333c4f89e44edb85a5","results/paper/raw/r201_21_COORDINATED_MPC_MCTS_102a90141309f81b7b74.json.gz","58655f2150615faa9f81cdb04fa5c51dcdd25f57017910c43ccd353db1a63cd2","concurrent"
"cda4d91179708376072b0473cbc32417ae5df18b7a62e924c619bfd247d106e8","results/paper/raw/rc101_21_MPC_MCTS_H1_d2a50e47b8f63eba5ce8.json.gz","6690ec421d93a53dbe218050a4990a2841824a022ce7d96be04e958ea744378e","concurrent"
"7c9c7e40841146a2f3a015db9f4e536127f0a61022c334560c4d8e976fe58541","results/paper/raw/rc101_21_INDEPENDENT_MPC_MCTS_9105d39bb9331f7dbfd7.json.gz","bc4a35c0ff29eebe7d1de993f7d97a76d674e8604b058ed5c2f4525a2d7eb15e","concurrent"
"2e2e59946409b5c6edebe99183e6de9fa3a871e6770617be593306d6d31ad2c8","results/paper/raw/rc101_21_INDEPENDENT_MPC_MCTS_57677ecb109c910fbb50.json.gz","97cc9e169ebeece1eb6d7ab91f6c1d72d28f5a31903f491ca352c7591c2f40ac","concurrent"
"a38efe6a3719131df35addd384e4461912cf3fc5debf2b9736a40938cf8d3091","results/paper/raw/rc101_21_COORDINATED_MPC_MCTS_bc3907d46272061ce3f8.json.gz","e7fc8e20955fa78363fd6e28af1b9636c20f83d0ca22e6843423c38ad9003acb","concurrent"
"6202a67a6e1a3bc034558ebead9de1a86469fec1a95d2965a80515a75231bbe2","results/paper/raw/rc101_21_MPC_MCTS_H1_916e5a3c71fca167c671.json.gz","b618deb54a9ece047f4ab293889faa6e3a664f1f4bfcfbd722ded438278e7cb5","concurrent"
"5b422935a1bda812b023c944d3c0c319b8f049985ada4d3fe5876828bda51f78","results/paper/raw/rc101_21_MPC_MCTS_H1_c3ab7e2f8d2134ded4d8.json.gz","e07791da741ff2c79afa0b605097f36f4dbb921542dd5b0e17b1a2c8a6391c62","concurrent"
"6a529c497efa6ae40807f9b4ec0aae2db6e6d76cce0a4330845f71d61c9b5cd4","results/paper/raw/rc101_21_COORDINATED_MPC_MCTS_a82ad2aa1a1c9fef4e5b.json.gz","15d71cfff710d1913382aac8eada57728dcd10ac60c3dc70698c104f1b53734c","concurrent"
"b0f549eb2815e89df06d0360ec2cc0a3cd72cb50ab6b26c8d5b9f21e71543ee2","results/paper/raw/rc101_21_INDEPENDENT_MPC_MCTS_b9b93d25f535777a52cd.json.gz","3138d5fb0c1783f648a04431c7f64f19365c72f445884f2f2a7d50cad169d4ad","concurrent"
"dca56822cf9416f54bc4518d54770c51e484979f3ed3f8c6cb65dd5f68666866","results/paper/raw/rc201_21_MPC_MCTS_H1_d2062bc699238fa07dc1.json.gz","0994c1b60283cb1a10820e4f207c32e6a8e6891077b5b4bd4289bbbd85da8c0d","concurrent"
"b9e4bb81dc2217c709193a53eeaef17f5d15cdd956b13785fabf171d3f08b2f0","results/paper/raw/rc101_21_COORDINATED_MPC_MCTS_c8d1d61473b12f9b2225.json.gz","7d5abecaaa41c896f3b0fc3fbcba43fbf51b915ff81a3fb111ccd323b1f6cec4","concurrent"
"3695f57eaa7e3275e34b2a20df1290f2a1166fdf57d1634cf5a0e8d4355fb034","results/paper/raw/rc201_21_INDEPENDENT_MPC_MCTS_2313667e8041019e58e3.json.gz","772f54bfe84d9149be280c428693d4ce9512c4effdf5566a51f20d89f821fb3f","concurrent"
"4badd97ac24f14145f8e13ad046ccbf76e30594845f464112f47d24ad992c606","results/paper/raw/rc101_21_INDEPENDENT_MPC_MCTS_a803e14517ec88fd36d7.json.gz","14af0cd00e13db0b0e3952c7fe828e3484baf449f665b7830d104f284c798aa8","concurrent"
"c2243e1037014af0ab7cf537ccf3d81509342ede4755d6167213324e6dad6c74","results/paper/raw/rc201_21_MPC_MCTS_H1_f7a98765bc1b864b128d.json.gz","3d1bbf041862f2646816175410da18542bf786387e051bfd3356dc44686fab2f","concurrent"
"b5864f49dacf38bcd8a00b324832a7bfe319098f3aba256a0840bc8643cd016c","results/paper/raw/rc101_21_COORDINATED_MPC_MCTS_eb7086e338078d810e71.json.gz","adfb090f9bb6d1fcdd73ff75e793dfe804fee5059f0d3361595625bc9f80fa92","concurrent"
"53199b0d9d765381b55589d1b6b20a6fd57ba2eeba0163d11a4d0f29d37aca2c","results/paper/raw/rc201_21_COORDINATED_MPC_MCTS_e7f6da5c2edb086c817f.json.gz","afb0d78c51e28a8e396c813e313aea2e3f359a4eece07973fedebd8cf5b71535","concurrent"
"82a91bd3810cd1fbe00dcc8c93aee121356bc366d500e09c68d15c90b0b258db","results/paper/raw/rc201_21_INDEPENDENT_MPC_MCTS_42524857fc56fd44654c.json.gz","2a13ef515c5c1a30c4a58e872d67bc282c96c7288dcdecd21e21e53ce717d63a","concurrent"
"983feaea67449c2fdd56133733728ea4825325eee83b2c8d56db4211ad0657be","results/paper/raw/rc201_21_MPC_MCTS_H1_89fa5a2fff06398ee953.json.gz","285ff69a4031930dac5a704fecb1e10fcf559b7267b1ebc071e31572ac0e5807","concurrent"
"fdd0a6bbe983a3af5e8ab1866b2779bbb8e6835c81a17baa5b6868d383d95ccb","results/paper/raw/rc201_21_MPC_MCTS_H1_f13492482f5534a182d8.json.gz","a79f421e92cdb449552edf201afaab6edfbeb99bbc5593ecf6fd09258c224099","concurrent"
"46d78f5f7d964595f559c08880d1571bc3eda1ec3765bd068c0ba6b40386aa22","results/paper/raw/rc201_21_COORDINATED_MPC_MCTS_873523c1dc3437a60e65.json.gz","2be2c33f7a1d4fac1675c48541fc3887859c19435d76238a202b793954901f83","concurrent"
"8ad85085405ca91161d23632622c1713cb8553a61680661a3b2cc34564685894","results/paper/raw/rc201_21_INDEPENDENT_MPC_MCTS_15434c9d2869acc24933.json.gz","64065f6f8f349c2d7fb5c76c485d16b8e8651acd03703dea32a7e25ba217a64f","concurrent"
"3ce28c1549391a1d9c0ef30357d5841c620a76ea57a631c12d9de51296058af5","results/paper/raw/rc201_21_INDEPENDENT_MPC_MCTS_21628b6d9f555e760195.json.gz","13d4c775fd00af0f7f35ed0e19beddc0747292239510f882b1f9a960b3807c0c","concurrent"
"f15919ee099cd574caf4c6f64d1fd4a6a43fa5295c7b8975aea7fe47d8809ba3","results/paper/raw/c101_21_COORDINATED_MPC_MCTS_cbdf77c46fa763d4f4fc.json.gz","6c05b5aa47a995b48d5ede879f16f79559b8dcbf6481252c547f4e43d9eb47ff","concurrent"
"23c0e8616e3776fb16ec00d66bd26db36a211470077c800d276a3ca8f8ae3ce8","results/paper/raw/rc201_21_COORDINATED_MPC_MCTS_85c0980248064b29236f.json.gz","91c5c0cc38ac4117501d7c16692a3235ca4b067d556a4abe327a8b10ff157304","concurrent"
"4b8b73bb8ef1ea169ce961199283089e8b5b45bc2636862cb81bdd2898b78b81","results/paper/raw/rc201_21_COORDINATED_MPC_MCTS_3ba602292e10fe1e9599.json.gz","1f352ed5d535586e7fa3768e83227f957a3b00972d2ded57177225ec16e8c1cb","concurrent"
"3e89e32a7afa872e42d6ec25bf2f9e0f991efa51a9df2e8ea47ab496d48761d1","results/paper/raw/c101_21_COORDINATED_MPC_MCTS_934ced8441918b498bf5.json.gz","c2dafaa2cb3ae8d1b94b4d732e76f114394cdee95d8a40e5be1417d6cb529085","concurrent"
"826a652637319857157b6c4b80ffe8fab9b348930d1a307e370523d7636e95d6","results/paper/raw/c201_21_COORDINATED_MPC_MCTS_0431f07b7fe93aeaaa54.json.gz","9678c046cb21c6b0d04e1af3fc6ff2b936b705fe773a7e552ec1b4eaac8a37f8","concurrent"
"dee4fa7d287de58c856e34307c3040370636c23d230bb622ca76f7a5a2734f6c","results/paper/raw/c201_21_COORDINATED_MPC_MCTS_5c4199b2d0cf4fd18749.json.gz","82764863eefd2abb5887504ee90b153a26e48587d58c812cd3a5303f12dc2efd","concurrent"
"824ee2a439b4c29f49b7bdfe2b591291a9fa70f1bb77dac9c2814329b5b4aac6","results/paper/raw/c101_21_COORDINATED_MPC_MCTS_464098878b574c2e625d.json.gz","0a98e960df4a45bb603b7820264eac0724da1aebb3ce730a6de0121c19b61d75","concurrent"
"123643214815707bb0426fa6e15a1deb94a8e257f2b99bb2159b90ebb3643c1f","results/paper/raw/c101_21_COORDINATED_MPC_MCTS_8827600396053d106725.json.gz","edc5d973281b10d893688ec0efa0baf2c04ad80e60c6f9d68ac90e6ff10afb07","concurrent"
"71001e2ae552e84f2c9dfdacdbde7f710226937f823b2bdaf607b1ec53030cc8","results/paper/raw/c201_21_COORDINATED_MPC_MCTS_17db63ebcc12d8213e3c.json.gz","6da5263d7c45e79accda7c262af91a67162b8fcaf237feccd4cb8b1c0f485a62","concurrent"
"76aa715c993b0b68e61b03859dac079b95e9a8a58e559684ec94ce4ca56f2a99","results/paper/raw/r101_21_COORDINATED_MPC_MCTS_91df733fbecfb2930f2a.json.gz","8a58df86e2c94b9bf35456f6524e3b7a28f1dbb9fa9d6c42089801b77a347e0d","concurrent"
"5d9602590fa672b4c3d49913b0aaf3e2211578f9300c7bb0b44954ea12471dfc","results/paper/raw/c201_21_COORDINATED_MPC_MCTS_8285003debfb723af3f3.json.gz","368d801121a16cc545ae91987938d9c94c2a507308a3210b0b6bf2a79081f83c","concurrent"
"c1e9a4d5600604ca28022fe1440087d55a9bd53be16e4ac1b6c0db8e40aab953","results/paper/raw/c101_21_COORDINATED_MPC_MCTS_88e960b04862d6e8dd9b.json.gz","24ab4dd3fe5011a816e7f30653352582401f789e851be6590ab806122af19393","concurrent"
"1ac2820154ef83f2168b8bdb238bd8d2b98f56d7d517ec65eb83590947bc2087","results/paper/raw/r101_21_COORDINATED_MPC_MCTS_158a34065d8767a9ff19.json.gz","b7d9228198f9cef0b27aecd719f6d73db15dd0eb2a839dac75a21d1b913197f1","concurrent"
"005f82bc6c5d2abe7d770fbdb89df9194bb08ebeacc3ac0d1645a053300c4bfc","results/paper/raw/r101_21_COORDINATED_MPC_MCTS_30459d63a4caf5b00b6f.json.gz","04dd929c189182eae762b36688c217d6b74c2675186571454ed9a8d37366f562","concurrent"
"fb085b46bebd35ef3f11f0271c441fbb3f9ee74b687cdee9eefa4c860ab70754","results/paper/raw/r201_21_COORDINATED_MPC_MCTS_d869bde1b66834cf1185.json.gz","2936c4e5833f638d79eda35eee40a951804346c85ee9ca6d3406a2d41aba7dfd","concurrent"
"e2e3942f2dbd922705a6546a5fa77ce37bacb7711b83aa60b71e9a2ae047d9bd","results/paper/raw/c201_21_COORDINATED_MPC_MCTS_5cd56be78fb8e5a1b07c.json.gz","4c317eb256cc7e101ce6136bdf5c6e217311f5faf43570517285403766d50895","concurrent"
"fa21d624e0a76402cb8cada0cdbe1fdcd9377e0bdb95ed60ac3145889e5c0d4c","results/paper/raw/r101_21_COORDINATED_MPC_MCTS_971bdc3889481638aeab.json.gz","05a114de1a05cf97f0ba2a86e95acbb7a0d5f69859d42342d56ec6385253f43d","concurrent"
"4d069094e72bd064ae2c74be90198b314f347f45b3a0e2ddcbd21bdfa26aea02","results/paper/raw/r201_21_COORDINATED_MPC_MCTS_954b88dfb570ba20154e.json.gz","548e4ff3fd1a2c733df835be018a143fd883b947c6613c9e50eea0828b9d552a","concurrent"
"587b9492346bc80e27829d247b09bfa6a233fe145f586f3c0593a3ee8ca6111c","results/paper/raw/r201_21_COORDINATED_MPC_MCTS_9bf27cfb39de2ffe5c95.json.gz","a1dc7ae63f1ec40d79fcab2449c8c8b68595bc5aaa6fe597a8322c85198f2343","concurrent"
"98db05b81387a7c549392d62ffd0db8b38e6abc1bc6ee293f780565289234634","results/paper/raw/r101_21_COORDINATED_MPC_MCTS_ca78c16cdcd10e4655d0.json.gz","56c4b0472d2a36050353ea0855a3a02b80f4aa893af717ad11256c6e3a4a87f2","concurrent"
"13a65383ceb5c1e118b590c329244b40014cd71aee7d499ab31fc8def861ce10","results/paper/raw/r201_21_COORDINATED_MPC_MCTS_bb90fbd217f9b9db99d8.json.gz","214e13ff3e8726759bcf77cc84cf44859cc7e8d4db1be1c2ae5222cdab27076b","concurrent"
"d4ced845d496333c24ebe5f680ad7bd573ad12a09c1fc640ce1f0984c0e0a3cb","results/paper/raw/rc101_21_COORDINATED_MPC_MCTS_7e7684406d0df8a48daa.json.gz","582aab892a2bb4f3fec842d6a852eeb9d4681f87e098241cc379e0ec21cb9828","concurrent"
"0bd10caadc9c7ae57515d131e4016ee7d20282e88fb833c8527ad31ce62dd6df","results/paper/raw/rc101_21_COORDINATED_MPC_MCTS_564f583aac1dd4a5c80e.json.gz","7973dc0ed4ca76dc233c22fc6410a75f57b0aca7e925a9520110b3d81a0364bc","concurrent"
"ccab7402de0a5a1e73e2d1df27519f44942e2f3a11fed8b275f75ae2782b9cc2","results/paper/raw/rc101_21_COORDINATED_MPC_MCTS_ffa13509c8aac427b42f.json.gz","daead00a4ff04566335e43c19b2f7e856df55a4530f055ed8a5be40b12b30192","concurrent"
"59e60d14106037ba95864076fbfb16d0cad5768507b13b89dac8f3780a48a0ed","results/paper/raw/r201_21_COORDINATED_MPC_MCTS_8deed3d153cb376ac626.json.gz","268b464d4c4cef2ad94726bf0e328cbb6831c654bbd98e5598a65f81f4bc898d","concurrent"
"c09d2700b159471e2d4a0e861287b28831f5acc990d8d8acb35342715f0a8463","results/paper/raw/rc201_21_COORDINATED_MPC_MCTS_d1915ed4d8f8966d688c.json.gz","a4c68ca67ad69e9b6ec14a1baeadaa4ca800a5e7234b138def9d177176a53a2a","concurrent"
"4c4cd00d99fd2375b0abb9ab860f100d67c27c46a58d58be565a753129db34fa","results/paper/raw/rc201_21_COORDINATED_MPC_MCTS_2ba278d27e615b2faa9e.json.gz","9f4afd4c2558ac8f09ec8885482b7913201c4f5e49a063c39c7f67b68b2b01c6","concurrent"
"1dff49c057e5930e704c9dee04a41b841894c54e1dfc4c383eba699b19bebfff","results/paper/raw/rc101_21_COORDINATED_MPC_MCTS_3555e27c5b44171c9ff9.json.gz","f2c05b56d9b253291b63fcf38f0dc8fca52ffcb30edbab8147d54c13d82e5a8b","concurrent"
"4367124061b05af04f517b89e9ddb502c4fcd8a63b6979d443cdf5b887f5b4e3","results/paper/raw/rc201_21_COORDINATED_MPC_MCTS_fe1f437fd9eae15ed3ff.json.gz","f57fb83f2eb1e735cd96a70a35978ba153e60bc7ac0d3e22072803cb12ca7e81","concurrent"
"a5e123208e6a12ae04a15b9d7f1dda0ba876e9b85b649fb87ca5b3f1bf1bf839","results/paper/raw/rc201_21_COORDINATED_MPC_MCTS_10d5854ef50078495598.json.gz","859dfd6167264128d876fc93f2bd9c8dc9ebc400b969e02b45080b59b117227f","concurrent"
"dcd2809ff829103a13aa467c09af3b799459c9519a1273ff5f198b3fb2c6da85","results/paper/raw/rc201_21_COORDINATED_MPC_MCTS_22e3272ae6562b638355.json.gz","3d303b8dd5967d8e18000f5fb0b2eb734c32edf55ad01a970f7700895da1ec1e","concurrent"
"75a3388ec9b3873bedcb904aec77858e0c204c731c376305fee65b5e92f294c6","results/paper/raw/rc101_21_COORDINATED_MPC_MCTS_0d8cc40d39e5ca2b967a.json.gz","6cf0d96495dc43a14812db21084f8eda014d17de9a127febcdbdad48af17a5eb","concurrent"
"1dedc4a5bae9aa0987afbc0a449cc35c1d502acdfb47450e7cda7211e127b8b7","results/paper/raw/c103C15_COORDINATED_MPC_MCTS_4c778855fd07ebd195a0.json.gz","b7974bca5bf589c1d71bcd6c1465616c70ef50c2be1d763d12daada13cf747e6","isolated"
"b359f2e61fe10a6da2ff5616e1209f591a17c432900d63a983bf4e419b75a3af","results/paper/raw/c103C15_COORDINATED_MPC_MCTS_63f815cbf05fa0fc728d.json.gz","07a06d2ce095f3b1efc5c89ec1d66a3b4e89d8273d5bfda3ae64b3858cb5f829","isolated"
"feda7e09195eb6551be3b2c7853c61e6d6d6a8ca9abd741efe1676a8ade0829a","results/paper/raw/c103C15_COORDINATED_MPC_MCTS_39e348992547f3ffaeaa.json.gz","54ee2e49d70fb55108a64b65e92947609321a63b2fbb42f14b571e6d08a434ab","isolated"
"da0e96388813a0c4674ee200ae7fdfeeedbc3c8b569932b2f32b5b61feebe57b","results/paper/raw/c103C15_COORDINATED_MPC_MCTS_a4c27e21658cc073cc78.json.gz","4357f960e206787f1c010606baebf07cc5b5237e8e07cdd6982f8eabce9e0180","isolated"
"266c8bb5c823ab002a648a1efbec51b1abd4fb2b10ee35fd97d52978ea59455d","results/paper/raw/c103C15_COORDINATED_MPC_MCTS_f1325c96c25cd9b7999d.json.gz","3c22841f3766e53e13aa2c950f1e299d943723dcaa0de3aa88b2d1f42fd206ad","isolated"
"5ded3524e5ce5eedc2f2e0dbb208e80452977752ede26a092df973c5a0e02cca","results/paper/raw/c103C15_COORDINATED_MPC_MCTS_80692402175e0c9ecd36.json.gz","86cd220d8bda5cf2adca7766072b1e824853aca833826aee8508af1b3e21e5a9","isolated"
"a56ee1733b5216c23c39b670f2588f17c76d931fa9afc7da297984d2d5f1aa19","results/paper/raw/c103C15_COORDINATED_MPC_MCTS_b4d0735a0254773ef0e4.json.gz","b5793fe80f34d88a7f7028ab04ca70ecd9af74c3056c162190b359cefdacaa33","isolated"
"23a90f8685ad4ece838f63796fb2ecb527cf3abea67a922ea814ddb4935def0d","results/paper/raw/c103C15_COORDINATED_MPC_MCTS_a224f70c29765996207d.json.gz","0ce39c1a4119b26d8b3e7ded020ebcf30cc927e590ca48bf698fbe1ae9e77e83","isolated"
"0d7f4f90c3a976679ade219d1350871c74edef9b4adcba80fb756dbe00fc9ae8","results/paper/raw/c101_21_COORDINATED_MPC_MCTS_7e05a01fab6380eb7ede.json.gz","705a91fc5ad6ba17843373a1ce2ede0f46b78d02b1f56ec261dc9408ad03ebdd","isolated"
"b463b3073ee798d3cc44b6df7352279837282d8dc50fd1a6a52e8b5edc6e77f0","results/paper/raw/c101_21_COORDINATED_MPC_MCTS_5b0c921a28af5f573b2e.json.gz","bc4a6c3e7084bb7e41599d9c00fac80e778c62b198d534828fa3603c9c15392d","isolated"
"edaf669bfe792461b27311dbdc6a9d903fe4bbe1f158918c4b5e1619dfe2c89e","results/paper/raw/c101_21_COORDINATED_MPC_MCTS_fa9703f1f112f003a5bf.json.gz","a6026a77aef45e1016d64c39547910663a35da880d491cd2fd78eb4362cea0f6","isolated"
"aa69036c5b0af1454f8d438e939bbdf550e00e69b25683485b794f2b5e68c040","results/paper/raw/c101_21_COORDINATED_MPC_MCTS_852680b430bb87bbba73.json.gz","1db4b2b748e278568224e8af9c1a9d183037dab23a78335324310b2aa69dfb10","isolated"
"629b801336937df2e77a03ddf15e56037d930f2f1929f32cc57237298fc895dd","results/paper/raw/c101_21_COORDINATED_MPC_MCTS_eff9cac002ae2a9f3a39.json.gz","9e0bb5cf31ea9a92c235b8d5504000f1df856ad3fe7551491f58050c780f9ca7","isolated"
"ebddc2e8cf0a01736c8540edf4cce1011addfb46305f47222308ef30d6f87a75","results/paper/raw/c101_21_COORDINATED_MPC_MCTS_d5478fd602eeeae9e7cb.json.gz","4f646f6bc90a0acfe0f6a8532563d3de312b859a38610019aa47598b470543ac","isolated"
"f3b3d69d51f2d66eebdc210cb3b90814e91320af8a9d4fdc12a5ecae7de0c345","results/paper/raw/c101_21_COORDINATED_MPC_MCTS_6c25706b84caa4e97005.json.gz","270470d40c8d62476ea39b8f9db2f75e1ff104ad3941a176242a81078135e8b0","isolated"
"4bebfa80fac9123c4a385f59ee1163baeaeda6fc3c650232275931f3edee315f","results/paper/raw/c101_21_COORDINATED_MPC_MCTS_d0098d915a06ea067da2.json.gz","147a6a8f1b701250f32f9dc84db5a2847267ff77e613def1d9c2a26403b2fcd7","isolated"
"2b570d926dc2d2ce52ba6c775500c552cc80899e496b06e373cf57195135fba1","results/paper/raw/r101_21_COORDINATED_MPC_MCTS_a28e618d7af4a14343ac.json.gz","1c2b92c5c1a468762f162bc7222f1edde0a5ce8dd2ed2158a177ff22aa58f7a7","isolated"
"56218aa1dd41bdf81911eb312c0a2ae35c803bcd253d7f0230e3bed6a910df73","results/paper/raw/r101_21_COORDINATED_MPC_MCTS_11b12511b848e3505832.json.gz","9653eddd38dd6ef6dba1a95f6942c62c188b7681ea9881fadcca069d7c692d87","isolated"
"44e9a7f60a66b988fc140a6f75620dcb97592f5a3a5de716d6555cda6a491351","results/paper/raw/r101_21_COORDINATED_MPC_MCTS_7e2a8a5320d0e9cfe047.json.gz","ab97aba2c3479b82a8ee3d20b8f927e7d041e3650270790882150317cace7938","isolated"
"103bf2e8f380899c775ad5863ec9653bd15bb51a219ef900b4140b5bbcf83413","results/paper/raw/r101_21_COORDINATED_MPC_MCTS_6db82a61c8044a557deb.json.gz","5d5f60901c383ed171cdb2c7b7c709676542feb79a5c2a93aa13a64555019093","isolated"
"b78dac468bcc38f37cc6425c3cb40827e276343c4d73607d53ed1e3e734d7086","results/paper/raw/r101_21_COORDINATED_MPC_MCTS_dde6df8a28c0bb16811f.json.gz","e72c7a5ea67ea2d6f78d5b923c8a905a57a18efb110d8a0161919c832541ae31","isolated"
"173781d0fa06519b629c4e052cfb1839184534aa61763874a921cab1f920d984","results/paper/raw/r101_21_COORDINATED_MPC_MCTS_dcb156dad8d1f7351cc2.json.gz","e66af145b4f918875274c7a50ba28441692bc11eba24188f7021d1e2f9981695","isolated"
"6213e057ac25ac5f8c4efb0afba41765c0ce96b99c1364006af1a4b3e673aca1","results/paper/raw/r101_21_COORDINATED_MPC_MCTS_4d69a90b72e4856e8d91.json.gz","594f4a4401ef876e9862f97b2c2c6ca4ee74773af55c8e5f0a34e37a8c9f5d59","isolated"
"535c6fe2476fa382ea1728de352aab07540f945f1d2f62d2b71ed62a22d70f5a","results/paper/raw/r101_21_COORDINATED_MPC_MCTS_a3f826e87797cf209a27.json.gz","c7479d44a0f19e20f9e7a501108a021d6fd10be07fcf4caffd810efbbb7b285d","isolated"
