DoD_realized,DoD_target,K,algorithm,algorithm_seed,instance,instance_family,instance_sha256,number_of_customers,number_of_stations,reference_schedule_identifier,scenario_identifier,scenario_seed,agent_replans,battery_violations,capacity_violations,complete_service,conflicts_resolved,customers_served,customers_unserved,decision_epochs,distance_per_served_customer,duplicate_customer_proposal_conflicts,duplicate_service_violations,feasible,final_return_feasibility,hidden_information_violations,maximum_planning_time,mcts_iterations,mean_planning_time,mean_unique_intention_coverage,median_planning_time,nodes_expanded,p95_planning_time,service_ratio,symmetry_reused_replans,time_window_violations,total_charging_time,total_charging_visits,total_distance,total_energy_charged,total_planning_time,total_waiting_time,vehicle_activations_caused_by_coordinator,vehicles_activated,wait_selected,status,run_id,study,ablation_factor,action_space_reduction,budget_mode,cache_transitions,candidate_limit,charge_fractions,charge_target_limit,charging_mode,control_horizon,iterations,prediction_horizon,station_candidate_limit,time_limit,top_l,uct_c,parallel_agents,execution_profile,source_sha256,distance_complete,structural_valid,failure_class,reason
0.0,0.0,19,COORDINATED_MPC_MCTS,0,r112_21,R1,004d91650145be584ea6392f9bac9bef40e22a63e0f25f4e87e04fdbd2278b0c,100,21,5d2d688393ea73d7304b019a41e95c98d2c011a287aa79b62d31a9462396f3d0,b7a3be2f5950432dc5a3eb53c7d3358b7e433c080f09965d80c2d3c3bb3e7cc0,0,418,0,0,False,18,83,17,110,19.557436642333037,18,0,False,True,0,2.191229399992153,6688,0.08273572999857028,2.909090909090909,0.041688150027766824,5024,0.15286821996560318,0.83,0,0,326.271482099647,24,1623.2672413136422,709.2858306514065,9.10093029984273,1519.7356022855604,19,19,292,completed,00daeedf22b4938b3c281088092b5ff343c954b7c4feee3144577855b6ba0e00,B,baseline,True,iterations,True,12,"[0.5, 0.75, 1.0]",5,partial,1,16,5,4,0.5,3,1.4,False,concurrent,06d868f693a728ac1102e913d6ba675227fc8ef9ccd5c18031507f8350390552,,True,incomplete_service,Not all customers served
0.5,0.5,14,GREEDY,0,c109_21,C1,c139ad52f11e291a5e17b4aa03bc1f1d6ca704b7b2c1a1cec53489d1e749664f,100,21,0d2eb63aa77ae4820451c6700ab15c2313f31fb84696cb2d6ac992ec86825cd2,e17a6cd3c034df267ce886dc17221778388b31875d35653ff5c2051cfa9a1a7a,1,314,0,0,False,35,86,14,118,23.422827510306472,35,0,False,True,0,0.016163399908691645,0,0.002466777117599307,0.8305084745762712,0.0018397499807178974,0,0.005503550026332959,0.86,0,0,3422.9883477962526,19,2014.3631658863567,1009.7310760460922,0.2910796998767182,4126.64848631739,0,14,195,completed,0124355ae2874a33acc0f404bc1f9ef8ce5ac84649d8a6574ae30e69c801962d,B,baseline,True,iterations,True,12,"[0.5, 0.75, 1.0]",5,partial,1,16,5,4,0.5,3,1.4,False,concurrent,06d868f693a728ac1102e913d6ba675227fc8ef9ccd5c18031507f8350390552,,True,incomplete_service,Not all customers served
0.75,0.75,21,INDEPENDENT_MPC_MCTS,0,rc101_21,RC1,272a3e58d53d4ba9516f01506164cf8a9b98bfeeb8dbd1fd62f6557e4c98e3a1,100,21,f4b729450b2911296fb332aa2b29aacf3be08754cc2c811f83ebe8617dc4124b,c8febc0a16a5803a20aec2fa43f5e006273b3a3175c87dfd3d9d2499ec9cefb1,1,275,0,0,False,36,74,26,122,30.745434602155303,33,0,False,True,0,1.0787641000933945,4400,0.044033822126411756,2.1065573770491803,0.025210299994796515,3445,0.09688533495063885,0.74,0,0,334.31354520211335,34,2275.1621605594923,879.7724873739825,5.372126299422234,1147.0047033523415,0,21,146,completed,02c3d502c5de9a752a53ccc84f9454a28c10f3ed99d0ad195cf34aaa8e53d2c2,B,baseline,True,iterations,True,12,"[0.5, 0.75, 1.0]",5,partial,1,16,5,4,0.5,3,1.4,False,concurrent,06d868f693a728ac1102e913d6ba675227fc8ef9ccd5c18031507f8350390552,,True,incomplete_service,Not all customers served
0.75,0.75,13,COORDINATED_MPC_MCTS,0,c101_21,C1,c5cda6ca63a7d518902cf4b02d98b4aa0f373aaa0658d5c666d1c46d38871cb9,100,21,18cb8c56a43219b437afb391f11d42a3c7d8056ed895f0cb721b15683964ccb8,84f34fd06fac25b59de209fb55a691c40bd8d2473b063086839fd033f32ef971,0,221,0,0,False,7,67,33,98,21.64101180200847,7,0,False,True,0,0.9459244000026956,3536,0.06087374694084711,2.7755102040816326,0.04477665002923459,2609,0.11215879992814733,0.67,0,0,2001.3473075625504,21,1449.9477907345677,590.3679373340857,5.965627200203016,6114.193743166436,13,13,120,completed,02d100f785f56a6a43a940574a44596ab299e28da6dd2ff688455b5feb12e47b,B,baseline,True,iterations,True,12,"[0.5, 0.75, 1.0]",5,partial,1,16,5,4,0.5,3,1.4,False,concurrent,06d868f693a728ac1102e913d6ba675227fc8ef9ccd5c18031507f8350390552,,True,incomplete_service,Not all customers served
0.0,0.0,3,GREEDY,0,r211_21,R2,79349433753cf23f69aef92bb7e6c6847b15e700badf73129a68b6d1e4915201,100,21,f5f653fdaa766d74cd1a39f415cfd36e8b89d8dc0495415d6d46521b2921f804,35b8f854d7aa1716cf4fdf94372e30f81168181cae1876725bfd713af6b1ca7b,0,55,0,0,False,2,43,57,51,35.79920358810969,2,0,False,True,0,0.01817350008059293,0,0.0023235156766924204,0.9215686274509803,0.001752199954353273,0,0.005134599923621863,0.43,0,0,101.89079307206403,4,1539.3657542887167,926.2799370187639,0.11849929951131344,928.743452639219,0,3,5,completed,034bdedfd627d3c5cde35eb059626088aa32cb742351c4feb736e51fcf179120,B,baseline,True,iterations,True,12,"[0.5, 0.75, 1.0]",5,partial,1,16,5,4,0.5,3,1.4,False,concurrent,06d868f693a728ac1102e913d6ba675227fc8ef9ccd5c18031507f8350390552,,True,incomplete_service,Not all customers served
0.5,0.5,3,GREEDY,0,r211_21,R2,79349433753cf23f69aef92bb7e6c6847b15e700badf73129a68b6d1e4915201,100,21,f5f653fdaa766d74cd1a39f415cfd36e8b89d8dc0495415d6d46521b2921f804,08cc6ebb54fc6c6d644681f55d3a42e7e85c66ad22b41e8ca5f764f6a846cb51,1,44,0,0,False,2,34,66,42,32.150570976870405,2,0,False,True,0,0.006639000028371811,0,0.0022604071280165087,0.9047619047619048,0.002024300047196448,0,0.004718529968522489,0.34,0,0,64.08902090662959,4,1093.1194132135938,582.6274627875416,0.09493709937669337,1502.7915658797767,0,3,3,completed,03e7ed194516c7b2cc553435a5130e8c5e273c1d7a08f7b975426ad15829843c,B,baseline,True,iterations,True,12,"[0.5, 0.75, 1.0]",5,partial,1,16,5,4,0.5,3,1.4,False,concurrent,06d868f693a728ac1102e913d6ba675227fc8ef9ccd5c18031507f8350390552,,True,incomplete_service,Not all customers served
0.25,0.25,5,MPC_MCTS_H1,0,rc201_21,RC2,05de9a222789707ffcce07b31776e71b0ca87b7f72f5c0d115af11e39f2a2841,100,21,897b06b0a5232b4a55582c72c913db9299981a7e26d5f99ab9087c2a494b608a,1cffd630a231ea07ac1a3e5805e5ed94bbc3dcd44c88cf467d0c267994048883,1,51,0,0,False,5,33,67,36,24.448218527596378,5,0,False,True,0,0.06856019992846996,816,0.01778695277365235,0.9166666666666666,0.014560149924363941,699,0.03701674999319948,0.33,0,0,0.0,0,806.7912114106805,0.0,0.6403302998514846,3648.372276956084,5,5,13,completed,05511c66b1d7b4b559e94e60afb8f7521d85576c54b816159702e57d05fe2236,B,baseline,True,iterations,True,12,"[0.5, 0.75, 1.0]",5,partial,1,16,1,4,0.5,3,1.4,False,concurrent,06d868f693a728ac1102e913d6ba675227fc8ef9ccd5c18031507f8350390552,,True,incomplete_service,Not all customers served
0.5,0.5,21,INDEPENDENT_MPC_MCTS,0,rc101_21,RC1,272a3e58d53d4ba9516f01506164cf8a9b98bfeeb8dbd1fd62f6557e4c98e3a1,100,21,f4b729450b2911296fb332aa2b29aacf3be08754cc2c811f83ebe8617dc4124b,4208fd31438639b8f67328ae68f1c1d5b20c3c87949003fe710e9a91367b453d,0,224,0,0,False,23,72,28,107,28.052826260410896,20,0,False,True,0,1.2764796999981627,3584,0.046754195326591065,2.457943925233645,0.022149399970658123,2906,0.10820497992681337,0.72,0,0,200.13330367523912,27,2019.8034907495846,526.6665886190503,5.002698899945244,1434.2100458218288,0,21,104,completed,0758586bbe01dadd83397a90260b40dcca88bd3e729d5ce5386a6a49fc136ae7,B,baseline,True,iterations,True,12,"[0.5, 0.75, 1.0]",5,partial,1,16,5,4,0.5,3,1.4,False,concurrent,06d868f693a728ac1102e913d6ba675227fc8ef9ccd5c18031507f8350390552,,True,incomplete_service,Not all customers served
0.25,0.25,5,COORDINATED_MPC_MCTS,0,rc201_21,RC2,05de9a222789707ffcce07b31776e71b0ca87b7f72f5c0d115af11e39f2a2841,100,21,897b06b0a5232b4a55582c72c913db9299981a7e26d5f99ab9087c2a494b608a,8eb9a86c50f8b35f4859b78c97c81d7e7f84df5067b747c21a7bd71d8d264d14,0,59,0,0,False,2,32,68,39,33.03796474194317,2,0,False,True,0,0.6104122999822721,944,0.08717243847413322,3.282051282051282,0.05685659998562187,768,0.16046645998721945,0.32,0,0,8.747450277697478,5,1057.2148717421815,62.481787697839124,3.399725100491196,3400.2399473759306,5,5,17,completed,07621bce3d2ad2a19628a361a6cdbbfb9b2b0d4bc788b9d5ce5150f9c679fe0f,B,baseline,True,iterations,True,12,"[0.5, 0.75, 1.0]",5,partial,1,16,5,4,0.5,3,1.4,False,concurrent,06d868f693a728ac1102e913d6ba675227fc8ef9ccd5c18031507f8350390552,,True,incomplete_service,Not all customers served
0.0,0.0,3,COORDINATED_MPC_MCTS,0,r211_21,R2,79349433753cf23f69aef92bb7e6c6847b15e700badf73129a68b6d1e4915201,100,21,f5f653fdaa766d74cd1a39f415cfd36e8b89d8dc0495415d6d46521b2921f804,35b8f854d7aa1716cf4fdf94372e30f81168181cae1876725bfd713af6b1ca7b,0,62,0,0,False,2,51,49,58,18.57188212873125,2,0,False,True,0,0.4814762999303639,992,0.11396013275350861,4.103448275862069,0.12759834993630648,934,0.20226143497275187,0.51,0,0,24.264541232315864,5,947.1659885652937,220.58673847559876,6.6096876997035,1514.6131404195544,3,3,3,completed,07cae7c765be0b778ffd2823b2eac4cf945f0d393baf8d24ba6f31b62e72a5d3,B,baseline,True,iterations,True,12,"[0.5, 0.75, 1.0]",5,partial,1,16,5,4,0.5,3,1.4,False,concurrent,06d868f693a728ac1102e913d6ba675227fc8ef9ccd5c18031507f8350390552,,True,incomplete_service,Not all customers served
0.0,0.0,21,GREEDY,0,rc101_21,RC1,272a3e58d53d4ba9516f01506164cf8a9b98bfeeb8dbd1fd62f6557e4c98e3a1,100,21,f4b729450b2911296fb332aa2b29aacf3be08754cc2c811f83ebe8617dc4124b,d7f793efca1a287c6053bb0e05d9cc416cf3f6c49bff344cacb15de3f1f4abbb,0,467,0,0,False,77,72,28,111,32.67679351485395,77,0,False,True,0,0.032395000103861094,0,0.0034652684651617265,0.7477477477477478,0.0025493999710306525,0,0.008981749939266592,0.72,0,0,324.3672286942961,21,2352.7291330694843,853.5979702481476,0.3846447996329516,1642.9036382362196,0,21,353,completed,07f3ec5ce4bb877780ae40bc51d459c763bbf7effbef041ba166ee9fcf13f675,B,baseline,True,iterations,True,12,"[0.5, 0.75, 1.0]",5,partial,1,16,5,4,0.5,3,1.4,False,concurrent,06d868f693a728ac1102e913d6ba675227fc8ef9ccd5c18031507f8350390552,,True,incomplete_service,Not all customers served
0.75,0.75,4,GREEDY,0,r201_21,R2,777cdc28fef020cd4df5ada1700f1a95d97eee53d26f5b26958b67cfd8cc51f2,100,21,a7a9d0da162b6556e18050cf8850d4508fc9c75572cd0fad769a8f8e9e43bc1b,544fe5b05546136f58744f3f2fb415c655e05c8d388cb7c1b19bfeb8f8fa3724,1,72,0,0,False,3,46,54,57,28.678198903324095,3,0,False,True,0,0.006726799998432398,0,0.0020295034914293835,0.8947368421052632,0.0018178999889642,0,0.0035034999717026834,0.46,0,0,132.70076246769295,5,1319.1971495529083,829.379765423081,0.11568169901147485,2088.1020879793987,0,4,17,completed,080ff4df7d523c517dfe7e3cced7da29e9bf594039441cd3c4564753e5b05e3f,B,baseline,True,iterations,True,12,"[0.5, 0.75, 1.0]",5,partial,1,16,5,4,0.5,3,1.4,False,concurrent,06d868f693a728ac1102e913d6ba675227fc8ef9ccd5c18031507f8350390552,,True,incomplete_service,Not all customers served
0.0,0.0,18,COORDINATED_MPC_MCTS,0,rc108_21,RC1,e0bbd077f766d20a9e4c89f20604194bd7854b957653654cc6daa8fc729da355,100,21,1333cad9230e74ac53b5ae0fe8dcbb5fc0c14a6a9f561abf1324c241738de4cc,7943efb4fd55c9d3ba1c1b7fa3b64c0fb4f5e53e2024153e1d72da889424e2d0,1,366,0,0,False,18,82,18,120,24.868273462549883,18,0,False,True,0,2.2057954999618232,5856,0.0889883166635021,2.941666666666667,0.05131594999693334,4418,0.12713838500785635,0.82,0,0,338.30886733408,32,2039.1984239290905,890.2864929844211,10.678597999620251,982.6997445031003,18,18,234,completed,093af1fa1c2bb3907586ac56439ba72d5c5e7204092204ac4679fbfe2998c9ad,B,baseline,True,iterations,True,12,"[0.5, 0.75, 1.0]",5,partial,1,16,5,4,0.5,3,1.4,False,concurrent,06d868f693a728ac1102e913d6ba675227fc8ef9ccd5c18031507f8350390552,,True,incomplete_service,Not all customers served
0.25,0.25,3,INDEPENDENT_MPC_MCTS,0,r211_21,R2,79349433753cf23f69aef92bb7e6c6847b15e700badf73129a68b6d1e4915201,100,21,f5f653fdaa766d74cd1a39f415cfd36e8b89d8dc0495415d6d46521b2921f804,f6f4dc4d2aafffb8dddd0f15d73dbabcd328dc6169dacdc36da4fb3e70ae03d5,1,69,0,0,False,0,60,40,66,16.206206987531314,0,0,False,True,0,0.41965390008408576,1104,0.10931077272327842,4.348484848484849,0.12537784996675327,1085,0.19314345001475886,0.6,0,0,35.37429772246367,5,972.3724192518788,321.58452474966975,7.214510999736376,1304.9899360044708,0,3,1,completed,099f2fe7b204e193770e98b40f953a964298c68ac19d0b98ecf6f333e215c654,B,baseline,True,iterations,True,12,"[0.5, 0.75, 1.0]",5,partial,1,16,5,4,0.5,3,1.4,False,concurrent,06d868f693a728ac1102e913d6ba675227fc8ef9ccd5c18031507f8350390552,,True,incomplete_service,Not all customers served
0.5,0.5,5,INDEPENDENT_MPC_MCTS,0,c208_21,C2,6238a471231c4a029781b0059d2394708f055df07192948a8e1e1f462a7ccbea,100,21,711258b6e16dd832319ba5a781e77cc16979b839c32bebf76d9b717a7cbd1531,dd13850e5a4f0617eae79cd862fe9bb53d2688907365f5f526dec3b80f6ee63e,0,50,0,0,False,3,38,62,46,17.354490364752387,2,0,False,True,0,0.3815201000543311,800,0.08518505434546134,4.239130434782608,0.08853480004472658,796,0.1434608749987092,0.38,0,0,524.9627893199215,7,659.4706338605907,229.24139271612293,3.9185124998912215,10127.9148781205,0,5,0,completed,09a8419cb93ad2e637018ab1b3fba7148edfbd386b9ada6e4c13e64308610170,B,baseline,True,iterations,True,12,"[0.5, 0.75, 1.0]",5,partial,1,16,5,4,0.5,3,1.4,False,concurrent,06d868f693a728ac1102e913d6ba675227fc8ef9ccd5c18031507f8350390552,,True,incomplete_service,Not all customers served
0.75,0.75,14,GREEDY,0,c109_21,C1,c139ad52f11e291a5e17b4aa03bc1f1d6ca704b7b2c1a1cec53489d1e749664f,100,21,0d2eb63aa77ae4820451c6700ab15c2313f31fb84696cb2d6ac992ec86825cd2,32423b9b729ecfdc9cd98ec42254928efe6a167b6e297bbe196186ffe41c1a43,1,327,0,0,False,35,85,15,125,25.248751266524426,35,0,False,True,0,0.014480000012554228,0,0.0025428392002359032,0.824,0.0021495999535545707,0,0.005863379989750683,0.85,0,0,3952.0819208536595,22,2146.143857654576,1165.8058763580118,0.3178549000294879,3555.7742214917635,0,14,206,completed,0c1919fd8d3545d762c4bb2af5d4bdb78547c13970e545607ff53bcea75f17d7,B,baseline,True,iterations,True,12,"[0.5, 0.75, 1.0]",5,partial,1,16,5,4,0.5,3,1.4,False,concurrent,06d868f693a728ac1102e913d6ba675227fc8ef9ccd5c18031507f8350390552,,True,incomplete_service,Not all customers served
0.5,0.5,4,MPC_MCTS_H1,0,rc208_21,RC2,848ac4428c45536e665596eb3031d4cf06747a109edbb2a5ab6498422157954d,100,21,bb62f751bd2f92a5591ef85431c7691fc4adc788ee2ff693b2b4e87903071c0a,c3840b8eb1ceda6b05ea4797b1f027de1fd0871c6a4db6c39c3347507094beff,1,90,0,0,False,3,66,34,76,13.296822896404679,3,0,False,True,0,0.05225900001823902,1440,0.018312722367945275,0.9210526315789473,0.01597575005143881,1318,0.03580710003734566,0.66,0,0,83.83341815495741,5,877.5903111627089,465.74121197198565,1.3917668999638408,2213.536845934846,4,4,15,completed,0c29216326c52449a53a4fa04d23af5fb6749350fd48dc30ad691b599b2d922f,B,baseline,True,iterations,True,12,"[0.5, 0.75, 1.0]",5,partial,1,16,1,4,0.5,3,1.4,False,concurrent,06d868f693a728ac1102e913d6ba675227fc8ef9ccd5c18031507f8350390552,,True,incomplete_service,Not all customers served
0.0,0.0,5,INDEPENDENT_MPC_MCTS,0,c208_21,C2,6238a471231c4a029781b0059d2394708f055df07192948a8e1e1f462a7ccbea,100,21,711258b6e16dd832319ba5a781e77cc16979b839c32bebf76d9b717a7cbd1531,e93a70281fab3433719f8ee17f709770edcb491ca95c39d8e6a0bfc725ad893f,0,24,0,0,False,1,18,82,20,20.822778809078805,1,0,False,True,0,0.6314880000427365,384,0.08043564499821514,3.6,0.04698855004971847,381,0.1537459199549634,0.18,0,0,96.22281962261269,1,374.8100185634185,42.01869852515838,1.6087128999643028,12718.199483631137,0,5,0,completed,0d35e6106630d821a7c723a05a92a672a092ff37bf1dc6dc0e1dd282f0eff4e3,B,baseline,True,iterations,True,12,"[0.5, 0.75, 1.0]",5,partial,1,16,5,4,0.5,3,1.4,False,concurrent,06d868f693a728ac1102e913d6ba675227fc8ef9ccd5c18031507f8350390552,,True,incomplete_service,Not all customers served
0.5,0.5,4,INDEPENDENT_MPC_MCTS,0,rc208_21,RC2,848ac4428c45536e665596eb3031d4cf06747a109edbb2a5ab6498422157954d,100,21,bb62f751bd2f92a5591ef85431c7691fc4adc788ee2ff693b2b4e87903071c0a,c3840b8eb1ceda6b05ea4797b1f027de1fd0871c6a4db6c39c3347507094beff,1,97,0,0,False,1,71,29,94,21.545556312885648,1,0,False,True,0,0.47717019997071475,1552,0.11071991170583134,4.446808510638298,0.12145794997923076,1505,0.168456385016907,0.71,0,0,168.55328508302233,20,1529.734498214881,936.4071393501241,10.407671700348146,1269.7167167461698,0,4,2,completed,0e086d640ba8c4bccfcf82c838d697330cb9d0ff5f878892311a8801bd15d169,B,baseline,True,iterations,True,12,"[0.5, 0.75, 1.0]",5,partial,1,16,5,4,0.5,3,1.4,False,concurrent,06d868f693a728ac1102e913d6ba675227fc8ef9ccd5c18031507f8350390552,,True,incomplete_service,Not all customers served
0.75,0.75,14,INDEPENDENT_MPC_MCTS,0,c109_21,C1,c139ad52f11e291a5e17b4aa03bc1f1d6ca704b7b2c1a1cec53489d1e749664f,100,21,0d2eb63aa77ae4820451c6700ab15c2313f31fb84696cb2d6ac992ec86825cd2,67bfa4e0433fcde6a2ed8464f386af88e0db55ac625244f57bc1daf6784c293d,0,196,0,0,False,12,70,30,110,27.25545358274313,10,0,False,True,0,1.351241100113839,3136,0.06793538908770477,2.8727272727272726,0.04975465004099533,2648,0.12903403996606355,0.7,0,0,3399.2596198517303,27,1907.8817507920191,1002.7314512836963,7.472892799647525,3970.6295143246275,0,14,85,completed,0e49dc6c9aaca8479d9a5f53a805ce43583a37a065881b77856c2207fabea533,B,baseline,True,iterations,True,12,"[0.5, 0.75, 1.0]",5,partial,1,16,5,4,0.5,3,1.4,False,concurrent,06d868f693a728ac1102e913d6ba675227fc8ef9ccd5c18031507f8350390552,,True,incomplete_service,Not all customers served
0.75,0.75,18,MPC_MCTS_H1,0,rc108_21,RC1,e0bbd077f766d20a9e4c89f20604194bd7854b957653654cc6daa8fc729da355,100,21,1333cad9230e74ac53b5ae0fe8dcbb5fc0c14a6a9f561abf1324c241738de4cc,f5bfab69310f526cba665db1aaf82bf73a394ea39454305566501c5c17665ff4,1,438,0,0,False,58,86,14,118,22.79787448661738,58,0,False,True,0,0.20134019991382957,7008,0.03326422117958319,0.8220338983050848,0.022904899960849434,5728,0.06278912000125274,0.86,0,0,244.99535377627467,21,1960.6172058490947,644.7246152007228,3.9251780991908163,1193.7579676574805,18,18,313,completed,0eb3ea502d561bc12621ca2fd6e6d1cd136535b2165c9666873d86b2a31e4d9f,B,baseline,True,iterations,True,12,"[0.5, 0.75, 1.0]",5,partial,1,16,1,4,0.5,3,1.4,False,concurrent,06d868f693a728ac1102e913d6ba675227fc8ef9ccd5c18031507f8350390552,,True,incomplete_service,Not all customers served
0.75,0.75,5,MPC_MCTS_H1,0,rc201_21,RC2,05de9a222789707ffcce07b31776e71b0ca87b7f72f5c0d115af11e39f2a2841,100,21,897b06b0a5232b4a55582c72c913db9299981a7e26d5f99ab9087c2a494b608a,4e15bcb162efd958f0e8803927430749fc80022ef4128a572736773648e1724c,0,59,0,0,False,5,33,67,39,25.016529547814102,5,0,False,True,0,0.04902719997335225,944,0.01668928461806037,0.8717948717948718,0.013437399989925325,801,0.036582160054240385,0.33,0,0,7.961727319915827,1,825.5454750778654,56.869480856541614,0.6508821001043543,3630.568633243369,5,5,20,completed,0f66cb093e871464bc3fa60f26bf47b7a5d9adeb67f19d5e8708ed94be7af4c9,B,baseline,True,iterations,True,12,"[0.5, 0.75, 1.0]",5,partial,1,16,1,4,0.5,3,1.4,False,concurrent,06d868f693a728ac1102e913d6ba675227fc8ef9ccd5c18031507f8350390552,,True,incomplete_service,Not all customers served
0.0,0.0,5,MPC_MCTS_H1,0,rc201_21,RC2,05de9a222789707ffcce07b31776e71b0ca87b7f72f5c0d115af11e39f2a2841,100,21,897b06b0a5232b4a55582c72c913db9299981a7e26d5f99ab9087c2a494b608a,ec4b54eb7bef324fd54eeab55010bd2b9c3009007b90a4bf3e81fac1da5416be,0,54,0,0,False,5,31,69,35,25.556648316040334,5,0,False,True,0,0.06180219992529601,864,0.019151865714229645,0.8857142857142857,0.015086399973370135,712,0.0393994400277733,0.31,0,0,0.0,0,792.2560977972504,0.0,0.6703152999980375,3679.4227855225336,5,5,18,completed,0fa83b248b00e43355e5f486ed472cf671d49aa4737c9d57a21f4ba522e5e241,B,baseline,True,iterations,True,12,"[0.5, 0.75, 1.0]",5,partial,1,16,1,4,0.5,3,1.4,False,concurrent,06d868f693a728ac1102e913d6ba675227fc8ef9ccd5c18031507f8350390552,,True,incomplete_service,Not all customers served
0.25,0.25,5,GREEDY,0,c208_21,C2,6238a471231c4a029781b0059d2394708f055df07192948a8e1e1f462a7ccbea,100,21,711258b6e16dd832319ba5a781e77cc16979b839c32bebf76d9b717a7cbd1531,fb27dcf59c91312144527d5be3fa853bdbd6eea855c8c832c3bb50e3e7f60981,0,130,0,0,False,5,79,21,105,24.584432403874406,5,0,False,True,0,0.01624729996547103,0,0.002579639041574583,0.9333333333333333,0.0017553999787196517,0,0.007386580063030124,0.79,0,0,3575.2793839888673,19,1942.170159906078,1561.2573729209028,0.27086209936533123,4322.550456105053,0,5,27,completed,1018ad837d95453b9d21a67f0bebd5555ab6b9dc58f143ba77306d9c9dc545fb,B,baseline,True,iterations,True,12,"[0.5, 0.75, 1.0]",5,partial,1,16,5,4,0.5,3,1.4,False,concurrent,06d868f693a728ac1102e913d6ba675227fc8ef9ccd5c18031507f8350390552,,True,incomplete_service,Not all customers served
0.75,0.75,14,INDEPENDENT_MPC_MCTS,0,c109_21,C1,c139ad52f11e291a5e17b4aa03bc1f1d6ca704b7b2c1a1cec53489d1e749664f,100,21,0d2eb63aa77ae4820451c6700ab15c2313f31fb84696cb2d6ac992ec86825cd2,32423b9b729ecfdc9cd98ec42254928efe6a167b6e297bbe196186ffe41c1a43,1,229,0,0,False,16,82,18,136,22.756515289086053,13,0,False,True,0,1.3279445000225678,3664,0.07088836029545158,3.1323529411764706,0.06099080003332347,3085,0.12831904998165555,0.82,0,0,3312.3725630950526,41,1866.0342537050565,977.1010510604874,9.640817000181414,2854.7727774658642,0,14,92,completed,10377c09770f32ddb4e35e85017ed6f8ccfc2646d3fe8d9844a0daab18a15cf4,B,baseline,True,iterations,True,12,"[0.5, 0.75, 1.0]",5,partial,1,16,5,4,0.5,3,1.4,False,concurrent,06d868f693a728ac1102e913d6ba675227fc8ef9ccd5c18031507f8350390552,,True,incomplete_service,Not all customers served
0.0,0.0,14,GREEDY,0,c109_21,C1,c139ad52f11e291a5e17b4aa03bc1f1d6ca704b7b2c1a1cec53489d1e749664f,100,21,0d2eb63aa77ae4820451c6700ab15c2313f31fb84696cb2d6ac992ec86825cd2,772e17d3661de946cca2532a7e6d18350219b042e34b6364143b5ca3e5a0ff8f,1,291,0,0,False,36,82,18,115,26.152290190168166,36,0,False,True,0,0.025674000033177435,0,0.0029201747839460554,0.8608695652173913,0.0018939999863505363,0,0.008314369979780167,0.82,0,0,3916.651823041352,20,2144.4877955937895,1155.354520071195,0.3358201001537964,3862.860381364859,0,14,175,completed,109d2f9106a162c18a29d23d2df28406b36df48848d28a0c382e672e4961a953,B,baseline,True,iterations,True,12,"[0.5, 0.75, 1.0]",5,partial,1,16,5,4,0.5,3,1.4,False,concurrent,06d868f693a728ac1102e913d6ba675227fc8ef9ccd5c18031507f8350390552,,True,incomplete_service,Not all customers served
0.5,0.5,20,INDEPENDENT_MPC_MCTS,0,r101_21,R1,0e5a3dffffbd3c516b528ef32ba1a488b817d2f151fc3e8c81023814de1c103a,100,21,eff55182b21377e4bea8207e9200f55561609fca70ed7b70d688aaf23af4b5ae,e6ffe2a03869204eb90e766259ffdebbfc9bb40918834a4df48100fe9a14ee12,1,177,0,0,False,18,56,44,90,27.142327019502705,16,0,False,True,0,0.9667895999737084,2832,0.040856005546326436,2.3777777777777778,0.019798449939116836,2054,0.11311773500056005,0.56,0,0,217.76583088168076,29,1519.9703130921514,453.67881433683493,3.6770404991693795,1863.1039515106654,0,20,72,completed,139a29b50302c1924b458f7c2047ac2d91cd3d0d00032af6cb610eb54067f985,B,baseline,True,iterations,True,12,"[0.5, 0.75, 1.0]",5,partial,1,16,5,4,0.5,3,1.4,False,concurrent,06d868f693a728ac1102e913d6ba675227fc8ef9ccd5c18031507f8350390552,,True,incomplete_service,Not all customers served
0.75,0.75,19,COORDINATED_MPC_MCTS,0,r112_21,R1,004d91650145be584ea6392f9bac9bef40e22a63e0f25f4e87e04fdbd2278b0c,100,21,5d2d688393ea73d7304b019a41e95c98d2c011a287aa79b62d31a9462396f3d0,08fc47ae114d4735230d770e069f38fb339e562e522a2245ffa363f9edf0fbf4,1,389,0,0,False,23,84,16,128,22.187164485740198,23,0,False,True,0,2.1128895999863744,6224,0.10381706484076858,3.078125,0.05977714998880401,4919,0.18933984501636575,0.84,0,0,474.82054803633304,37,1863.7218168021766,1032.2185826876805,13.288584299618378,1000.4847713056854,19,19,249,completed,14808f2f16b622fa57239f33d98f006aa7df0a05ec6f1e4c52c5ffcaad3b3854,B,baseline,True,iterations,True,12,"[0.5, 0.75, 1.0]",5,partial,1,16,5,4,0.5,3,1.4,False,concurrent,06d868f693a728ac1102e913d6ba675227fc8ef9ccd5c18031507f8350390552,,True,incomplete_service,Not all customers served
0.75,0.75,4,COORDINATED_MPC_MCTS,0,rc208_21,RC2,848ac4428c45536e665596eb3031d4cf06747a109edbb2a5ab6498422157954d,100,21,bb62f751bd2f92a5591ef85431c7691fc4adc788ee2ff693b2b4e87903071c0a,2f7b000240fed028b7debc2a2faf31c9fa1b2819792fcdec206619408c344da1,0,98,0,0,False,1,62,38,82,22.46349188175552,1,0,False,True,0,0.45966549997683614,1568,0.11848375975245201,4.170731707317073,0.1286614000564441,1418,0.1921674800454639,0.62,0,0,149.65672223631162,16,1392.7364966688422,831.4262346461758,9.715668299701065,1677.6067810948457,4,4,16,completed,14924c9890cf92894f33545245db92689a2e3f1beefd370e5cfffd58d069785e,B,baseline,True,iterations,True,12,"[0.5, 0.75, 1.0]",5,partial,1,16,5,4,0.5,3,1.4,False,concurrent,06d868f693a728ac1102e913d6ba675227fc8ef9ccd5c18031507f8350390552,,True,incomplete_service,Not all customers served
0.5,0.5,14,GREEDY,0,c109_21,C1,c139ad52f11e291a5e17b4aa03bc1f1d6ca704b7b2c1a1cec53489d1e749664f,100,21,0d2eb63aa77ae4820451c6700ab15c2313f31fb84696cb2d6ac992ec86825cd2,2d7481bfe4584024e0281b0a46ab0ff8e28b7fd483d4cba8197537b8598bf6c3,0,312,0,0,False,36,93,7,127,23.079798195841065,36,0,False,True,0,0.018936999957077205,0,0.002412937010462418,0.8661417322834646,0.0017268999945372343,0,0.005988589953631162,0.93,0,0,3775.452347612246,21,2146.421232213219,1113.7027574077422,0.30644300032872707,3012.126420174534,0,14,184,completed,155ff03b32913cf3aa2d6fa1b927d2470a68ae0c6f4bc068c6583678100649f8,B,baseline,True,iterations,True,12,"[0.5, 0.75, 1.0]",5,partial,1,16,5,4,0.5,3,1.4,False,concurrent,06d868f693a728ac1102e913d6ba675227fc8ef9ccd5c18031507f8350390552,,True,incomplete_service,Not all customers served
0.75,0.75,21,COORDINATED_MPC_MCTS,0,rc101_21,RC1,272a3e58d53d4ba9516f01506164cf8a9b98bfeeb8dbd1fd62f6557e4c98e3a1,100,21,f4b729450b2911296fb332aa2b29aacf3be08754cc2c811f83ebe8617dc4124b,c8febc0a16a5803a20aec2fa43f5e006273b3a3175c87dfd3d9d2499ec9cefb1,1,406,0,0,False,35,80,20,121,29.250145760264473,35,0,False,True,0,1.1253204999957234,6496,0.06181404793304045,2.4958677685950414,0.04157229990232736,4758,0.10115689993835986,0.8,0,0,354.6051485450081,35,2340.011660821158,933.171443539495,7.479499799897894,1275.2036623832596,21,21,270,completed,16bf4e698a147db4b5fe2b03babcfb9d809fcade7e63702fdc0f5076fe27bd20,B,baseline,True,iterations,True,12,"[0.5, 0.75, 1.0]",5,partial,1,16,5,4,0.5,3,1.4,False,concurrent,06d868f693a728ac1102e913d6ba675227fc8ef9ccd5c18031507f8350390552,,True,incomplete_service,Not all customers served
0.75,0.75,5,INDEPENDENT_MPC_MCTS,0,rc201_21,RC2,05de9a222789707ffcce07b31776e71b0ca87b7f72f5c0d115af11e39f2a2841,100,21,897b06b0a5232b4a55582c72c913db9299981a7e26d5f99ab9087c2a494b608a,e291299d92dd9dff8989602ed942ea4b698c97724fa0c12e4f8118057ff28d76,1,80,0,0,False,2,57,43,71,25.37199032636107,2,0,False,True,0,0.3616874000290409,1280,0.08955320845436777,3.9295774647887325,0.10414179996587336,1210,0.16016560001298785,0.57,0,0,104.84491560338873,11,1446.2034486025811,748.8922543099195,6.358277800260112,2533.531331018507,0,5,7,completed,16ed88edeb82bd13faf37280cf0ce2ad68953a933d69e3e908fa000f9428dc88,B,baseline,True,iterations,True,12,"[0.5, 0.75, 1.0]",5,partial,1,16,5,4,0.5,3,1.4,False,concurrent,06d868f693a728ac1102e913d6ba675227fc8ef9ccd5c18031507f8350390552,,True,incomplete_service,Not all customers served
0.5,0.5,5,MPC_MCTS_H1,0,c201_21,C2,cc755a6ec3edab8c320bf901f0c3bd34cea80123cf831b0059ea01c13c96bf1d,100,21,7709cf25d863e433db5f930daea8f385c3be3136daa80a5ec82080b243a85230,7743eb1ac99eee2c73e4f17417cf5415bfd237e8806f088f813ff3ea85df9efb,1,48,0,0,False,5,26,74,29,12.657884070428963,5,0,False,True,0,0.05414090002886951,768,0.020410379302559484,0.896551724137931,0.015603099949657917,664,0.04131858001928776,0.26,0,0,0.0,0,329.10498583115304,0.0,0.5919009997742251,14261.25347194464,5,5,17,completed,172cc79ef33ca27a13270c470a3284f6631981f7904526e303e015b99883de56,B,baseline,True,iterations,True,12,"[0.5, 0.75, 1.0]",5,partial,1,16,1,4,0.5,3,1.4,False,concurrent,06d868f693a728ac1102e913d6ba675227fc8ef9ccd5c18031507f8350390552,,True,incomplete_service,Not all customers served
0.25,0.25,20,COORDINATED_MPC_MCTS,0,r101_21,R1,0e5a3dffffbd3c516b528ef32ba1a488b817d2f151fc3e8c81023814de1c103a,100,21,eff55182b21377e4bea8207e9200f55561609fca70ed7b70d688aaf23af4b5ae,85db80494c0861ecf832ea01feb322959cc9bc281f38c4259583c44c9976155d,1,311,0,0,False,12,56,44,83,24.267946933379843,12,0,False,True,0,1.089484199997969,4976,0.06660492048761527,2.7710843373493974,0.045216299942694604,3575,0.13087960005504984,0.56,0,0,192.16381187056461,26,1359.0050282692712,400.341274730343,5.528208400472067,2398.7310348181904,20,20,209,completed,187dbd27291aa69a47386b2e2bdfed09abfb7324426e43d716cf5c85e08a62dc,B,baseline,True,iterations,True,12,"[0.5, 0.75, 1.0]",5,partial,1,16,5,4,0.5,3,1.4,False,concurrent,06d868f693a728ac1102e913d6ba675227fc8ef9ccd5c18031507f8350390552,,True,incomplete_service,Not all customers served
0.5,0.5,21,COORDINATED_MPC_MCTS,0,rc101_21,RC1,272a3e58d53d4ba9516f01506164cf8a9b98bfeeb8dbd1fd62f6557e4c98e3a1,100,21,f4b729450b2911296fb332aa2b29aacf3be08754cc2c811f83ebe8617dc4124b,82f3da6e031cbf2e5e923979b300f29e52158d00f2c4f97a98cc5aafa473fabf,1,408,0,0,False,23,71,29,104,28.586471900656782,23,0,False,True,0,1.7040943000465631,6528,0.07338029519730928,2.8076923076923075,0.04949469992425293,4802,0.1162711150303947,0.71,0,0,283.78415422938343,28,2029.6395049466316,746.8004058667984,7.631550700520165,1885.878977677861,21,21,288,completed,1890d618d89205d454e597de90648a5511448a7b7fe099ae232911130e4deb22,B,baseline,True,iterations,True,12,"[0.5, 0.75, 1.0]",5,partial,1,16,5,4,0.5,3,1.4,False,concurrent,06d868f693a728ac1102e913d6ba675227fc8ef9ccd5c18031507f8350390552,,True,incomplete_service,Not all customers served
0.5,0.5,21,GREEDY,0,rc101_21,RC1,272a3e58d53d4ba9516f01506164cf8a9b98bfeeb8dbd1fd62f6557e4c98e3a1,100,21,f4b729450b2911296fb332aa2b29aacf3be08754cc2c811f83ebe8617dc4124b,82f3da6e031cbf2e5e923979b300f29e52158d00f2c4f97a98cc5aafa473fabf,1,526,0,0,False,77,73,27,115,30.641771278948653,77,0,False,True,0,0.026012099930085242,0,0.004152859130914769,0.7304347826086957,0.0025327999610453844,0,0.010957729991059744,0.73,0,0,346.557945962331,19,2236.8493033632517,911.9945946377131,0.47757880005519837,1726.5927506744172,0,21,413,completed,1a0ed8f081d5f2129e57d30bb8cf48d4b64007b0d4c7e183cfd7ebce436b1767,B,baseline,True,iterations,True,12,"[0.5, 0.75, 1.0]",5,partial,1,16,5,4,0.5,3,1.4,False,concurrent,06d868f693a728ac1102e913d6ba675227fc8ef9ccd5c18031507f8350390552,,True,incomplete_service,Not all customers served
0.5,0.5,19,MPC_MCTS_H1,0,r112_21,R1,004d91650145be584ea6392f9bac9bef40e22a63e0f25f4e87e04fdbd2278b0c,100,21,5d2d688393ea73d7304b019a41e95c98d2c011a287aa79b62d31a9462396f3d0,e9ffc31fa2a6cf8d41d13093537da9b7473fa24e98ca487e94e143545e354007,1,517,0,0,False,63,89,11,125,18.933456379514123,63,0,False,True,0,0.19678250001743436,8272,0.039255889599211516,0.808,0.02143890003208071,6832,0.09388488000258803,0.89,0,0,237.27612606203908,26,1685.0776177767568,515.8176653522588,4.906986199901439,1520.477858400507,19,19,383,completed,1be9c1bc5ea799b678cbd24e65c1b95b0dce6b13cea6eab434be4a59ab76a2a6,B,baseline,True,iterations,True,12,"[0.5, 0.75, 1.0]",5,partial,1,16,1,4,0.5,3,1.4,False,concurrent,06d868f693a728ac1102e913d6ba675227fc8ef9ccd5c18031507f8350390552,,True,incomplete_service,Not all customers served
0.25,0.25,18,GREEDY,0,rc108_21,RC1,e0bbd077f766d20a9e4c89f20604194bd7854b957653654cc6daa8fc729da355,100,21,1333cad9230e74ac53b5ae0fe8dcbb5fc0c14a6a9f561abf1324c241738de4cc,2935022cbf9162afdea42efb9825be1f8e828b4500a1c35744296a60aca1a15f,1,320,0,0,False,57,63,37,104,36.782705661601796,57,0,False,True,0,0.03899769997224212,0,0.003968544232730682,0.75,0.002540100016631186,0,0.01054973503923975,0.63,0,0,413.5591856536927,21,2317.310456680913,1088.313646457086,0.41272860020399094,959.1303576653944,0,18,218,completed,1c2c95b8ccc2385431d5b64601960bce5c06d33637c63c156451fd4b26f26d7d,B,baseline,True,iterations,True,12,"[0.5, 0.75, 1.0]",5,partial,1,16,5,4,0.5,3,1.4,False,concurrent,06d868f693a728ac1102e913d6ba675227fc8ef9ccd5c18031507f8350390552,,True,incomplete_service,Not all customers served
0.0,0.0,18,MPC_MCTS_H1,0,rc108_21,RC1,e0bbd077f766d20a9e4c89f20604194bd7854b957653654cc6daa8fc729da355,100,21,1333cad9230e74ac53b5ae0fe8dcbb5fc0c14a6a9f561abf1324c241738de4cc,7943efb4fd55c9d3ba1c1b7fa3b64c0fb4f5e53e2024153e1d72da889424e2d0,1,394,0,0,False,58,78,22,99,21.784096116685838,58,0,False,True,0,0.23343469994142652,6304,0.037483085862906516,0.8080808080808081,0.01860040007159114,5229,0.11689908992266278,0.78,0,0,134.59169863579115,17,1699.1594971014954,354.188680620503,3.7108255004277453,1654.6895112365867,18,18,281,completed,1c2ea895972691e727385ee45db3fc8a4ff472ddcb460c186cd6794538f3be89,B,baseline,True,iterations,True,12,"[0.5, 0.75, 1.0]",5,partial,1,16,1,4,0.5,3,1.4,False,concurrent,06d868f693a728ac1102e913d6ba675227fc8ef9ccd5c18031507f8350390552,,True,incomplete_service,Not all customers served
0.5,0.5,5,MPC_MCTS_H1,0,c201_21,C2,cc755a6ec3edab8c320bf901f0c3bd34cea80123cf831b0059ea01c13c96bf1d,100,21,7709cf25d863e433db5f930daea8f385c3be3136daa80a5ec82080b243a85230,9ab599bea8692723939603e1b081946a4ebd7f76a1d26675553a2d7862c98003,0,43,0,0,False,5,21,79,24,12.782168335056124,5,0,False,True,0,0.06907369999680668,688,0.023247595847351477,0.875,0.01704334997339174,587,0.05253350000712088,0.21,0,0,0.0,0,268.4255350361786,0.0,0.5579423003364354,14771.932922739612,5,5,17,completed,1c8d0861dc1dc769d1a0e8f54ee8f3d44d73a2827c6bf75041b78a5282eec399,B,baseline,True,iterations,True,12,"[0.5, 0.75, 1.0]",5,partial,1,16,1,4,0.5,3,1.4,False,concurrent,06d868f693a728ac1102e913d6ba675227fc8ef9ccd5c18031507f8350390552,,True,incomplete_service,Not all customers served
0.0,0.0,4,GREEDY,0,r201_21,R2,777cdc28fef020cd4df5ada1700f1a95d97eee53d26f5b26958b67cfd8cc51f2,100,21,a7a9d0da162b6556e18050cf8850d4508fc9c75572cd0fad769a8f8e9e43bc1b,ca718e6c1f232113a74e492dd795fc54cd65d683715461017e67b20391621b5c,0,69,0,0,False,3,42,58,53,35.04503200064971,3,0,False,True,0,0.017847599927335978,0,0.002325362253512414,0.9056603773584906,0.0018532000249251723,0,0.005007560038939116,0.42,0,0,168.06016366950126,6,1471.891344027288,1050.376022934383,0.12324419943615794,1940.0484923032104,0,4,17,completed,1e03af5901caec386570c0fc62e2d05a0e4400248fe57fdeff54e043e77804b8,B,baseline,True,iterations,True,12,"[0.5, 0.75, 1.0]",5,partial,1,16,5,4,0.5,3,1.4,False,concurrent,06d868f693a728ac1102e913d6ba675227fc8ef9ccd5c18031507f8350390552,,True,incomplete_service,Not all customers served
0.75,0.75,5,GREEDY,0,c208_21,C2,6238a471231c4a029781b0059d2394708f055df07192948a8e1e1f462a7ccbea,100,21,711258b6e16dd832319ba5a781e77cc16979b839c32bebf76d9b717a7cbd1531,525955bc337b3c51bffb4b3b48407cdd0f44c9e740873daae0e767b71b383965,1,110,0,0,False,5,65,35,85,21.208132365092982,5,0,False,True,0,0.020498999976553023,0,0.002808496462838615,0.9176470588235294,0.0018641999922692776,0,0.007806999981403344,0.65,0,0,2671.7519592084914,13,1378.5286037310439,1166.7039123181187,0.23872219934128225,7049.719437060463,0,5,27,completed,1eb58103e17484836c9ff67693435285e05423b120c03f675a278cb7ceb6b8ef,B,baseline,True,iterations,True,12,"[0.5, 0.75, 1.0]",5,partial,1,16,5,4,0.5,3,1.4,False,concurrent,06d868f693a728ac1102e913d6ba675227fc8ef9ccd5c18031507f8350390552,,True,incomplete_service,Not all customers served
0.25,0.25,21,INDEPENDENT_MPC_MCTS,0,rc101_21,RC1,272a3e58d53d4ba9516f01506164cf8a9b98bfeeb8dbd1fd62f6557e4c98e3a1,100,21,f4b729450b2911296fb332aa2b29aacf3be08754cc2c811f83ebe8617dc4124b,63402ba09d1ec49a84c31d22236d2715563a110587988bb74c566d140838b781,0,286,0,0,False,24,71,29,113,28.14219742821138,20,0,False,True,0,1.7479593999451026,4576,0.05673773717073378,2.4867256637168142,0.028330700006335974,3507,0.10565282006282357,0.71,0,0,258.7532169302022,27,1998.0960174030079,680.9295182373742,6.411364300292917,1520.1925839419873,0,21,167,completed,1eb5fb026fa7bf8526311370d7443c4c4306e78ae5fabf5a3b00103e96dfc446,B,baseline,True,iterations,True,12,"[0.5, 0.75, 1.0]",5,partial,1,16,5,4,0.5,3,1.4,False,concurrent,06d868f693a728ac1102e913d6ba675227fc8ef9ccd5c18031507f8350390552,,True,incomplete_service,Not all customers served
0.5,0.5,5,INDEPENDENT_MPC_MCTS,0,rc201_21,RC2,05de9a222789707ffcce07b31776e71b0ca87b7f72f5c0d115af11e39f2a2841,100,21,897b06b0a5232b4a55582c72c913db9299981a7e26d5f99ab9087c2a494b608a,3111702a772029549ac38fd4867734ba646a0cf02b6e64b701af3f948a5afea7,0,37,0,0,False,3,28,72,33,34.28457811443424,2,0,False,True,0,0.4690100000007078,592,0.06778811817904087,3.5454545454545454,0.041681700036861,568,0.1340312799904495,0.28,0,0,21.325890578005364,4,959.9681872041588,152.32778984289544,2.237007899908349,3374.8332594665876,0,5,0,completed,2016407fac34546db694c78f9db32bc63302a66c316a5678565a3b6075f45529,B,baseline,True,iterations,True,12,"[0.5, 0.75, 1.0]",5,partial,1,16,5,4,0.5,3,1.4,False,concurrent,06d868f693a728ac1102e913d6ba675227fc8ef9ccd5c18031507f8350390552,,True,incomplete_service,Not all customers served
0.75,0.75,5,INDEPENDENT_MPC_MCTS,0,rc201_21,RC2,05de9a222789707ffcce07b31776e71b0ca87b7f72f5c0d115af11e39f2a2841,100,21,897b06b0a5232b4a55582c72c913db9299981a7e26d5f99ab9087c2a494b608a,4e15bcb162efd958f0e8803927430749fc80022ef4128a572736773648e1724c,0,64,0,0,False,1,47,53,60,26.756708242462473,1,0,False,True,0,0.35057570005301386,1024,0.07447275833110326,3.6666666666666665,0.07948399998713285,963,0.14733196498127651,0.47,0,0,40.04848673305853,9,1257.5652873957363,286.0606195218466,4.468365499866195,2771.106183815687,0,5,3,completed,2058e1522ccaad1092c8cb541d51ea2bdbded1ff0f87902868c4c9d3ae0e946d,B,baseline,True,iterations,True,12,"[0.5, 0.75, 1.0]",5,partial,1,16,5,4,0.5,3,1.4,False,concurrent,06d868f693a728ac1102e913d6ba675227fc8ef9ccd5c18031507f8350390552,,True,incomplete_service,Not all customers served
0.0,0.0,4,GREEDY,0,rc208_21,RC2,848ac4428c45536e665596eb3031d4cf06747a109edbb2a5ab6498422157954d,100,21,bb62f751bd2f92a5591ef85431c7691fc4adc788ee2ff693b2b4e87903071c0a,dafc79d6dc66aca14874262e74c85f2294ce4470f616926a593dc94fe97dbc58,1,81,0,0,False,4,58,42,74,33.4312881827148,4,0,False,True,0,0.013289800030179322,0,0.002300535138331454,0.9459459459459459,0.0017440500087104738,0,0.00759699504706077,0.58,0,0,253.0511471293711,12,1939.0147145974584,1405.839706274284,0.17023960023652762,1067.9341382731698,0,4,7,completed,20756ac5887a7043960867255c5a78242678616911964be56ece3ee74194b3ca,B,baseline,True,iterations,True,12,"[0.5, 0.75, 1.0]",5,partial,1,16,5,4,0.5,3,1.4,False,concurrent,06d868f693a728ac1102e913d6ba675227fc8ef9ccd5c18031507f8350390552,,True,incomplete_service,Not all customers served
0.75,0.75,13,GREEDY,0,c101_21,C1,c5cda6ca63a7d518902cf4b02d98b4aa0f373aaa0658d5c666d1c46d38871cb9,100,21,18cb8c56a43219b437afb391f11d42a3c7d8056ed895f0cb721b15683964ccb8,05e07a90c1848fcff465e020306f09a61abd5b39507303f14cfdd411f5b2c8b2,1,265,0,0,False,30,61,39,89,23.376298378752704,30,0,False,True,0,0.02145070000551641,0,0.0026092314556387538,0.797752808988764,0.0018748999573290348,0,0.00505230005364865,0.61,0,0,1693.8152071152217,14,1425.954201103915,499.65050357381165,0.23222159955184907,7458.230591780863,0,13,177,completed,20c11c4b80e65368828617c9ce35d54c70fbc557c01c6353448f5da2722caea4,B,baseline,True,iterations,True,12,"[0.5, 0.75, 1.0]",5,partial,1,16,5,4,0.5,3,1.4,False,concurrent,06d868f693a728ac1102e913d6ba675227fc8ef9ccd5c18031507f8350390552,,True,incomplete_service,Not all customers served
0.5,0.5,4,GREEDY,0,rc208_21,RC2,848ac4428c45536e665596eb3031d4cf06747a109edbb2a5ab6498422157954d,100,21,bb62f751bd2f92a5591ef85431c7691fc4adc788ee2ff693b2b4e87903071c0a,8f25e277b285481ad0b29ab0591d4df1c15cc6d3384df60643a72bd985190993,0,68,0,0,False,3,49,51,65,34.97727934010543,3,0,False,True,0,0.01843089994508773,0,0.002780650771008088,0.9076923076923077,0.0019518999615684152,0,0.008180520031601187,0.49,0,0,213.3269227712773,10,1713.8866876651662,1185.1495709515407,0.18074230011552572,1422.786389563555,0,4,5,completed,20c6018700a097469050c73155c804a1b466da3ffa9fe91031b6017822a23839,B,baseline,True,iterations,True,12,"[0.5, 0.75, 1.0]",5,partial,1,16,5,4,0.5,3,1.4,False,concurrent,06d868f693a728ac1102e913d6ba675227fc8ef9ccd5c18031507f8350390552,,True,incomplete_service,Not all customers served
0.0,0.0,4,MPC_MCTS_H1,0,r201_21,R2,777cdc28fef020cd4df5ada1700f1a95d97eee53d26f5b26958b67cfd8cc51f2,100,21,a7a9d0da162b6556e18050cf8850d4508fc9c75572cd0fad769a8f8e9e43bc1b,ed73795d1145a4954691f8f7aebe47c7b33ff7ac8c3d36cb80005eb120ab7b23,1,47,0,0,False,4,31,69,34,14.327115051563842,4,0,False,True,0,0.06754289998207241,752,0.017874882351059246,0.9117647058823529,0.013630850007757545,626,0.04544620003434824,0.31,0,0,0.0,0,444.1405665984791,0.0,0.6077459999360144,3237.225355653888,4,4,12,completed,20dc0d91a850a8c06f726efbc73136652be910080997f6c33429d8ebf960749c,B,baseline,True,iterations,True,12,"[0.5, 0.75, 1.0]",5,partial,1,16,1,4,0.5,3,1.4,False,concurrent,06d868f693a728ac1102e913d6ba675227fc8ef9ccd5c18031507f8350390552,,True,incomplete_service,Not all customers served
0.25,0.25,19,GREEDY,0,r112_21,R1,004d91650145be584ea6392f9bac9bef40e22a63e0f25f4e87e04fdbd2278b0c,100,21,5d2d688393ea73d7304b019a41e95c98d2c011a287aa79b62d31a9462396f3d0,02c97ad1bd7856d2c9e50755ff77f837c888f8287bff020493bf538de0158c56,1,267,0,0,False,63,77,23,130,30.84675589563412,63,0,False,True,0,0.04137200000695884,0,0.003013754619930226,0.7307692307692307,0.001664249983150512,0,0.006978000001981854,0.77,0,0,582.0099785398166,29,2375.2002039638273,1265.2390837822102,0.3917881005909294,642.789817496356,0,19,142,completed,21d277c26cdf5be95c6438c48d406904d5c223d908003efad693668b9e63e6fc,B,baseline,True,iterations,True,12,"[0.5, 0.75, 1.0]",5,partial,1,16,5,4,0.5,3,1.4,False,concurrent,06d868f693a728ac1102e913d6ba675227fc8ef9ccd5c18031507f8350390552,,True,incomplete_service,Not all customers served
0.5,0.5,5,MPC_MCTS_H1,0,c208_21,C2,6238a471231c4a029781b0059d2394708f055df07192948a8e1e1f462a7ccbea,100,21,711258b6e16dd832319ba5a781e77cc16979b839c32bebf76d9b717a7cbd1531,11d316cdbce3ab6cb783e760d42063e1777c9f48f3c5247e3bd68a444579a9b6,1,48,0,0,False,5,26,74,29,13.868315561855326,5,0,False,True,0,0.0729010000359267,768,0.024115458628612346,0.896551724137931,0.016216599964536726,679,0.06344076001551001,0.26,0,0,0.0,0,360.57620460823847,0.0,0.699348300229758,14229.81740204684,5,5,17,completed,2214989d2a6cdbd40b5ef5a8ae70d7d2dc5accdcbf18ce69b163b4c13db51dbf,B,baseline,True,iterations,True,12,"[0.5, 0.75, 1.0]",5,partial,1,16,1,4,0.5,3,1.4,False,concurrent,06d868f693a728ac1102e913d6ba675227fc8ef9ccd5c18031507f8350390552,,True,incomplete_service,Not all customers served
0.0,0.0,5,GREEDY,0,c208_21,C2,6238a471231c4a029781b0059d2394708f055df07192948a8e1e1f462a7ccbea,100,21,711258b6e16dd832319ba5a781e77cc16979b839c32bebf76d9b717a7cbd1531,b5aa2aef02d555f49fa5fbd7be7b50a683d35315b5fd301cc24a1446434e6bf8,1,119,0,0,False,5,71,29,91,22.230992198441765,5,0,False,True,0,0.01821780006866902,0,0.002280154946045234,0.9340659340659341,0.0016177999787032604,0,0.005802550003863871,0.71,0,0,2645.1251666326007,15,1578.4004460893652,1155.0764919793016,0.20749410009011626,6336.474387278035,0,5,28,completed,2234b057b6a7643b70ee1e645528758dc054b461c122aceecceb3a729858ed62,B,baseline,True,iterations,True,12,"[0.5, 0.75, 1.0]",5,partial,1,16,5,4,0.5,3,1.4,False,concurrent,06d868f693a728ac1102e913d6ba675227fc8ef9ccd5c18031507f8350390552,,True,incomplete_service,Not all customers served
0.25,0.25,14,GREEDY,0,c109_21,C1,c139ad52f11e291a5e17b4aa03bc1f1d6ca704b7b2c1a1cec53489d1e749664f,100,21,0d2eb63aa77ae4820451c6700ab15c2313f31fb84696cb2d6ac992ec86825cd2,c9f0638cdea90c6230480f3b1160a404326f68aac0e23a1641258f7434eb3263,0,333,0,0,False,36,79,21,115,25.88318581723866,36,0,False,True,0,0.0209693000651896,0,0.003102006951508963,0.8173913043478261,0.0023134000366553664,0,0.005899540043901649,0.79,0,0,3899.794499663133,21,2044.7716795618544,1150.3818583077089,0.3567307994235307,4249.433820775013,0,14,219,completed,22ef3d820949469c102ebdcc57741de4d5956b168e0dd001b7dc32afc4e005d5,B,baseline,True,iterations,True,12,"[0.5, 0.75, 1.0]",5,partial,1,16,5,4,0.5,3,1.4,False,concurrent,06d868f693a728ac1102e913d6ba675227fc8ef9ccd5c18031507f8350390552,,True,incomplete_service,Not all customers served
0.0,0.0,5,GREEDY,0,c201_21,C2,cc755a6ec3edab8c320bf901f0c3bd34cea80123cf831b0059ea01c13c96bf1d,100,21,7709cf25d863e433db5f930daea8f385c3be3136daa80a5ec82080b243a85230,fed814bc083a4aaf9f9195508d9f7fedadc0751e68d66ff900dc97eb39c30e53,1,109,0,0,False,5,66,34,83,19.233167916912727,5,0,False,True,0,0.011701899929903448,0,0.0020774759012779378,0.927710843373494,0.001615899964235723,0,0.0064696499495767,0.66,0,0,2222.8918358222145,11,1269.38908251624,974.9525595711468,0.17243049980606884,7517.719081661544,0,5,27,completed,22f9b9f7cd00d2a21d591168629140172938fee0b1d16dfca282f8493cdc825c,B,baseline,True,iterations,True,12,"[0.5, 0.75, 1.0]",5,partial,1,16,5,4,0.5,3,1.4,False,concurrent,06d868f693a728ac1102e913d6ba675227fc8ef9ccd5c18031507f8350390552,,True,incomplete_service,Not all customers served
0.75,0.75,20,INDEPENDENT_MPC_MCTS,0,r101_21,R1,0e5a3dffffbd3c516b528ef32ba1a488b817d2f151fc3e8c81023814de1c103a,100,21,eff55182b21377e4bea8207e9200f55561609fca70ed7b70d688aaf23af4b5ae,64768a0b362b4df90b9bbea7cd1b686f3faee5dad37567373fc99f20d46e982e,1,211,0,0,False,17,65,35,115,26.159995791402714,14,0,False,True,0,1.0431758998893201,3376,0.04259341304980056,2.2869565217391306,0.027395899989642203,2636,0.09703598996857178,0.65,0,0,320.01904540979376,48,1700.3997264411764,666.706344603737,4.898242500727065,1468.9997548562108,0,20,78,completed,230114fb364a91f9455ee9686846a2201bce7c88d64064d2c4b09155fa42f30a,B,baseline,True,iterations,True,12,"[0.5, 0.75, 1.0]",5,partial,1,16,5,4,0.5,3,1.4,False,concurrent,06d868f693a728ac1102e913d6ba675227fc8ef9ccd5c18031507f8350390552,,True,incomplete_service,Not all customers served
0.5,0.5,13,GREEDY,0,c101_21,C1,c5cda6ca63a7d518902cf4b02d98b4aa0f373aaa0658d5c666d1c46d38871cb9,100,21,18cb8c56a43219b437afb391f11d42a3c7d8056ed895f0cb721b15683964ccb8,36effcf880a9fa96164abaa2767519ebec30a23ad53c3bff371f65280f13c403,0,251,0,0,False,30,51,49,79,27.81377606380428,30,0,False,True,0,0.013539599953219295,0,0.002280381013038038,0.759493670886076,0.001560000004246831,0,0.0058699500164948355,0.51,0,0,1828.563204452213,12,1418.5025792540182,539.3991753546351,0.18015010003000498,8230.934216293768,0,13,175,completed,262b899767734772c420c553d699fe5ec3bdc9b055e8791dde464b98958030c6,B,baseline,True,iterations,True,12,"[0.5, 0.75, 1.0]",5,partial,1,16,5,4,0.5,3,1.4,False,concurrent,06d868f693a728ac1102e913d6ba675227fc8ef9ccd5c18031507f8350390552,,True,incomplete_service,Not all customers served
0.5,0.5,4,MPC_MCTS_H1,0,r201_21,R2,777cdc28fef020cd4df5ada1700f1a95d97eee53d26f5b26958b67cfd8cc51f2,100,21,a7a9d0da162b6556e18050cf8850d4508fc9c75572cd0fad769a8f8e9e43bc1b,86283904b0ad6c920ca8396f492194ad73646d92604f538ac8bc665d1e64e746,0,50,0,0,False,3,32,68,36,14.821332707672752,3,0,False,True,0,0.06096489995252341,800,0.015289163896037886,0.8888888888888888,0.01454714999999851,654,0.02055645003565587,0.32,0,0,0.0,0,474.2826466455281,0.0,0.5504099002573639,3197.0832756068403,4,4,14,completed,27ceb4d04b7638d3c525103721da53c843b6a8e6004a475263a6da16124d8b4d,B,baseline,True,iterations,True,12,"[0.5, 0.75, 1.0]",5,partial,1,16,1,4,0.5,3,1.4,False,concurrent,06d868f693a728ac1102e913d6ba675227fc8ef9ccd5c18031507f8350390552,,True,incomplete_service,Not all customers served
0.75,0.75,5,GREEDY,0,c208_21,C2,6238a471231c4a029781b0059d2394708f055df07192948a8e1e1f462a7ccbea,100,21,711258b6e16dd832319ba5a781e77cc16979b839c32bebf76d9b717a7cbd1531,e4966eb4c8496bff6d22068a3d7694fcde338c56188ecd3da175acfa6602cee4,0,123,0,0,False,5,79,21,100,22.826600533262674,5,0,False,True,0,0.012010699952952564,0,0.0019439739955123515,0.94,0.0016206000000238419,0,0.0052793650946114205,0.79,0,0,3405.348103283705,15,1803.3014421277512,1487.0515734863343,0.19439739955123514,4631.350454588542,0,5,24,completed,27d789f2a0ef77f2821bfd7b00d4f9bb74404c526576df6010d5eefb7944b4d7,B,baseline,True,iterations,True,12,"[0.5, 0.75, 1.0]",5,partial,1,16,5,4,0.5,3,1.4,False,concurrent,06d868f693a728ac1102e913d6ba675227fc8ef9ccd5c18031507f8350390552,,True,incomplete_service,Not all customers served
0.75,0.75,5,MPC_MCTS_H1,0,c208_21,C2,6238a471231c4a029781b0059d2394708f055df07192948a8e1e1f462a7ccbea,100,21,711258b6e16dd832319ba5a781e77cc16979b839c32bebf76d9b717a7cbd1531,525955bc337b3c51bffb4b3b48407cdd0f44c9e740873daae0e767b71b383965,1,56,0,0,False,6,33,67,36,13.502022399439161,6,0,False,True,0,0.06471760000567883,896,0.024118430560014933,0.9444444444444444,0.01739720004843548,808,0.05807432500296272,0.33,0,0,181.335821758573,1,445.5667391814923,79.18594836618908,0.8682635001605377,13328.663622421698,5,5,17,completed,27dbdf7660678bc9f0eff6081cfe66092f1ca384faf622a4a877b880cbc48e7f,B,baseline,True,iterations,True,12,"[0.5, 0.75, 1.0]",5,partial,1,16,1,4,0.5,3,1.4,False,concurrent,06d868f693a728ac1102e913d6ba675227fc8ef9ccd5c18031507f8350390552,,True,incomplete_service,Not all customers served
0.75,0.75,20,MPC_MCTS_H1,0,r101_21,R1,0e5a3dffffbd3c516b528ef32ba1a488b817d2f151fc3e8c81023814de1c103a,100,21,eff55182b21377e4bea8207e9200f55561609fca70ed7b70d688aaf23af4b5ae,64768a0b362b4df90b9bbea7cd1b686f3faee5dad37567373fc99f20d46e982e,1,366,0,0,False,70,46,54,69,23.284191895762664,70,0,False,True,0,0.23824219999369234,5856,0.038796376816563956,0.7391304347826086,0.030883100000210106,4293,0.10932538001798084,0.46,0,0,67.64368476145978,7,1071.0728272050826,140.92434325304123,2.676950000342913,2909.3137626109933,20,20,293,completed,2876abdfbea3947241f4e17d82c9b74d7ddab62239251bcd0c6a39f5f4bbb35d,B,baseline,True,iterations,True,12,"[0.5, 0.75, 1.0]",5,partial,1,16,1,4,0.5,3,1.4,False,concurrent,06d868f693a728ac1102e913d6ba675227fc8ef9ccd5c18031507f8350390552,,True,incomplete_service,Not all customers served
0.25,0.25,20,COORDINATED_MPC_MCTS,0,r101_21,R1,0e5a3dffffbd3c516b528ef32ba1a488b817d2f151fc3e8c81023814de1c103a,100,21,eff55182b21377e4bea8207e9200f55561609fca70ed7b70d688aaf23af4b5ae,49631cc39c480f20aa8e02c62fdbb8295fc5c394a839806d469f8edcbb2f5036,0,330,0,0,False,20,64,36,91,23.081249285155256,20,0,False,True,0,1.2102724000578746,5280,0.06192278132164994,2.802197802197802,0.04105400003027171,3634,0.1320921500446275,0.64,0,0,219.69745868819078,24,1477.1999542499364,457.7030389337308,5.634973100270145,2163.3858661860954,20,20,222,completed,2a245bb904ce2550364b8fbbb4b620882dba7d8516677c1029498514236b694a,B,baseline,True,iterations,True,12,"[0.5, 0.75, 1.0]",5,partial,1,16,5,4,0.5,3,1.4,False,concurrent,06d868f693a728ac1102e913d6ba675227fc8ef9ccd5c18031507f8350390552,,True,incomplete_service,Not all customers served
0.5,0.5,5,INDEPENDENT_MPC_MCTS,0,c201_21,C2,cc755a6ec3edab8c320bf901f0c3bd34cea80123cf831b0059ea01c13c96bf1d,100,21,7709cf25d863e433db5f930daea8f385c3be3136daa80a5ec82080b243a85230,7743eb1ac99eee2c73e4f17417cf5415bfd237e8806f088f813ff3ea85df9efb,1,48,0,0,False,2,35,65,44,22.263457601447325,2,0,False,True,0,0.4779415000230074,768,0.08246043408342468,4.454545454545454,0.07886295003117993,756,0.1424425149918534,0.35,0,0,887.7811883306847,8,779.2210160506563,389.3777141801249,3.628259099670686,10715.942467237572,0,5,0,completed,2c108a41d36252174d721cfaf3b91c843b0010b13d9b5472bb876679e6779429,B,baseline,True,iterations,True,12,"[0.5, 0.75, 1.0]",5,partial,1,16,5,4,0.5,3,1.4,False,concurrent,06d868f693a728ac1102e913d6ba675227fc8ef9ccd5c18031507f8350390552,,True,incomplete_service,Not all customers served
0.75,0.75,21,INDEPENDENT_MPC_MCTS,0,rc101_21,RC1,272a3e58d53d4ba9516f01506164cf8a9b98bfeeb8dbd1fd62f6557e4c98e3a1,100,21,f4b729450b2911296fb332aa2b29aacf3be08754cc2c811f83ebe8617dc4124b,124b32150113c20aa0ba911bbdfc93d6ba23d7fde8a5b3a7ceec073afe94721d,0,221,0,0,False,22,73,27,118,31.75363305483207,20,0,False,True,0,1.3926680999575183,3536,0.046834444913271246,2.0847457627118646,0.023755299975164235,2809,0.09327654996886833,0.73,0,0,308.9202140759266,33,2318.015213002741,812.9479317787542,5.526464499766007,1059.459380106125,0,21,94,completed,2c4e3d05d9dd48288d82c9a743b8742219b91824b01f3aeddcf28cd5b6ce68fd,B,baseline,True,iterations,True,12,"[0.5, 0.75, 1.0]",5,partial,1,16,5,4,0.5,3,1.4,False,concurrent,06d868f693a728ac1102e913d6ba675227fc8ef9ccd5c18031507f8350390552,,True,incomplete_service,Not all customers served
0.0,0.0,3,INDEPENDENT_MPC_MCTS,0,r211_21,R2,79349433753cf23f69aef92bb7e6c6847b15e700badf73129a68b6d1e4915201,100,21,f5f653fdaa766d74cd1a39f415cfd36e8b89d8dc0495415d6d46521b2921f804,5f017e5268000e11c453d90f02178251b7a6348c6876e92aef9080c985ff70de,1,61,0,0,False,0,55,45,59,16.34274638814808,0,0,False,True,0,0.47528520005289465,976,0.10008696101653247,4.406779661016949,0.11098690005019307,954,0.1744974399800412,0.55,0,0,29.325689569011892,3,898.8510513481444,266.5971779001081,5.905130699975416,1472.394054523096,0,3,0,completed,2ce6974401cc923601fe8444132c907acd57da01ffa62eb6eefdfe5be39b042f,B,baseline,True,iterations,True,12,"[0.5, 0.75, 1.0]",5,partial,1,16,5,4,0.5,3,1.4,False,concurrent,06d868f693a728ac1102e913d6ba675227fc8ef9ccd5c18031507f8350390552,,True,incomplete_service,Not all customers served
0.0,0.0,5,COORDINATED_MPC_MCTS,0,c208_21,C2,6238a471231c4a029781b0059d2394708f055df07192948a8e1e1f462a7ccbea,100,21,711258b6e16dd832319ba5a781e77cc16979b839c32bebf76d9b717a7cbd1531,e93a70281fab3433719f8ee17f709770edcb491ca95c39d8e6a0bfc725ad893f,0,57,0,0,False,1,33,67,39,16.22429032670786,1,0,False,True,0,0.5355565999634564,912,0.10558628205221911,4.333333333333333,0.09190500003751367,825,0.18708469994599,0.33,0,0,502.95662187933317,4,535.4015807813594,219.63171261106254,4.117865000036545,12908.046912732745,5,5,15,completed,2d02d12960600bbd7c9c3d0b91a566680a7679d6550d6aea3bb900baa44d1cfa,B,baseline,True,iterations,True,12,"[0.5, 0.75, 1.0]",5,partial,1,16,5,4,0.5,3,1.4,False,concurrent,06d868f693a728ac1102e913d6ba675227fc8ef9ccd5c18031507f8350390552,,True,incomplete_service,Not all customers served
0.0,0.0,5,INDEPENDENT_MPC_MCTS,0,rc201_21,RC2,05de9a222789707ffcce07b31776e71b0ca87b7f72f5c0d115af11e39f2a2841,100,21,897b06b0a5232b4a55582c72c913db9299981a7e26d5f99ab9087c2a494b608a,24780f40ef3eacd4e382295beb5437b431fdc6c31ac8b7366f42b65ac6f89e24,1,44,0,0,False,1,34,66,40,31.749940831365393,1,0,False,True,0,0.6024043000070378,704,0.07579969499493018,3.65,0.04949514998588711,683,0.1552822000638116,0.34,0,0,70.42947057738678,5,1079.4979882664234,503.06764698133406,3.031987799797207,3160.1125767743542,0,5,0,completed,2d401e2106120bf99a2de6a258ab5fea59e1aa30517a3d723948102085cf341f,B,baseline,True,iterations,True,12,"[0.5, 0.75, 1.0]",5,partial,1,16,5,4,0.5,3,1.4,False,concurrent,06d868f693a728ac1102e913d6ba675227fc8ef9ccd5c18031507f8350390552,,True,incomplete_service,Not all customers served
0.75,0.75,5,COORDINATED_MPC_MCTS,0,rc201_21,RC2,05de9a222789707ffcce07b31776e71b0ca87b7f72f5c0d115af11e39f2a2841,100,21,897b06b0a5232b4a55582c72c913db9299981a7e26d5f99ab9087c2a494b608a,4e15bcb162efd958f0e8803927430749fc80022ef4128a572736773648e1724c,0,79,0,0,False,1,47,53,59,28.337435198530088,1,0,False,True,0,0.39737429993692786,1264,0.08703014914980316,3.559322033898305,0.09780849993694574,1064,0.16641550004715092,0.47,0,0,88.47607514711251,7,1331.859454330914,631.9719653365179,5.1347787998383865,2909.145899124416,5,5,20,completed,2d789dbd1029dbc22179f8c5d2f3c9d5334935fcfdf3865366378b2dbdcb7d6b,B,baseline,True,iterations,True,12,"[0.5, 0.75, 1.0]",5,partial,1,16,5,4,0.5,3,1.4,False,concurrent,06d868f693a728ac1102e913d6ba675227fc8ef9ccd5c18031507f8350390552,,True,incomplete_service,Not all customers served
0.75,0.75,13,MPC_MCTS_H1,0,c101_21,C1,c5cda6ca63a7d518902cf4b02d98b4aa0f373aaa0658d5c666d1c46d38871cb9,100,21,18cb8c56a43219b437afb391f11d42a3c7d8056ed895f0cb721b15683964ccb8,05e07a90c1848fcff465e020306f09a61abd5b39507303f14cfdd411f5b2c8b2,1,196,0,0,False,30,46,54,66,18.635470936904195,30,0,False,True,0,0.12665250001009554,3136,0.023152263646338586,0.7121212121212122,0.015963500016368926,2267,0.056880975054809824,0.46,0,0,235.34312895028162,4,857.231663097593,69.42275190273793,1.5280494006583467,10410.013786132715,13,13,133,completed,2dbe66565ddf38411d7f3b403087987ea2c85c718a74df75314ab17920dc6278,B,baseline,True,iterations,True,12,"[0.5, 0.75, 1.0]",5,partial,1,16,1,4,0.5,3,1.4,False,concurrent,06d868f693a728ac1102e913d6ba675227fc8ef9ccd5c18031507f8350390552,,True,incomplete_service,Not all customers served
0.75,0.75,18,COORDINATED_MPC_MCTS,0,rc108_21,RC1,e0bbd077f766d20a9e4c89f20604194bd7854b957653654cc6daa8fc729da355,100,21,1333cad9230e74ac53b5ae0fe8dcbb5fc0c14a6a9f561abf1324c241738de4cc,f5bfab69310f526cba665db1aaf82bf73a394ea39454305566501c5c17665ff4,1,384,0,0,False,28,86,14,118,22.89545827805823,28,0,False,True,0,1.4896631999872625,6144,0.08573621186680334,2.983050847457627,0.048097349994350225,4660,0.15455974999349564,0.86,0,0,349.53152627272925,21,1969.0094119130076,919.8198059808664,10.116873000282794,994.3652474894506,18,18,259,completed,2fa6a9798f3ffc9f9844c168be571e57becfc63d233433356be1ebcd68f4b29b,B,baseline,True,iterations,True,12,"[0.5, 0.75, 1.0]",5,partial,1,16,5,4,0.5,3,1.4,False,concurrent,06d868f693a728ac1102e913d6ba675227fc8ef9ccd5c18031507f8350390552,,True,incomplete_service,Not all customers served
0.0,0.0,4,COORDINATED_MPC_MCTS,0,rc208_21,RC2,848ac4428c45536e665596eb3031d4cf06747a109edbb2a5ab6498422157954d,100,21,bb62f751bd2f92a5591ef85431c7691fc4adc788ee2ff693b2b4e87903071c0a,5d2960c3eb87d5d225d3fc2ff65b121090b55eaf78f683d5d3dfb1828be193cd,0,99,0,0,False,1,66,34,87,22.42687038773226,1,0,False,True,0,0.6370322000002488,1584,0.11946561609410905,4.2298850574712645,0.1311362999258563,1445,0.19562846999615432,0.66,0,0,173.90878421392344,17,1480.1734455903293,966.1599122995747,10.393508600187488,1522.9288198728852,4,4,12,completed,317e4ea78e9cb2ad7b4d64951d775b2ba46a8329b02219f8098e15a9ccafdfb4,B,baseline,True,iterations,True,12,"[0.5, 0.75, 1.0]",5,partial,1,16,5,4,0.5,3,1.4,False,concurrent,06d868f693a728ac1102e913d6ba675227fc8ef9ccd5c18031507f8350390552,,True,incomplete_service,Not all customers served
0.25,0.25,13,COORDINATED_MPC_MCTS,0,c101_21,C1,c5cda6ca63a7d518902cf4b02d98b4aa0f373aaa0658d5c666d1c46d38871cb9,100,21,18cb8c56a43219b437afb391f11d42a3c7d8056ed895f0cb721b15683964ccb8,0098b9cb2908f5de14437ed2ab26a745cabdc6171c51da42147a621cce0ef0e0,1,207,0,0,False,7,63,37,99,25.829383745448105,7,0,False,True,0,1.4480719999410212,3312,0.06851742625697468,3.1515151515151514,0.047183800023049116,2482,0.1093716499628496,0.63,0,0,2317.357912520789,28,1627.2511759632307,683.586404873389,6.783225199440494,5872.773611960831,13,13,103,completed,31881fee788a76463d9af8b3bb1fe0239dd928e1e660ae6e63b6ad0a4e213105,B,baseline,True,iterations,True,12,"[0.5, 0.75, 1.0]",5,partial,1,16,5,4,0.5,3,1.4,False,concurrent,06d868f693a728ac1102e913d6ba675227fc8ef9ccd5c18031507f8350390552,,True,incomplete_service,Not all customers served
0.25,0.25,4,MPC_MCTS_H1,0,rc208_21,RC2,848ac4428c45536e665596eb3031d4cf06747a109edbb2a5ab6498422157954d,100,21,bb62f751bd2f92a5591ef85431c7691fc4adc788ee2ff693b2b4e87903071c0a,157677d86f2840296a0c72d7813dbadc67ed7165b2756aca612650cdaefac1d9,0,94,0,0,False,3,68,32,79,12.809690006854217,3,0,False,True,0,0.0709932999452576,1504,0.01841118100800705,0.9367088607594937,0.01641630008816719,1388,0.030819239991251354,0.68,0,0,72.4395816925089,7,871.0589204660868,402.4421205139384,1.4544832996325567,2176.0959098429225,4,4,15,completed,31a081b9103368f9b105e110cd2e0269cc1dd5d59af8b65a271922c32aad4988,B,baseline,True,iterations,True,12,"[0.5, 0.75, 1.0]",5,partial,1,16,1,4,0.5,3,1.4,False,concurrent,06d868f693a728ac1102e913d6ba675227fc8ef9ccd5c18031507f8350390552,,True,incomplete_service,Not all customers served
0.75,0.75,4,GREEDY,0,r201_21,R2,777cdc28fef020cd4df5ada1700f1a95d97eee53d26f5b26958b67cfd8cc51f2,100,21,a7a9d0da162b6556e18050cf8850d4508fc9c75572cd0fad769a8f8e9e43bc1b,0194e556b422aac66c7322a0d07138512f9d914377c33e93e850bfc5367155dc,0,60,0,0,False,3,36,64,47,32.39604326842624,3,0,False,True,0,0.01800150005146861,0,0.0022857936168525447,0.851063829787234,0.0017612999072298408,0,0.0036059099831618324,0.36,0,0,79.59107684934568,5,1166.2575576633446,497.4442303084105,0.1074322999920696,2394.1513654873092,0,4,15,completed,33e9c29112660d75672ae66cf8dfc2723fe7d5aef363444ba0ddb93106452cda,B,baseline,True,iterations,True,12,"[0.5, 0.75, 1.0]",5,partial,1,16,5,4,0.5,3,1.4,False,concurrent,06d868f693a728ac1102e913d6ba675227fc8ef9ccd5c18031507f8350390552,,True,incomplete_service,Not all customers served
0.5,0.5,14,INDEPENDENT_MPC_MCTS,0,c109_21,C1,c139ad52f11e291a5e17b4aa03bc1f1d6ca704b7b2c1a1cec53489d1e749664f,100,21,0d2eb63aa77ae4820451c6700ab15c2313f31fb84696cb2d6ac992ec86825cd2,2d7481bfe4584024e0281b0a46ab0ff8e28b7fd483d4cba8197537b8598bf6c3,0,180,0,0,False,12,82,18,124,22.56989733841089,10,0,False,True,0,1.3568310000700876,2880,0.06510292339390295,3.0806451612903225,0.04839584993897006,2416,0.12170973492902702,0.82,0,0,3377.8086468500564,30,1850.7315817496929,996.403730634235,8.072762500843965,2893.6420607282093,0,14,54,completed,34e32bcdbef796c47d84b7dd62f5fd47f646b5ee911a023307a245f3b7877a53,B,baseline,True,iterations,True,12,"[0.5, 0.75, 1.0]",5,partial,1,16,5,4,0.5,3,1.4,False,concurrent,06d868f693a728ac1102e913d6ba675227fc8ef9ccd5c18031507f8350390552,,True,incomplete_service,Not all customers served
0.75,0.75,5,INDEPENDENT_MPC_MCTS,0,c208_21,C2,6238a471231c4a029781b0059d2394708f055df07192948a8e1e1f462a7ccbea,100,21,711258b6e16dd832319ba5a781e77cc16979b839c32bebf76d9b717a7cbd1531,e4966eb4c8496bff6d22068a3d7694fcde338c56188ecd3da175acfa6602cee4,0,46,0,0,False,3,34,66,42,17.216765245083394,3,0,False,True,0,0.4640167000470683,736,0.09378015238880402,4.119047619047619,0.09468155005015433,730,0.1597895750135649,0.34,0,0,614.6955624491807,6,585.3700183328355,268.4260098031356,3.9387664003297687,10372.967610841502,0,5,1,completed,3515bf7b5fef546cb776124711c814a4bf88cf00be91db8704f9d03060456d8c,B,baseline,True,iterations,True,12,"[0.5, 0.75, 1.0]",5,partial,1,16,5,4,0.5,3,1.4,False,concurrent,06d868f693a728ac1102e913d6ba675227fc8ef9ccd5c18031507f8350390552,,True,incomplete_service,Not all customers served
0.25,0.25,14,MPC_MCTS_H1,0,c109_21,C1,c139ad52f11e291a5e17b4aa03bc1f1d6ca704b7b2c1a1cec53489d1e749664f,100,21,0d2eb63aa77ae4820451c6700ab15c2313f31fb84696cb2d6ac992ec86825cd2,d9a45d7b76deab6523566e4a3e0aa66f1c516147e49c1e06b8ce998f0a880202,1,266,0,0,False,37,57,43,74,20.698948509193432,37,0,False,True,0,0.16099740006029606,4256,0.04095293784583289,0.7837837837837838,0.019821599998977035,3597,0.13198438498075118,0.57,0,0,540.90214588486,9,1179.8400650240255,159.5581551282773,3.030517400591634,10146.564274203605,14,14,186,completed,3662a8d22d3209fbe2acdc3c42eb4c9025052b4ce63f11bea6a485c5e730d3c4,B,baseline,True,iterations,True,12,"[0.5, 0.75, 1.0]",5,partial,1,16,1,4,0.5,3,1.4,False,concurrent,06d868f693a728ac1102e913d6ba675227fc8ef9ccd5c18031507f8350390552,,True,incomplete_service,Not all customers served
0.75,0.75,5,COORDINATED_MPC_MCTS,0,c201_21,C2,cc755a6ec3edab8c320bf901f0c3bd34cea80123cf831b0059ea01c13c96bf1d,100,21,7709cf25d863e433db5f930daea8f385c3be3136daa80a5ec82080b243a85230,2735a913aa344c597a519f875312064a8a801d059a230acb5af78d2edab4499a,1,90,0,0,False,2,45,55,70,26.96679223107275,2,0,False,True,0,0.4072302000131458,1440,0.09153104713685545,4.185714285714286,0.08935530000599101,1346,0.14996538998675532,0.45,0,0,1889.3144406659167,22,1213.5056503982737,828.6466845025951,6.407173299579881,9771.007337786099,5,5,18,completed,37339d18d89a740f9ae1bc63d0bf7eae3b29aefdba4c9f5530823763ed6b7ad6,B,baseline,True,iterations,True,12,"[0.5, 0.75, 1.0]",5,partial,1,16,5,4,0.5,3,1.4,False,concurrent,06d868f693a728ac1102e913d6ba675227fc8ef9ccd5c18031507f8350390552,,True,incomplete_service,Not all customers served
0.5,0.5,4,MPC_MCTS_H1,0,r201_21,R2,777cdc28fef020cd4df5ada1700f1a95d97eee53d26f5b26958b67cfd8cc51f2,100,21,a7a9d0da162b6556e18050cf8850d4508fc9c75572cd0fad769a8f8e9e43bc1b,ccd29c5a103e1ac93923390020464a030079b329b720bcf2150a31fbf8d50840,1,52,0,0,False,3,35,65,38,15.670765958280816,3,0,False,True,0,0.07246799999848008,832,0.01784491052507962,0.9210526315789473,0.015008200018201023,710,0.02978760502301156,0.35,0,0,0.4868381982497812,1,548.4768085398285,3.0427387390611322,0.6781065999530256,3093.0609390678046,4,4,12,completed,37ada85ad9aa83c2521f8d25c518745c655ed3c283d8ea32286713a709ed9887,B,baseline,True,iterations,True,12,"[0.5, 0.75, 1.0]",5,partial,1,16,1,4,0.5,3,1.4,False,concurrent,06d868f693a728ac1102e913d6ba675227fc8ef9ccd5c18031507f8350390552,,True,incomplete_service,Not all customers served
0.5,0.5,13,GREEDY,0,c101_21,C1,c5cda6ca63a7d518902cf4b02d98b4aa0f373aaa0658d5c666d1c46d38871cb9,100,21,18cb8c56a43219b437afb391f11d42a3c7d8056ed895f0cb721b15683964ccb8,4e661d4e64a2bbaa7874fb3820e0387024b5c87feca70615229167d74eb8485e,1,256,0,0,False,30,58,42,87,25.21513035996268,30,0,False,True,0,0.023767100065015256,0,0.0028093091958876827,0.7701149425287356,0.0018255000468343496,0,0.005853829975239935,0.58,0,0,1724.67114192366,13,1462.4775608778355,508.75254924001763,0.2444099000422284,7660.851297198505,0,13,172,completed,3862c32831e97435dbb7c4bc3945e04ac9f6c3446e60e8797e190b9e3855a242,B,baseline,True,iterations,True,12,"[0.5, 0.75, 1.0]",5,partial,1,16,5,4,0.5,3,1.4,False,concurrent,06d868f693a728ac1102e913d6ba675227fc8ef9ccd5c18031507f8350390552,,True,incomplete_service,Not all customers served
0.0,0.0,5,GREEDY,0,rc201_21,RC2,05de9a222789707ffcce07b31776e71b0ca87b7f72f5c0d115af11e39f2a2841,100,21,897b06b0a5232b4a55582c72c913db9299981a7e26d5f99ab9087c2a494b608a,ec4b54eb7bef324fd54eeab55010bd2b9c3009007b90a4bf3e81fac1da5416be,0,89,0,0,False,5,57,43,73,39.16227284467477,5,0,False,True,0,0.014741100021637976,0,0.0019813534318890475,0.9041095890410958,0.0015388000756502151,0,0.004540919978171585,0.57,0,0,201.94862298917968,10,2232.2495521464616,1442.4901642084262,0.14463880052790046,1795.801824864358,0,5,17,completed,38abe2e78e793bb7535e1df3caf1e010d83208fad5bfb4dc2ab1472afba085cc,B,baseline,True,iterations,True,12,"[0.5, 0.75, 1.0]",5,partial,1,16,5,4,0.5,3,1.4,False,concurrent,06d868f693a728ac1102e913d6ba675227fc8ef9ccd5c18031507f8350390552,,True,incomplete_service,Not all customers served
0.0,0.0,21,GREEDY,0,rc101_21,RC1,272a3e58d53d4ba9516f01506164cf8a9b98bfeeb8dbd1fd62f6557e4c98e3a1,100,21,f4b729450b2911296fb332aa2b29aacf3be08754cc2c811f83ebe8617dc4124b,af85ff48cadaf75a458147018f8439d1af8a9b44e75c4d0ff11319aa3b6ad49b,1,467,0,0,False,77,72,28,111,32.67679351485395,77,0,False,True,0,0.031303799943998456,0,0.003738005411693709,0.7477477477477478,0.0025548000121489167,0,0.012884150026366115,0.72,0,0,324.3672286942961,21,2352.7291330694843,853.5979702481476,0.4149186006980017,1642.9036382362196,0,21,353,completed,398aaa625ea2a61c6d34ce9d077e5b0512edb58b09534c8f5a752b5e49fdee21,B,baseline,True,iterations,True,12,"[0.5, 0.75, 1.0]",5,partial,1,16,5,4,0.5,3,1.4,False,concurrent,06d868f693a728ac1102e913d6ba675227fc8ef9ccd5c18031507f8350390552,,True,incomplete_service,Not all customers served
0.25,0.25,4,COORDINATED_MPC_MCTS,0,rc208_21,RC2,848ac4428c45536e665596eb3031d4cf06747a109edbb2a5ab6498422157954d,100,21,bb62f751bd2f92a5591ef85431c7691fc4adc788ee2ff693b2b4e87903071c0a,73627a54354afa91d48dfd888c225b6f1b4395ff85944a7a8cd75a1bce4d001b,1,89,0,0,False,0,55,45,75,23.60032455210597,0,0,False,True,0,0.6252413999754936,1424,0.10993548665971806,4.213333333333333,0.12170380004681647,1296,0.18775726999156175,0.55,0,0,139.82074377873707,17,1298.0178503658283,776.7819098818726,8.245161499478854,1848.535373829316,4,4,13,completed,39d1b396bf2ce3f0ae9138372af8164802b7448992e0b40958f04386d84ab62b,B,baseline,True,iterations,True,12,"[0.5, 0.75, 1.0]",5,partial,1,16,5,4,0.5,3,1.4,False,concurrent,06d868f693a728ac1102e913d6ba675227fc8ef9ccd5c18031507f8350390552,,True,incomplete_service,Not all customers served
0.75,0.75,21,GREEDY,0,rc101_21,RC1,272a3e58d53d4ba9516f01506164cf8a9b98bfeeb8dbd1fd62f6557e4c98e3a1,100,21,f4b729450b2911296fb332aa2b29aacf3be08754cc2c811f83ebe8617dc4124b,124b32150113c20aa0ba911bbdfc93d6ba23d7fde8a5b3a7ceec073afe94721d,0,507,0,0,False,77,71,29,118,33.04648790824352,77,0,False,True,0,0.02981610002461821,0,0.003578749998330565,0.711864406779661,0.002462900010868907,0,0.007467084936797596,0.71,0,0,383.4911620958059,21,2346.30064148529,1009.1872686731734,0.42229249980300665,1600.2081964189042,0,21,394,completed,3bfd6193d695fb785607190fa317bd7693bbb153cb552a7045fa152193b44d79,B,baseline,True,iterations,True,12,"[0.5, 0.75, 1.0]",5,partial,1,16,5,4,0.5,3,1.4,False,concurrent,06d868f693a728ac1102e913d6ba675227fc8ef9ccd5c18031507f8350390552,,True,incomplete_service,Not all customers served
0.0,0.0,5,MPC_MCTS_H1,0,c201_21,C2,cc755a6ec3edab8c320bf901f0c3bd34cea80123cf831b0059ea01c13c96bf1d,100,21,7709cf25d863e433db5f930daea8f385c3be3136daa80a5ec82080b243a85230,103c0d716a2f4b602f30375bfa4cccae4360f00ad3385b70f9970a903fc4ec01,0,38,0,0,False,5,16,84,18,15.229577939201576,5,0,False,True,0,0.06439690000843257,608,0.02588898888401066,0.8888888888888888,0.017448449973016977,506,0.06167689997819252,0.16,0,0,0.0,0,243.67324702722522,0.0,0.4660017999121919,15246.685210748567,5,5,17,completed,3c08e715d19079e7d71b3ba9b537113ecf55cfcd2d72d831928a8552116ca579,B,baseline,True,iterations,True,12,"[0.5, 0.75, 1.0]",5,partial,1,16,1,4,0.5,3,1.4,False,concurrent,06d868f693a728ac1102e913d6ba675227fc8ef9ccd5c18031507f8350390552,,True,incomplete_service,Not all customers served
0.5,0.5,19,COORDINATED_MPC_MCTS,0,r112_21,R1,004d91650145be584ea6392f9bac9bef40e22a63e0f25f4e87e04fdbd2278b0c,100,21,5d2d688393ea73d7304b019a41e95c98d2c011a287aa79b62d31a9462396f3d0,e9ffc31fa2a6cf8d41d13093537da9b7473fa24e98ca487e94e143545e354007,1,370,0,0,False,16,87,13,124,20.670282225710267,16,0,False,True,0,2.343755600042641,5920,0.09414079355549128,3.0080645161290325,0.04948025004705414,4439,0.16135556495282793,0.87,0,0,397.97173060159986,30,1798.3145536367933,865.1559360904345,11.673458400880918,1152.3248896620187,19,19,234,completed,3c6ff61a0a45db88ba6253f813502f223c2ac7dc8ff6a2cad5d94ca18ecc8b70,B,baseline,True,iterations,True,12,"[0.5, 0.75, 1.0]",5,partial,1,16,5,4,0.5,3,1.4,False,concurrent,06d868f693a728ac1102e913d6ba675227fc8ef9ccd5c18031507f8350390552,,True,incomplete_service,Not all customers served
0.5,0.5,20,MPC_MCTS_H1,0,r101_21,R1,0e5a3dffffbd3c516b528ef32ba1a488b817d2f151fc3e8c81023814de1c103a,100,21,eff55182b21377e4bea8207e9200f55561609fca70ed7b70d688aaf23af4b5ae,e6ffe2a03869204eb90e766259ffdebbfc9bb40918834a4df48100fe9a14ee12,1,357,0,0,False,70,38,62,53,21.999342565261077,70,0,False,True,0,0.18798609997611493,5712,0.04641235283277226,0.7169811320754716,0.033520800061523914,4025,0.13206314002163708,0.38,0,0,8.311012794187743,4,835.9750174799209,17.31460998789113,2.4598547001369298,3323.6176295046735,20,20,295,completed,3cbd0622b9e8f28e6d0fa54c41a8ec251f5f9a802416007a490f6f8bdb5ee285,B,baseline,True,iterations,True,12,"[0.5, 0.75, 1.0]",5,partial,1,16,1,4,0.5,3,1.4,False,concurrent,06d868f693a728ac1102e913d6ba675227fc8ef9ccd5c18031507f8350390552,,True,incomplete_service,Not all customers served
0.5,0.5,4,MPC_MCTS_H1,0,rc208_21,RC2,848ac4428c45536e665596eb3031d4cf06747a109edbb2a5ab6498422157954d,100,21,bb62f751bd2f92a5591ef85431c7691fc4adc788ee2ff693b2b4e87903071c0a,8f25e277b285481ad0b29ab0591d4df1c15cc6d3384df60643a72bd985190993,0,95,0,0,False,3,69,31,82,14.59991909054855,3,0,False,True,0,0.05051380000077188,1520,0.016276957308192078,0.9512195121951219,0.014410550007596612,1418,0.027941654960159212,0.69,0,0,114.55063491286258,9,1007.3944172478499,636.3924161825698,1.3347104992717505,2025.0659975164237,4,4,13,completed,3cd0a58a4d68e2a09eb8c98867f56e4aae96b3612c37e57847b07b71bda82764,B,baseline,True,iterations,True,12,"[0.5, 0.75, 1.0]",5,partial,1,16,1,4,0.5,3,1.4,False,concurrent,06d868f693a728ac1102e913d6ba675227fc8ef9ccd5c18031507f8350390552,,True,incomplete_service,Not all customers served
0.0,0.0,5,INDEPENDENT_MPC_MCTS,0,rc201_21,RC2,05de9a222789707ffcce07b31776e71b0ca87b7f72f5c0d115af11e39f2a2841,100,21,897b06b0a5232b4a55582c72c913db9299981a7e26d5f99ab9087c2a494b608a,ec4b54eb7bef324fd54eeab55010bd2b9c3009007b90a4bf3e81fac1da5416be,0,43,0,0,False,0,35,65,39,30.988462873087187,0,0,False,True,0,0.5978130999719724,688,0.07805941795381025,3.7435897435897436,0.06647570000495762,674,0.13967330994782973,0.35,0,0,69.88592187832954,3,1084.5962005580516,499.1851562737824,3.0443173001985997,3122.9696872222285,0,5,0,completed,3d757831cb60b10431c95c1800256c741a9b22b13e43876c612801abc4ba6c6d,B,baseline,True,iterations,True,12,"[0.5, 0.75, 1.0]",5,partial,1,16,5,4,0.5,3,1.4,False,concurrent,06d868f693a728ac1102e913d6ba675227fc8ef9ccd5c18031507f8350390552,,True,incomplete_service,Not all customers served
0.5,0.5,4,GREEDY,0,r201_21,R2,777cdc28fef020cd4df5ada1700f1a95d97eee53d26f5b26958b67cfd8cc51f2,100,21,a7a9d0da162b6556e18050cf8850d4508fc9c75572cd0fad769a8f8e9e43bc1b,ccd29c5a103e1ac93923390020464a030079b329b720bcf2150a31fbf8d50840,1,76,0,0,False,3,47,53,61,29.0812805548154,3,0,False,True,0,0.008180400007404387,0,0.002144021314156593,0.9016393442622951,0.0018801999976858497,0,0.006607200019061565,0.47,0,0,156.48777048638547,8,1366.8201860763238,978.0485655399092,0.13078530016355217,2006.6920434372903,0,4,17,completed,3d7eba75503ab5fc40c6f8491e7f32ccc7afe99867aa83a98a819d0c42e70201,B,baseline,True,iterations,True,12,"[0.5, 0.75, 1.0]",5,partial,1,16,5,4,0.5,3,1.4,False,concurrent,06d868f693a728ac1102e913d6ba675227fc8ef9ccd5c18031507f8350390552,,True,incomplete_service,Not all customers served
0.75,0.75,20,GREEDY,0,r101_21,R1,0e5a3dffffbd3c516b528ef32ba1a488b817d2f151fc3e8c81023814de1c103a,100,21,eff55182b21377e4bea8207e9200f55561609fca70ed7b70d688aaf23af4b5ae,bc91328f26af1c85836e9c4efcc3a5710c79d039e204ea52be3648fae7bccd3b,0,511,0,0,False,71,64,36,107,25.497127653752926,71,0,False,True,0,0.03130879998207092,0,0.004390458877755451,0.719626168224299,0.002902400097809732,0,0.01079326997278258,0.64,0,0,286.0608113017695,21,1631.8161698401873,595.9600235453531,0.46977909991983324,2042.1230188580432,0,20,406,completed,3e108baca6aace6e78e572bfa090c374fd7b38fe276f2ff217e40fe540cf5412,B,baseline,True,iterations,True,12,"[0.5, 0.75, 1.0]",5,partial,1,16,5,4,0.5,3,1.4,False,concurrent,06d868f693a728ac1102e913d6ba675227fc8ef9ccd5c18031507f8350390552,,True,incomplete_service,Not all customers served
0.0,0.0,4,COORDINATED_MPC_MCTS,0,r201_21,R2,777cdc28fef020cd4df5ada1700f1a95d97eee53d26f5b26958b67cfd8cc51f2,100,21,a7a9d0da162b6556e18050cf8850d4508fc9c75572cd0fad769a8f8e9e43bc1b,ca718e6c1f232113a74e492dd795fc54cd65d683715461017e67b20391621b5c,0,63,0,0,False,2,40,60,48,21.604289753403723,2,0,False,True,0,0.45153690001461655,1008,0.10084125833479145,3.9166666666666665,0.10893914999905974,891,0.19924306999309918,0.4,0,0,28.56470695949422,6,864.1715901361489,178.52941849683884,4.840380400069989,2698.629567634192,4,4,13,completed,3f004cfd84b5a7ed9d0c9218b7a501d402518f744d4456d8aa906f9fed95563f,B,baseline,True,iterations,True,12,"[0.5, 0.75, 1.0]",5,partial,1,16,5,4,0.5,3,1.4,False,concurrent,06d868f693a728ac1102e913d6ba675227fc8ef9ccd5c18031507f8350390552,,True,incomplete_service,Not all customers served
0.75,0.75,5,INDEPENDENT_MPC_MCTS,0,c201_21,C2,cc755a6ec3edab8c320bf901f0c3bd34cea80123cf831b0059ea01c13c96bf1d,100,21,7709cf25d863e433db5f930daea8f385c3be3136daa80a5ec82080b243a85230,2735a913aa344c597a519f875312064a8a801d059a230acb5af78d2edab4499a,1,80,0,0,False,1,56,44,76,21.56795289402189,1,0,False,True,0,0.3148065999848768,1280,0.08256748683235951,4.2894736842105265,0.08528444997500628,1275,0.14246004994492978,0.56,0,0,1676.4382167524716,18,1207.8053620652258,735.2799196282771,6.275128999259323,7592.110804159814,0,5,1,completed,3f1f84bcd6f441f75dc069da166b9e6b5d58cd3026665d6258f055dff02e6b77,B,baseline,True,iterations,True,12,"[0.5, 0.75, 1.0]",5,partial,1,16,5,4,0.5,3,1.4,False,concurrent,06d868f693a728ac1102e913d6ba675227fc8ef9ccd5c18031507f8350390552,,True,incomplete_service,Not all customers served
0.5,0.5,13,COORDINATED_MPC_MCTS,0,c101_21,C1,c5cda6ca63a7d518902cf4b02d98b4aa0f373aaa0658d5c666d1c46d38871cb9,100,21,18cb8c56a43219b437afb391f11d42a3c7d8056ed895f0cb721b15683964ccb8,36effcf880a9fa96164abaa2767519ebec30a23ad53c3bff371f65280f13c403,0,227,0,0,False,4,67,33,104,24.729489905131246,4,0,False,True,0,0.5761070000007749,3632,0.034140480770684704,3.019230769230769,0.025709500012453645,2566,0.06240659995819442,0.67,0,0,2763.1598724554133,29,1656.8758236437934,815.0914078039567,3.5506100001512095,5158.309834757853,13,13,118,completed,3f271e923d809fbd5a0f36f9456e85f75cbf7c11089454b780a98f3b967ec00b,B,baseline,True,iterations,True,12,"[0.5, 0.75, 1.0]",5,partial,1,16,5,4,0.5,3,1.4,False,isolated,06d868f693a728ac1102e913d6ba675227fc8ef9ccd5c18031507f8350390552,,True,incomplete_service,Not all customers served
0.75,0.75,19,GREEDY,0,r112_21,R1,004d91650145be584ea6392f9bac9bef40e22a63e0f25f4e87e04fdbd2278b0c,100,21,5d2d688393ea73d7304b019a41e95c98d2c011a287aa79b62d31a9462396f3d0,08fc47ae114d4735230d770e069f38fb339e562e522a2245ffa363f9edf0fbf4,1,279,0,0,False,63,75,25,129,33.373353778043494,63,0,False,True,0,0.03457299992442131,0,0.0032156968945926128,0.7286821705426356,0.0020670000230893493,0,0.008421680005267253,0.75,0,0,612.5734910889478,30,2503.001533353262,1331.6815023672775,0.41482489940244704,504.4249755577905,0,19,155,completed,3f8865678a49b5378f8713a54783bb1f42d4a4536ac13b7886d9dc7ad1e1ae36,B,baseline,True,iterations,True,12,"[0.5, 0.75, 1.0]",5,partial,1,16,5,4,0.5,3,1.4,False,concurrent,06d868f693a728ac1102e913d6ba675227fc8ef9ccd5c18031507f8350390552,,True,incomplete_service,Not all customers served
0.5,0.5,3,INDEPENDENT_MPC_MCTS,0,r211_21,R2,79349433753cf23f69aef92bb7e6c6847b15e700badf73129a68b6d1e4915201,100,21,f5f653fdaa766d74cd1a39f415cfd36e8b89d8dc0495415d6d46521b2921f804,08cc6ebb54fc6c6d644681f55d3a42e7e85c66ad22b41e8ca5f764f6a846cb51,1,58,0,0,False,0,49,51,56,17.856936176865723,0,0,False,True,0,0.4127541999332607,928,0.09961112499877345,4.160714285714286,0.11676310002803802,904,0.1742075249494519,0.49,0,0,50.07186574463088,6,874.9898726664204,455.1987794966443,5.578222999931313,1527.391419923741,0,3,0,completed,40663564c503ad3ac50693877f2b6f74f8d885aabd36c3b42aa445379003500b,B,baseline,True,iterations,True,12,"[0.5, 0.75, 1.0]",5,partial,1,16,5,4,0.5,3,1.4,False,concurrent,06d868f693a728ac1102e913d6ba675227fc8ef9ccd5c18031507f8350390552,,True,incomplete_service,Not all customers served
0.25,0.25,21,COORDINATED_MPC_MCTS,0,rc101_21,RC1,272a3e58d53d4ba9516f01506164cf8a9b98bfeeb8dbd1fd62f6557e4c98e3a1,100,21,f4b729450b2911296fb332aa2b29aacf3be08754cc2c811f83ebe8617dc4124b,63402ba09d1ec49a84c31d22236d2715563a110587988bb74c566d140838b781,0,407,0,0,False,22,67,33,100,29.56463937683348,22,0,False,True,0,1.7650858999695629,6512,0.08067812699242495,2.87,0.04705079999985173,4827,0.12512829503393721,0.67,0,0,276.91107822346265,27,1980.830838247843,728.7133637459544,8.067812699242495,2033.6177302938386,21,21,292,completed,4176ed2ac2f98ed56e6839d9b93a6b0a66a6b752d9e685aeaa26ba1d13b3874c,B,baseline,True,iterations,True,12,"[0.5, 0.75, 1.0]",5,partial,1,16,5,4,0.5,3,1.4,False,concurrent,06d868f693a728ac1102e913d6ba675227fc8ef9ccd5c18031507f8350390552,,True,incomplete_service,Not all customers served
0.5,0.5,13,INDEPENDENT_MPC_MCTS,0,c101_21,C1,c5cda6ca63a7d518902cf4b02d98b4aa0f373aaa0658d5c666d1c46d38871cb9,100,21,18cb8c56a43219b437afb391f11d42a3c7d8056ed895f0cb721b15683964ccb8,4e661d4e64a2bbaa7874fb3820e0387024b5c87feca70615229167d74eb8485e,1,99,0,0,False,11,64,36,82,22.347146366802754,9,0,False,True,0,1.0771901999833062,1584,0.05943530121897688,3.402439024390244,0.03754955000476912,1535,0.11222564497729766,0.64,0,0,1978.4478416433915,18,1430.2173674753762,583.6129326381686,4.873694699956104,5023.202620506023,0,13,4,completed,419e071afa42dcb7188b8fea98c0f49475088d32b77b9774f4f4e1e65bb48dce,B,baseline,True,iterations,True,12,"[0.5, 0.75, 1.0]",5,partial,1,16,5,4,0.5,3,1.4,False,concurrent,06d868f693a728ac1102e913d6ba675227fc8ef9ccd5c18031507f8350390552,,True,incomplete_service,Not all customers served
0.25,0.25,4,MPC_MCTS_H1,0,r201_21,R2,777cdc28fef020cd4df5ada1700f1a95d97eee53d26f5b26958b67cfd8cc51f2,100,21,a7a9d0da162b6556e18050cf8850d4508fc9c75572cd0fad769a8f8e9e43bc1b,9a5bbe4a2f314e39748e37b41bd217744c894b302e6fa18968cccfa04dcb789e,0,48,0,0,False,3,32,68,36,13.410486593831143,3,0,False,True,0,0.06380940007511526,768,0.018412794458628114,0.8888888888888888,0.015526600007433444,671,0.0376843249250669,0.32,0,0,0.0,0,429.1355710025966,0.0,0.6628606005106121,3246.9626277300936,4,4,12,completed,41b2add26b821330fd8f7b3cb48d58c01e94e4903012e4062b5cf9d29a98110d,B,baseline,True,iterations,True,12,"[0.5, 0.75, 1.0]",5,partial,1,16,1,4,0.5,3,1.4,False,concurrent,06d868f693a728ac1102e913d6ba675227fc8ef9ccd5c18031507f8350390552,,True,incomplete_service,Not all customers served
0.0,0.0,5,COORDINATED_MPC_MCTS,0,rc201_21,RC2,05de9a222789707ffcce07b31776e71b0ca87b7f72f5c0d115af11e39f2a2841,100,21,897b06b0a5232b4a55582c72c913db9299981a7e26d5f99ab9087c2a494b608a,ec4b54eb7bef324fd54eeab55010bd2b9c3009007b90a4bf3e81fac1da5416be,0,67,0,0,False,0,37,63,46,29.24568136011645,0,0,False,True,0,0.6914675000589341,1072,0.09133489129548568,3.5,0.0827346999431029,897,0.17076589993666857,0.37,0,0,69.68675128074761,5,1082.0902103243086,497.7625091481972,4.2014049995923415,3265.2708822970444,5,5,20,completed,424ed4dbc75ed2d195fa0085f2a161580c3aa564396ea234bf6df28d3eff9d79,B,baseline,True,iterations,True,12,"[0.5, 0.75, 1.0]",5,partial,1,16,5,4,0.5,3,1.4,False,concurrent,06d868f693a728ac1102e913d6ba675227fc8ef9ccd5c18031507f8350390552,,True,incomplete_service,Not all customers served
0.0,0.0,3,COORDINATED_MPC_MCTS,0,r211_21,R2,79349433753cf23f69aef92bb7e6c6847b15e700badf73129a68b6d1e4915201,100,21,f5f653fdaa766d74cd1a39f415cfd36e8b89d8dc0495415d6d46521b2921f804,5f017e5268000e11c453d90f02178251b7a6348c6876e92aef9080c985ff70de,1,62,0,0,False,0,50,50,55,17.240983404398385,0,0,False,True,0,0.46830950002186,992,0.12428377454211427,4.345454545454546,0.1356730000115931,914,0.2215650499216281,0.5,0,0,70.4386901778845,3,862.0491702199192,640.351728889859,6.835607599816285,1540.1793201847618,3,3,6,completed,428e0e3ddab82faa91957d8656d017edcee09cbfba53078cd50187ef6eae424f,B,baseline,True,iterations,True,12,"[0.5, 0.75, 1.0]",5,partial,1,16,5,4,0.5,3,1.4,False,concurrent,06d868f693a728ac1102e913d6ba675227fc8ef9ccd5c18031507f8350390552,,True,incomplete_service,Not all customers served
0.75,0.75,18,INDEPENDENT_MPC_MCTS,0,rc108_21,RC1,e0bbd077f766d20a9e4c89f20604194bd7854b957653654cc6daa8fc729da355,100,21,1333cad9230e74ac53b5ae0fe8dcbb5fc0c14a6a9f561abf1324c241738de4cc,902f8085095247d3e5f32b1372ac8cf5658be2b045d2c8ccb56f304ed28e9126,0,176,0,0,False,15,87,13,126,23.093772047650376,12,0,False,True,0,1.7642142999684438,2816,0.06239010793219749,2.7857142857142856,0.03677179996157065,2541,0.11784499994246289,0.87,0,0,367.1958850087562,30,2009.1581681455827,966.3049605493585,7.861153599456884,447.63391329324605,0,18,41,completed,4435333f0cb5c2761ba08c471d6a30a76b97f95e5cf4d2f6d2a88425ecd7327d,B,baseline,True,iterations,True,12,"[0.5, 0.75, 1.0]",5,partial,1,16,5,4,0.5,3,1.4,False,concurrent,06d868f693a728ac1102e913d6ba675227fc8ef9ccd5c18031507f8350390552,,True,incomplete_service,Not all customers served
0.25,0.25,14,GREEDY,0,c109_21,C1,c139ad52f11e291a5e17b4aa03bc1f1d6ca704b7b2c1a1cec53489d1e749664f,100,21,0d2eb63aa77ae4820451c6700ab15c2313f31fb84696cb2d6ac992ec86825cd2,d9a45d7b76deab6523566e4a3e0aa66f1c516147e49c1e06b8ce998f0a880202,1,336,0,0,False,36,85,15,119,23.603046698798714,36,0,False,True,0,0.020975699997507036,0,0.0028105882346677056,0.8403361344537815,0.0020068000303581357,0,0.005413090053480116,0.85,0,0,3677.9090365786064,21,2006.2589693978907,1084.9289193447216,0.33445999992545694,3969.831994023502,0,14,216,completed,447b5b778a7de95a450fd084bf71f40b59d7d5b5725e1b10754955fa21a74e11,B,baseline,True,iterations,True,12,"[0.5, 0.75, 1.0]",5,partial,1,16,5,4,0.5,3,1.4,False,concurrent,06d868f693a728ac1102e913d6ba675227fc8ef9ccd5c18031507f8350390552,,True,incomplete_service,Not all customers served
0.25,0.25,19,COORDINATED_MPC_MCTS,0,r112_21,R1,004d91650145be584ea6392f9bac9bef40e22a63e0f25f4e87e04fdbd2278b0c,100,21,5d2d688393ea73d7304b019a41e95c98d2c011a287aa79b62d31a9462396f3d0,02c97ad1bd7856d2c9e50755ff77f837c888f8287bff020493bf538de0158c56,1,370,0,0,False,14,82,18,113,20.0915647363592,14,0,False,True,0,2.4480100000509992,5920,0.09438710088895189,3.0353982300884956,0.05431079992558807,4327,0.16116041999775915,0.82,0,0,349.98416160896295,26,1647.5083083814543,760.8351339325282,10.665742400451563,1437.5361019421034,19,19,243,completed,44f3e48f01f3c5f0beb8eb6bc017989b0455c70f9a17241bbe6490d80d146f62,B,baseline,True,iterations,True,12,"[0.5, 0.75, 1.0]",5,partial,1,16,5,4,0.5,3,1.4,False,concurrent,06d868f693a728ac1102e913d6ba675227fc8ef9ccd5c18031507f8350390552,,True,incomplete_service,Not all customers served
0.0,0.0,13,COORDINATED_MPC_MCTS,0,c101_21,C1,c5cda6ca63a7d518902cf4b02d98b4aa0f373aaa0658d5c666d1c46d38871cb9,100,21,18cb8c56a43219b437afb391f11d42a3c7d8056ed895f0cb721b15683964ccb8,1281b7078484367b77b747a736f2a8088abe257c6ea490019679ebe0e752b504,1,215,0,0,False,8,66,34,103,25.257264419363405,8,0,False,True,0,1.389582100091502,3440,0.07177232136357647,3.1844660194174756,0.044352800003252923,2620,0.11962778003653503,0.66,0,0,2491.7881924933868,28,1666.9794516779848,735.0407647473118,7.392549100448377,5279.143608081883,13,13,108,completed,458a5adc52ba6c07358c319741d4e2b9daa475952c5a4ff371c4ada3ed175bd2,B,baseline,True,iterations,True,12,"[0.5, 0.75, 1.0]",5,partial,1,16,5,4,0.5,3,1.4,False,concurrent,06d868f693a728ac1102e913d6ba675227fc8ef9ccd5c18031507f8350390552,,True,incomplete_service,Not all customers served
0.25,0.25,13,INDEPENDENT_MPC_MCTS,0,c101_21,C1,c5cda6ca63a7d518902cf4b02d98b4aa0f373aaa0658d5c666d1c46d38871cb9,100,21,18cb8c56a43219b437afb391f11d42a3c7d8056ed895f0cb721b15683964ccb8,0098b9cb2908f5de14437ed2ab26a745cabdc6171c51da42147a621cce0ef0e0,1,132,0,0,False,8,64,36,92,21.9547952801391,6,0,False,True,0,1.3282905999803916,2112,0.05288286413111643,2.75,0.027507650025654584,1773,0.11795210494892676,0.64,0,0,1812.235572868224,16,1405.1068979289023,534.5827648578831,4.8652235000627115,5808.48935710872,0,13,39,completed,4679fd435baf94828ebff8d33efb327d66a66a1c60be3525068e579ca68707da,B,baseline,True,iterations,True,12,"[0.5, 0.75, 1.0]",5,partial,1,16,5,4,0.5,3,1.4,False,concurrent,06d868f693a728ac1102e913d6ba675227fc8ef9ccd5c18031507f8350390552,,True,incomplete_service,Not all customers served
0.75,0.75,14,GREEDY,0,c109_21,C1,c139ad52f11e291a5e17b4aa03bc1f1d6ca704b7b2c1a1cec53489d1e749664f,100,21,0d2eb63aa77ae4820451c6700ab15c2313f31fb84696cb2d6ac992ec86825cd2,67bfa4e0433fcde6a2ed8464f386af88e0db55ac625244f57bc1daf6784c293d,0,334,0,0,False,35,84,16,121,25.65457370609368,35,0,False,True,0,0.015671400004066527,0,0.002597966114990413,0.8181818181818182,0.0020936999935656786,0,0.0056736000115051866,0.84,0,0,3826.031343411655,21,2154.984191311869,1128.6228151656799,0.31435389991384,3762.984465276476,0,14,215,completed,46db6db0cffb14bce39810435d396446515f6a714bf1c044756feccf146f5be1,B,baseline,True,iterations,True,12,"[0.5, 0.75, 1.0]",5,partial,1,16,5,4,0.5,3,1.4,False,concurrent,06d868f693a728ac1102e913d6ba675227fc8ef9ccd5c18031507f8350390552,,True,incomplete_service,Not all customers served
0.25,0.25,21,COORDINATED_MPC_MCTS,0,rc101_21,RC1,272a3e58d53d4ba9516f01506164cf8a9b98bfeeb8dbd1fd62f6557e4c98e3a1,100,21,f4b729450b2911296fb332aa2b29aacf3be08754cc2c811f83ebe8617dc4124b,00ee9d61b63e78b5dbc1b462409bb7f261463bab3c7bcc46fcfae4ff905e7e7f,1,441,0,0,False,25,68,32,105,27.884071275731,25,0,False,True,0,1.7284079000819474,7056,0.07499274476653053,2.5619047619047617,0.04887790000066161,5176,0.14816113994456817,0.68,0,0,219.99943933928466,23,1896.116846749708,578.9458929981175,7.874238200485706,2139.8530002743328,21,21,329,completed,4793cc819f4f90010e64cf8cd32a55d58422da5c8e86bbe5435187b762817cf7,B,baseline,True,iterations,True,12,"[0.5, 0.75, 1.0]",5,partial,1,16,5,4,0.5,3,1.4,False,concurrent,06d868f693a728ac1102e913d6ba675227fc8ef9ccd5c18031507f8350390552,,True,incomplete_service,Not all customers served
0.25,0.25,18,COORDINATED_MPC_MCTS,0,rc108_21,RC1,e0bbd077f766d20a9e4c89f20604194bd7854b957653654cc6daa8fc729da355,100,21,1333cad9230e74ac53b5ae0fe8dcbb5fc0c14a6a9f561abf1324c241738de4cc,0b5c817017c6d2b45ce451be8d24f81bcafd21e8394471518856f85f34bcc33d,0,334,0,0,False,21,85,15,128,24.097401810131306,21,0,False,True,0,2.080134099931456,5344,0.08700625625078828,3.0546875,0.049260350002441555,4200,0.14087508003576651,0.85,0,0,326.15471039873285,34,2048.279153861161,858.3018694703495,11.1368008001009,821.0673983501431,18,18,197,completed,47c2b8d1621c92b68c374fbea364e423568c2b67d6b6bf6e45858294f1efaca2,B,baseline,True,iterations,True,12,"[0.5, 0.75, 1.0]",5,partial,1,16,5,4,0.5,3,1.4,False,concurrent,06d868f693a728ac1102e913d6ba675227fc8ef9ccd5c18031507f8350390552,,True,incomplete_service,Not all customers served
0.25,0.25,19,MPC_MCTS_H1,0,r112_21,R1,004d91650145be584ea6392f9bac9bef40e22a63e0f25f4e87e04fdbd2278b0c,100,21,5d2d688393ea73d7304b019a41e95c98d2c011a287aa79b62d31a9462396f3d0,fe5a81f8226b5fa2b97fb340d4f6218e5e8a99894f38350fa48163b4ff1248f3,0,457,0,0,False,63,92,8,123,17.136987152708926,63,0,False,True,0,0.2224370000185445,7312,0.03757210812489767,0.8130081300813008,0.021024300018325448,6137,0.11348729996243485,0.92,0,0,176.43046449340147,21,1576.6028180492212,383.5444880291336,4.621369299362414,1650.858044328114,19,19,325,completed,47fc29eeea8b067561b86e80fff10e986d1f7a8e42592939c6b5d15c2e55f27e,B,baseline,True,iterations,True,12,"[0.5, 0.75, 1.0]",5,partial,1,16,1,4,0.5,3,1.4,False,concurrent,06d868f693a728ac1102e913d6ba675227fc8ef9ccd5c18031507f8350390552,,True,incomplete_service,Not all customers served
0.5,0.5,5,GREEDY,0,rc201_21,RC2,05de9a222789707ffcce07b31776e71b0ca87b7f72f5c0d115af11e39f2a2841,100,21,897b06b0a5232b4a55582c72c913db9299981a7e26d5f99ab9087c2a494b608a,46d5d69e00a7883bc754189d322c4b7c21ff2e66b5cee0d7fa965b9582ae68da,1,87,0,0,False,5,53,47,69,36.48420696749275,5,0,False,True,0,0.016508999979123473,0,0.0022997594374380465,0.8840579710144928,0.0017743000062182546,0,0.006207980075851076,0.53,0,0,176.07948812390106,9,1933.6629692771157,1257.710629456436,0.15868340118322521,2160.2575425989835,0,5,20,completed,4854b86914fb121b3c0aea9532bb4776f23bcd7f81a69e10e6508b06449b1521,B,baseline,True,iterations,True,12,"[0.5, 0.75, 1.0]",5,partial,1,16,5,4,0.5,3,1.4,False,concurrent,06d868f693a728ac1102e913d6ba675227fc8ef9ccd5c18031507f8350390552,,True,incomplete_service,Not all customers served
0.75,0.75,4,INDEPENDENT_MPC_MCTS,0,rc208_21,RC2,848ac4428c45536e665596eb3031d4cf06747a109edbb2a5ab6498422157954d,100,21,bb62f751bd2f92a5591ef85431c7691fc4adc788ee2ff693b2b4e87903071c0a,74093c977e1e35339e82d3290c0b8c5426e5ee209805a2a904e5961042626368,1,88,0,0,False,0,66,34,82,21.72948563095002,0,0,False,True,0,0.4400431999238208,1408,0.10677994146414964,4.2560975609756095,0.11671159992692992,1346,0.17710539005929607,0.66,0,0,175.92169094052517,14,1434.1460516427012,977.3427274473621,8.75595520006027,1510.2278964585532,0,4,4,completed,48b23503c30b46a084ece25b6d0d0b1ec03ae5e943fa6c97159c37e1a96ff53e,B,baseline,True,iterations,True,12,"[0.5, 0.75, 1.0]",5,partial,1,16,5,4,0.5,3,1.4,False,concurrent,06d868f693a728ac1102e913d6ba675227fc8ef9ccd5c18031507f8350390552,,True,incomplete_service,Not all customers served
0.25,0.25,21,MPC_MCTS_H1,0,rc101_21,RC1,272a3e58d53d4ba9516f01506164cf8a9b98bfeeb8dbd1fd62f6557e4c98e3a1,100,21,f4b729450b2911296fb332aa2b29aacf3be08754cc2c811f83ebe8617dc4124b,00ee9d61b63e78b5dbc1b462409bb7f261463bab3c7bcc46fcfae4ff905e7e7f,1,419,0,0,False,78,53,47,78,27.01958086140814,78,0,False,True,0,0.19325840007513762,6704,0.04464556923201785,0.7051282051282052,0.02596114994958043,5066,0.12860726499347902,0.53,0,0,69.70281456560923,10,1432.0377856546315,183.42845938318217,3.4823544000973925,2856.003081591691,21,21,335,completed,48fa4483cd6e299bfc12f8c969d0cd6314128a2349c5b9e481e086db0ba55b63,B,baseline,True,iterations,True,12,"[0.5, 0.75, 1.0]",5,partial,1,16,1,4,0.5,3,1.4,False,concurrent,06d868f693a728ac1102e913d6ba675227fc8ef9ccd5c18031507f8350390552,,True,incomplete_service,Not all customers served
0.0,0.0,5,INDEPENDENT_MPC_MCTS,0,c201_21,C2,cc755a6ec3edab8c320bf901f0c3bd34cea80123cf831b0059ea01c13c96bf1d,100,21,7709cf25d863e433db5f930daea8f385c3be3136daa80a5ec82080b243a85230,fed814bc083a4aaf9f9195508d9f7fedadc0751e68d66ff900dc97eb39c30e53,1,36,0,0,False,3,24,76,32,23.422164509372404,2,0,False,True,0,0.478429599897936,576,0.06747553437162424,4.34375,0.05177855002693832,566,0.12737876496394163,0.24,0,0,782.5874289711295,7,562.1319482249377,343.24010042593403,2.1592170998919755,12047.576526938128,0,5,0,completed,492003fcd0a318bc4f0e4f032e5488d6ce5b94e36d0c7e16df6b1155ed45da8e,B,baseline,True,iterations,True,12,"[0.5, 0.75, 1.0]",5,partial,1,16,5,4,0.5,3,1.4,False,concurrent,06d868f693a728ac1102e913d6ba675227fc8ef9ccd5c18031507f8350390552,,True,incomplete_service,Not all customers served
0.0,0.0,4,INDEPENDENT_MPC_MCTS,0,rc208_21,RC2,848ac4428c45536e665596eb3031d4cf06747a109edbb2a5ab6498422157954d,100,21,bb62f751bd2f92a5591ef85431c7691fc4adc788ee2ff693b2b4e87903071c0a,5d2960c3eb87d5d225d3fc2ff65b121090b55eaf78f683d5d3dfb1828be193cd,0,98,0,0,False,1,71,29,95,18.62785033280673,1,0,False,True,0,0.4930132000008598,1568,0.09657757578319624,4.463157894736842,0.09805630007758737,1559,0.16326019002590328,0.71,0,0,173.5421079357496,23,1322.5773736292779,964.1228218652756,9.174869699403644,1382.1183158705537,0,4,0,completed,4934df902a46f9f9d97527695ad11b6b3c0187d3cce31fea8b0983499403d984,B,baseline,True,iterations,True,12,"[0.5, 0.75, 1.0]",5,partial,1,16,5,4,0.5,3,1.4,False,concurrent,06d868f693a728ac1102e913d6ba675227fc8ef9ccd5c18031507f8350390552,,True,incomplete_service,Not all customers served
0.75,0.75,5,GREEDY,0,rc201_21,RC2,05de9a222789707ffcce07b31776e71b0ca87b7f72f5c0d115af11e39f2a2841,100,21,897b06b0a5232b4a55582c72c913db9299981a7e26d5f99ab9087c2a494b608a,4e15bcb162efd958f0e8803927430749fc80022ef4128a572736773648e1724c,0,65,0,0,False,5,39,61,53,41.44224040369816,5,0,False,True,0,0.015998900053091347,0,0.0026047698173777395,0.8301886792452831,0.001670299912802875,0,0.008591119991615413,0.39,0,0,105.91105838788593,7,1616.247375744228,756.5075599134709,0.13805280032102019,2687.8415658678864,0,5,14,completed,4955e97ad1460c32e0ea1d4bca70e2a27305cb865b4f0422a5110e05f0a3a80c,B,baseline,True,iterations,True,12,"[0.5, 0.75, 1.0]",5,partial,1,16,5,4,0.5,3,1.4,False,concurrent,06d868f693a728ac1102e913d6ba675227fc8ef9ccd5c18031507f8350390552,,True,incomplete_service,Not all customers served
0.0,0.0,4,COORDINATED_MPC_MCTS,0,rc208_21,RC2,848ac4428c45536e665596eb3031d4cf06747a109edbb2a5ab6498422157954d,100,21,bb62f751bd2f92a5591ef85431c7691fc4adc788ee2ff693b2b4e87903071c0a,dafc79d6dc66aca14874262e74c85f2294ce4470f616926a593dc94fe97dbc58,1,104,0,0,False,1,66,34,92,20.834839961166185,1,0,False,True,0,0.5829387999838218,1664,0.1178244543502249,4.239130434782608,0.12827694998122752,1538,0.20920932997250932,0.66,0,0,196.09916079273845,21,1375.0994374369682,1089.4397821818804,10.83984980022069,1581.152814432299,4,4,13,completed,4a7a0913ef099d2bc59e025cb2d960c3a414ddee78a9616885e71631a6044ad4,B,baseline,True,iterations,True,12,"[0.5, 0.75, 1.0]",5,partial,1,16,5,4,0.5,3,1.4,False,concurrent,06d868f693a728ac1102e913d6ba675227fc8ef9ccd5c18031507f8350390552,,True,incomplete_service,Not all customers served
0.5,0.5,18,GREEDY,0,rc108_21,RC1,e0bbd077f766d20a9e4c89f20604194bd7854b957653654cc6daa8fc729da355,100,21,1333cad9230e74ac53b5ae0fe8dcbb5fc0c14a6a9f561abf1324c241738de4cc,f06925037622c36d6ce86689e326fd0209dc6a45ea5aba1420c90684a8e61222,0,297,0,0,False,57,65,35,109,37.114741695863884,57,0,False,True,0,0.032782700029201806,0,0.0035897550277770797,0.7339449541284404,0.002466999925673008,0,0.009043340012431143,0.65,0,0,423.70770403576773,24,2412.4582102311524,1115.020273778336,0.3912832980277017,833.8340857330801,0,18,190,completed,4a8b8fec9c2e6c36a085bcf898ad1a87c5def04ef9a922e1a55145966bed92f5,B,baseline,True,iterations,True,12,"[0.5, 0.75, 1.0]",5,partial,1,16,5,4,0.5,3,1.4,False,concurrent,06d868f693a728ac1102e913d6ba675227fc8ef9ccd5c18031507f8350390552,,True,incomplete_service,Not all customers served
0.25,0.25,21,GREEDY,0,rc101_21,RC1,272a3e58d53d4ba9516f01506164cf8a9b98bfeeb8dbd1fd62f6557e4c98e3a1,100,21,f4b729450b2911296fb332aa2b29aacf3be08754cc2c811f83ebe8617dc4124b,00ee9d61b63e78b5dbc1b462409bb7f261463bab3c7bcc46fcfae4ff905e7e7f,1,524,0,0,False,77,75,25,122,31.330048642159976,77,0,False,True,0,0.03505060006864369,0,0.003933190167728873,0.7131147540983607,0.0020693999831564724,0,0.00887729001115076,0.75,0,0,360.0281357502659,20,2349.753648161998,947.4424625006997,0.47984920046292245,1580.2182160877362,0,21,408,completed,4aae1ecc42ee866586b8659518f2431b108ac6eb404e905857ca26e45d00a320,B,baseline,True,iterations,True,12,"[0.5, 0.75, 1.0]",5,partial,1,16,5,4,0.5,3,1.4,False,concurrent,06d868f693a728ac1102e913d6ba675227fc8ef9ccd5c18031507f8350390552,,True,incomplete_service,Not all customers served
0.75,0.75,14,MPC_MCTS_H1,0,c109_21,C1,c139ad52f11e291a5e17b4aa03bc1f1d6ca704b7b2c1a1cec53489d1e749664f,100,21,0d2eb63aa77ae4820451c6700ab15c2313f31fb84696cb2d6ac992ec86825cd2,32423b9b729ecfdc9cd98ec42254928efe6a167b6e297bbe196186ffe41c1a43,1,241,0,0,False,36,60,40,78,19.444191329581802,36,0,False,True,0,0.13851719989906996,3856,0.03444196409635389,0.8333333333333334,0.018756100034806877,3292,0.11295349001884461,0.6,0,0,879.340492733977,12,1166.651479774908,259.3924757327366,2.6864731995156035,9499.214776019684,14,14,155,completed,4c7a0cbace650a59a109fa7f92b283fa24e9a7eaa3b4ddb7a2a965af17a16afb,B,baseline,True,iterations,True,12,"[0.5, 0.75, 1.0]",5,partial,1,16,1,4,0.5,3,1.4,False,concurrent,06d868f693a728ac1102e913d6ba675227fc8ef9ccd5c18031507f8350390552,,True,incomplete_service,Not all customers served
0.0,0.0,5,GREEDY,0,c201_21,C2,cc755a6ec3edab8c320bf901f0c3bd34cea80123cf831b0059ea01c13c96bf1d,100,21,7709cf25d863e433db5f930daea8f385c3be3136daa80a5ec82080b243a85230,103c0d716a2f4b602f30375bfa4cccae4360f00ad3385b70f9970a903fc4ec01,0,109,0,0,False,5,66,34,83,19.233167916912727,5,0,False,True,0,0.007022400037385523,0,0.0017033168619655702,0.927710843373494,0.0013909999979659915,0,0.004690849955659358,0.66,0,0,2222.8918358222145,11,1269.38908251624,974.9525595711468,0.14137529954314232,7517.719081661544,0,5,27,completed,4cd4be168702a002dc09d74da7b4b027377dd8799335b1d9f8d21ec211296d30,B,baseline,True,iterations,True,12,"[0.5, 0.75, 1.0]",5,partial,1,16,5,4,0.5,3,1.4,False,concurrent,06d868f693a728ac1102e913d6ba675227fc8ef9ccd5c18031507f8350390552,,True,incomplete_service,Not all customers served
0.0,0.0,5,MPC_MCTS_H1,0,c208_21,C2,6238a471231c4a029781b0059d2394708f055df07192948a8e1e1f462a7ccbea,100,21,711258b6e16dd832319ba5a781e77cc16979b839c32bebf76d9b717a7cbd1531,b5aa2aef02d555f49fa5fbd7be7b50a683d35315b5fd301cc24a1446434e6bf8,1,49,0,0,False,5,27,73,29,12.689045440373464,5,0,False,True,0,0.0888925000326708,784,0.025884379323668265,0.9310344827586207,0.01711420004721731,687,0.07307195998728275,0.27,0,0,0.0,0,342.6042268900835,0.0,0.7506470003863797,14157.789379764994,5,5,17,completed,4ce9e756e2757a9c59d8e43d21750bc46e601508606eacc8ade6cc4d4b59cb4f,B,baseline,True,iterations,True,12,"[0.5, 0.75, 1.0]",5,partial,1,16,1,4,0.5,3,1.4,False,concurrent,06d868f693a728ac1102e913d6ba675227fc8ef9ccd5c18031507f8350390552,,True,incomplete_service,Not all customers served
0.75,0.75,5,MPC_MCTS_H1,0,rc201_21,RC2,05de9a222789707ffcce07b31776e71b0ca87b7f72f5c0d115af11e39f2a2841,100,21,897b06b0a5232b4a55582c72c913db9299981a7e26d5f99ab9087c2a494b608a,e291299d92dd9dff8989602ed942ea4b698c97724fa0c12e4f8118057ff28d76,1,60,0,0,False,5,38,62,45,25.037191544834496,5,0,False,True,0,0.06463200005237013,960,0.01639548889102621,0.8444444444444444,0.013332000002264977,797,0.0392920599784702,0.38,0,0,2.3332490375354786,2,951.4132787037108,16.666064553824846,0.7377970000961795,3456.220562021322,5,5,15,completed,4d3702c5ed019153eda9d0c7a65ea4ea779fa580eeea9f33765950629bbae41d,B,baseline,True,iterations,True,12,"[0.5, 0.75, 1.0]",5,partial,1,16,1,4,0.5,3,1.4,False,concurrent,06d868f693a728ac1102e913d6ba675227fc8ef9ccd5c18031507f8350390552,,True,incomplete_service,Not all customers served
0.0,0.0,5,MPC_MCTS_H1,0,c201_21,C2,cc755a6ec3edab8c320bf901f0c3bd34cea80123cf831b0059ea01c13c96bf1d,100,21,7709cf25d863e433db5f930daea8f385c3be3136daa80a5ec82080b243a85230,fed814bc083a4aaf9f9195508d9f7fedadc0751e68d66ff900dc97eb39c30e53,1,38,0,0,False,5,16,84,18,15.229577939201576,5,0,False,True,0,0.06321270007174462,608,0.027479833328268595,0.8888888888888888,0.018402749963570386,505,0.05994734004489145,0.16,0,0,0.0,0,243.67324702722522,0.0,0.4946369999088347,15246.685210748567,5,5,17,completed,4d53db47f75b23ebc631e92bf8ff3449264ecafa35cac3b9dcd1c71b210dac31,B,baseline,True,iterations,True,12,"[0.5, 0.75, 1.0]",5,partial,1,16,1,4,0.5,3,1.4,False,concurrent,06d868f693a728ac1102e913d6ba675227fc8ef9ccd5c18031507f8350390552,,True,incomplete_service,Not all customers served
0.0,0.0,20,GREEDY,0,r101_21,R1,0e5a3dffffbd3c516b528ef32ba1a488b817d2f151fc3e8c81023814de1c103a,100,21,eff55182b21377e4bea8207e9200f55561609fca70ed7b70d688aaf23af4b5ae,8fa755383c62f788101e49512c1ea0164977bec5c3d41bd23fc79de6e5fd801d,0,231,0,0,False,35,6,94,13,20.374756370430177,35,0,False,True,0,0.023000000044703484,0,0.008215599997828785,0.46153846153846156,0.0069429000141099095,0,0.01558466001879422,0.06,0,0,0.0,0,122.24853822258106,0.0,0.10680279997177422,4417.751461777419,0,5,205,completed,4d563b0d2b4404c98fb6f3d4212ae8ebddd6bdd7f123ed33d73ca8bb2fdcec04,B,baseline,True,iterations,True,12,"[0.5, 0.75, 1.0]",5,partial,1,16,5,4,0.5,3,1.4,False,concurrent,06d868f693a728ac1102e913d6ba675227fc8ef9ccd5c18031507f8350390552,,True,incomplete_service,Not all customers served
0.5,0.5,5,GREEDY,0,c201_21,C2,cc755a6ec3edab8c320bf901f0c3bd34cea80123cf831b0059ea01c13c96bf1d,100,21,7709cf25d863e433db5f930daea8f385c3be3136daa80a5ec82080b243a85230,7743eb1ac99eee2c73e4f17417cf5415bfd237e8806f088f813ff3ea85df9efb,1,100,0,0,False,5,58,42,75,20.55248347033151,5,0,False,True,0,0.011491699959151447,0,0.0025254546788831553,0.9066666666666666,0.0020767999812960625,0,0.005880290037021041,0.58,0,0,1741.1693416511202,10,1192.0440412792275,763.6707638820703,0.18940910091623664,8796.786617069652,0,5,27,completed,4e2cbe8ddc9962cb312ee198878b929ea624a465b154529994a48b4c98e193ee,B,baseline,True,iterations,True,12,"[0.5, 0.75, 1.0]",5,partial,1,16,5,4,0.5,3,1.4,False,concurrent,06d868f693a728ac1102e913d6ba675227fc8ef9ccd5c18031507f8350390552,,True,incomplete_service,Not all customers served
0.25,0.25,5,INDEPENDENT_MPC_MCTS,0,c201_21,C2,cc755a6ec3edab8c320bf901f0c3bd34cea80123cf831b0059ea01c13c96bf1d,100,21,7709cf25d863e433db5f930daea8f385c3be3136daa80a5ec82080b243a85230,7bcd7fc0b0af16772f2f5da85457dbb7d9caebf8ebbe2ef6eecc0acee10a1e2b,0,40,0,0,False,4,30,70,36,20.358556219146422,3,0,False,True,0,0.4111074999673292,640,0.08021766943663049,4.416666666666667,0.07768149999901652,632,0.1618505999504123,0.3,0,0,556.7782388948642,5,610.7566865743927,244.20098197143167,2.8878360997186974,11665.409746149655,0,5,0,completed,4e4f7547f2923eed3369819cf670c4654076bcb84245869a2b4580ec62ff3428,B,baseline,True,iterations,True,12,"[0.5, 0.75, 1.0]",5,partial,1,16,5,4,0.5,3,1.4,False,concurrent,06d868f693a728ac1102e913d6ba675227fc8ef9ccd5c18031507f8350390552,,True,incomplete_service,Not all customers served
0.75,0.75,4,INDEPENDENT_MPC_MCTS,0,rc208_21,RC2,848ac4428c45536e665596eb3031d4cf06747a109edbb2a5ab6498422157954d,100,21,bb62f751bd2f92a5591ef85431c7691fc4adc788ee2ff693b2b4e87903071c0a,2f7b000240fed028b7debc2a2faf31c9fa1b2819792fcdec206619408c344da1,0,96,0,0,False,1,70,30,93,20.818481521122507,1,0,False,True,0,0.45477059995755553,1536,0.11502705483887625,4.462365591397849,0.12309689994435757,1517,0.1945620000129565,0.7,0,0,186.66388193330047,22,1457.2937064785756,1037.0215662961139,10.697516100015491,1296.0979933994056,0,4,0,completed,4e956dd88fcdc83a69caee24a934b5ec2345b79a5a29982636ad26129ca9a86c,B,baseline,True,iterations,True,12,"[0.5, 0.75, 1.0]",5,partial,1,16,5,4,0.5,3,1.4,False,concurrent,06d868f693a728ac1102e913d6ba675227fc8ef9ccd5c18031507f8350390552,,True,incomplete_service,Not all customers served
0.0,0.0,19,INDEPENDENT_MPC_MCTS,0,r112_21,R1,004d91650145be584ea6392f9bac9bef40e22a63e0f25f4e87e04fdbd2278b0c,100,21,5d2d688393ea73d7304b019a41e95c98d2c011a287aa79b62d31a9462396f3d0,8295d0410094b698bb1c54618d5ed257b69747a0049ce469534d1f76ea3c407e,1,272,0,0,False,19,78,22,118,20.925454166137612,17,0,False,True,0,2.0933145999442786,4352,0.06737744830592172,2.7033898305084745,0.026887700019869953,3413,0.11916577005176793,0.78,0,0,317.49665592092106,28,1632.1854249587338,690.2101215672196,7.950538900098763,1161.7311137502813,0,19,147,completed,51b60cbcad1cdd32f0e87a10d2e77d473cd05b3ee73cdc3dc7c7da4889cadc49,B,baseline,True,iterations,True,12,"[0.5, 0.75, 1.0]",5,partial,1,16,5,4,0.5,3,1.4,False,concurrent,06d868f693a728ac1102e913d6ba675227fc8ef9ccd5c18031507f8350390552,,True,incomplete_service,Not all customers served
0.5,0.5,18,MPC_MCTS_H1,0,rc108_21,RC1,e0bbd077f766d20a9e4c89f20604194bd7854b957653654cc6daa8fc729da355,100,21,1333cad9230e74ac53b5ae0fe8dcbb5fc0c14a6a9f561abf1324c241738de4cc,f06925037622c36d6ce86689e326fd0209dc6a45ea5aba1420c90684a8e61222,0,384,0,0,False,57,88,12,117,21.69569832454099,57,0,False,True,0,0.16684139997232705,6144,0.02857603161679342,0.7863247863247863,0.016695199999958277,4923,0.08054470003116876,0.88,0,0,210.98519662128635,18,1909.2214525596073,555.2242016349641,3.34339569916483,1269.7059080196761,18,18,260,completed,51cf4ca45dc2ec76657ee1ae720edd3b838c662a53da1d5b827ad11021c4952a,B,baseline,True,iterations,True,12,"[0.5, 0.75, 1.0]",5,partial,1,16,1,4,0.5,3,1.4,False,concurrent,06d868f693a728ac1102e913d6ba675227fc8ef9ccd5c18031507f8350390552,,True,incomplete_service,Not all customers served
0.25,0.25,18,INDEPENDENT_MPC_MCTS,0,rc108_21,RC1,e0bbd077f766d20a9e4c89f20604194bd7854b957653654cc6daa8fc729da355,100,21,1333cad9230e74ac53b5ae0fe8dcbb5fc0c14a6a9f561abf1324c241738de4cc,0b5c817017c6d2b45ce451be8d24f81bcafd21e8394471518856f85f34bcc33d,0,265,0,0,False,22,82,18,137,23.64549822913546,22,0,False,True,0,2.1029702000087127,4240,0.06876142117038478,2.7007299270072993,0.03094049997162074,3450,0.11089417999610304,0.82,0,0,263.26067200586067,34,1938.9308547891076,692.791242120686,9.420314700342715,586.8640893947422,0,18,131,completed,51f140ba7f4ba01fb7f0fc0e369b179e342db9d4a1504850e47ac9995476b9b0,B,baseline,True,iterations,True,12,"[0.5, 0.75, 1.0]",5,partial,1,16,5,4,0.5,3,1.4,False,concurrent,06d868f693a728ac1102e913d6ba675227fc8ef9ccd5c18031507f8350390552,,True,incomplete_service,Not all customers served
0.0,0.0,4,INDEPENDENT_MPC_MCTS,0,rc208_21,RC2,848ac4428c45536e665596eb3031d4cf06747a109edbb2a5ab6498422157954d,100,21,bb62f751bd2f92a5591ef85431c7691fc4adc788ee2ff693b2b4e87903071c0a,dafc79d6dc66aca14874262e74c85f2294ce4470f616926a593dc94fe97dbc58,1,88,0,0,False,1,66,34,83,18.844595157201333,1,0,False,True,0,0.5903218999737874,1408,0.09500306506265314,4.0,0.10583530005533248,1345,0.16305059004807843,0.66,0,0,123.66173057792857,13,1243.743280375288,687.0096143218254,7.8852544002002105,1691.7134466546672,0,4,5,completed,526eed2887c16eeb7c881928f6e5de1dd81bab61c8da9e3ce9b60003230b5310,B,baseline,True,iterations,True,12,"[0.5, 0.75, 1.0]",5,partial,1,16,5,4,0.5,3,1.4,False,concurrent,06d868f693a728ac1102e913d6ba675227fc8ef9ccd5c18031507f8350390552,,True,incomplete_service,Not all customers served
0.25,0.25,5,MPC_MCTS_H1,0,c201_21,C2,cc755a6ec3edab8c320bf901f0c3bd34cea80123cf831b0059ea01c13c96bf1d,100,21,7709cf25d863e433db5f930daea8f385c3be3136daa80a5ec82080b243a85230,7bcd7fc0b0af16772f2f5da85457dbb7d9caebf8ebbe2ef6eecc0acee10a1e2b,0,38,0,0,False,5,16,84,19,15.229577939201576,5,0,False,True,0,0.0632517000194639,608,0.024243915772163553,0.8421052631578947,0.01438649999909103,508,0.05445536999031899,0.16,0,0,0.0,0,243.67324702722522,0.0,0.46063439967110753,15246.685210748568,5,5,17,completed,532d676526a7f183e851ed52a2a9164a9f7e6f7b829ede9df2eb819e63d127e8,B,baseline,True,iterations,True,12,"[0.5, 0.75, 1.0]",5,partial,1,16,1,4,0.5,3,1.4,False,concurrent,06d868f693a728ac1102e913d6ba675227fc8ef9ccd5c18031507f8350390552,,True,incomplete_service,Not all customers served
0.5,0.5,3,COORDINATED_MPC_MCTS,0,r211_21,R2,79349433753cf23f69aef92bb7e6c6847b15e700badf73129a68b6d1e4915201,100,21,f5f653fdaa766d74cd1a39f415cfd36e8b89d8dc0495415d6d46521b2921f804,08cc6ebb54fc6c6d644681f55d3a42e7e85c66ad22b41e8ca5f764f6a846cb51,1,65,0,0,False,0,50,50,56,17.85202219636886,0,0,False,True,0,0.3765882001025602,1040,0.11645129108468869,4.178571428571429,0.13379205000819638,950,0.1933761500113178,0.5,0,0,20.205483894496872,3,892.601109818443,183.68621722269882,6.521272300742567,1578.5573579097686,3,3,9,completed,5372a7fa41a70ca0764187d64f9fd0d8d5b350a181074f361cd4a51e5e89c6de,B,baseline,True,iterations,True,12,"[0.5, 0.75, 1.0]",5,partial,1,16,5,4,0.5,3,1.4,False,concurrent,06d868f693a728ac1102e913d6ba675227fc8ef9ccd5c18031507f8350390552,,True,incomplete_service,Not all customers served
0.5,0.5,20,INDEPENDENT_MPC_MCTS,0,r101_21,R1,0e5a3dffffbd3c516b528ef32ba1a488b817d2f151fc3e8c81023814de1c103a,100,21,eff55182b21377e4bea8207e9200f55561609fca70ed7b70d688aaf23af4b5ae,89afc6a13ace161299c804b89b155cfbb0ef27b628207f852fa9b81f88148862,0,199,0,0,False,17,64,36,103,25.468775448621514,15,0,False,True,0,1.1553627999965101,3184,0.045188581554029245,2.3980582524271843,0.022607199964113533,2480,0.10677016999106845,0.64,0,0,330.4651504433163,34,1630.001628711777,688.4690634235757,4.654423900065012,1579.962000466032,0,20,81,completed,53e089320963512bfa0e69e977cc5e71fda90b4557a0746e3ca14e466d5a034b,B,baseline,True,iterations,True,12,"[0.5, 0.75, 1.0]",5,partial,1,16,5,4,0.5,3,1.4,False,concurrent,06d868f693a728ac1102e913d6ba675227fc8ef9ccd5c18031507f8350390552,,True,incomplete_service,Not all customers served
0.25,0.25,5,INDEPENDENT_MPC_MCTS,0,c201_21,C2,cc755a6ec3edab8c320bf901f0c3bd34cea80123cf831b0059ea01c13c96bf1d,100,21,7709cf25d863e433db5f930daea8f385c3be3136daa80a5ec82080b243a85230,40e550760756b49583f79e9ae48ce47dd7dcb11def1d09d7cd595b305e86fd82,1,42,0,0,False,2,30,70,38,19.947033507767692,1,0,False,True,0,0.4958595000207424,672,0.07628741053754072,4.2894736842105265,0.061798600014299154,662,0.13186259996145955,0.3,0,0,559.9395718035022,7,598.4110052330308,245.58753149276416,2.8989216004265472,11697.09178426818,0,5,0,completed,5495953b74cadc9613105a608e393b41f67912edbf5add003fe430d54dcdae52,B,baseline,True,iterations,True,12,"[0.5, 0.75, 1.0]",5,partial,1,16,5,4,0.5,3,1.4,False,concurrent,06d868f693a728ac1102e913d6ba675227fc8ef9ccd5c18031507f8350390552,,True,incomplete_service,Not all customers served
0.0,0.0,13,INDEPENDENT_MPC_MCTS,0,c101_21,C1,c5cda6ca63a7d518902cf4b02d98b4aa0f373aaa0658d5c666d1c46d38871cb9,100,21,18cb8c56a43219b437afb391f11d42a3c7d8056ed895f0cb721b15683964ccb8,9f3943c6e9db0957b5231ae2bb104b93505aba3d5e68fdefc46a70aabfea4cce,0,153,0,0,False,8,72,28,110,23.57288871956503,8,0,False,True,0,1.2766459999838844,2448,0.05458803636191244,2.9545454545454546,0.03538390004541725,2010,0.1144253750273492,0.72,0,0,2585.8099370277437,28,1697.2479878086822,762.7757926335527,6.004683999810368,4067.6182188380285,0,13,40,completed,55408d78a2dc8890c13974044c926e1c6ec2ae7060cda3cb17158abba11d22f8,B,baseline,True,iterations,True,12,"[0.5, 0.75, 1.0]",5,partial,1,16,5,4,0.5,3,1.4,False,concurrent,06d868f693a728ac1102e913d6ba675227fc8ef9ccd5c18031507f8350390552,,True,incomplete_service,Not all customers served
0.5,0.5,4,INDEPENDENT_MPC_MCTS,0,rc208_21,RC2,848ac4428c45536e665596eb3031d4cf06747a109edbb2a5ab6498422157954d,100,21,bb62f751bd2f92a5591ef85431c7691fc4adc788ee2ff693b2b4e87903071c0a,8f25e277b285481ad0b29ab0591d4df1c15cc6d3384df60643a72bd985190993,0,97,0,0,False,1,65,35,94,21.59479900140022,1,0,False,True,0,0.5251060000155121,1552,0.11568828404415399,4.404255319148936,0.12037615000735968,1549,0.18926623001461843,0.65,0,0,156.91466183803428,28,1403.6619350910141,871.7481213224128,10.874698700150475,1408.111626910823,0,4,0,completed,5723eff4be0306baf22a06a15a12eff6fff825ede512431060655afcf534c437,B,baseline,True,iterations,True,12,"[0.5, 0.75, 1.0]",5,partial,1,16,5,4,0.5,3,1.4,False,concurrent,06d868f693a728ac1102e913d6ba675227fc8ef9ccd5c18031507f8350390552,,True,incomplete_service,Not all customers served
0.0,0.0,13,INDEPENDENT_MPC_MCTS,0,c101_21,C1,c5cda6ca63a7d518902cf4b02d98b4aa0f373aaa0658d5c666d1c46d38871cb9,100,21,18cb8c56a43219b437afb391f11d42a3c7d8056ed895f0cb721b15683964ccb8,1281b7078484367b77b747a736f2a8088abe257c6ea490019679ebe0e752b504,1,177,0,0,False,11,65,35,98,23.398304671247743,8,0,False,True,0,1.2191916999872774,2832,0.05258471733885722,3.0,0.029260900046210736,2042,0.10812923506018668,0.65,0,0,1918.4181836505772,24,1520.8898036311034,565.9050689234741,5.153302299208008,5749.387217115479,0,13,75,completed,578a1486c069d538a88f4675f830c0df19ccabb1ba72fbf73eede13c4964f625,B,baseline,True,iterations,True,12,"[0.5, 0.75, 1.0]",5,partial,1,16,5,4,0.5,3,1.4,False,concurrent,06d868f693a728ac1102e913d6ba675227fc8ef9ccd5c18031507f8350390552,,True,incomplete_service,Not all customers served
0.0,0.0,21,COORDINATED_MPC_MCTS,0,rc101_21,RC1,272a3e58d53d4ba9516f01506164cf8a9b98bfeeb8dbd1fd62f6557e4c98e3a1,100,21,f4b729450b2911296fb332aa2b29aacf3be08754cc2c811f83ebe8617dc4124b,af85ff48cadaf75a458147018f8439d1af8a9b44e75c4d0ff11319aa3b6ad49b,1,411,0,0,False,27,78,22,104,26.38121905440794,27,0,False,True,0,2.022383200004697,6576,0.08647398077188811,3.2115384615384617,0.049949150008615106,4881,0.14858260002220047,0.78,0,0,255.38515804784552,27,2057.7350862438193,672.0662053890671,8.993294000276364,1807.7128520655,21,21,285,completed,58b27461e01dd527161d53ff405358293564df2a3e8919243d827cae729c4921,B,baseline,True,iterations,True,12,"[0.5, 0.75, 1.0]",5,partial,1,16,5,4,0.5,3,1.4,False,concurrent,06d868f693a728ac1102e913d6ba675227fc8ef9ccd5c18031507f8350390552,,True,incomplete_service,Not all customers served
0.5,0.5,14,COORDINATED_MPC_MCTS,0,c109_21,C1,c139ad52f11e291a5e17b4aa03bc1f1d6ca704b7b2c1a1cec53489d1e749664f,100,21,0d2eb63aa77ae4820451c6700ab15c2313f31fb84696cb2d6ac992ec86825cd2,e17a6cd3c034df267ce886dc17221778388b31875d35653ff5c2051cfa9a1a7a,1,248,0,0,False,10,75,25,106,22.516669008679038,10,0,False,True,0,1.3807872000616044,3968,0.08394035283379468,3.3867924528301887,0.06600604997947812,3169,0.12674962496384978,0.75,0,0,2958.2063613939354,26,1688.750175650928,872.6272452489484,8.897677400382236,5289.789179147946,14,14,133,completed,59196b7004e0d953920053d1f6120f4d7e6504c8892c3b92ac4942d0f53d6002,B,baseline,True,iterations,True,12,"[0.5, 0.75, 1.0]",5,partial,1,16,5,4,0.5,3,1.4,False,concurrent,06d868f693a728ac1102e913d6ba675227fc8ef9ccd5c18031507f8350390552,,True,incomplete_service,Not all customers served
0.0,0.0,5,INDEPENDENT_MPC_MCTS,0,c201_21,C2,cc755a6ec3edab8c320bf901f0c3bd34cea80123cf831b0059ea01c13c96bf1d,100,21,7709cf25d863e433db5f930daea8f385c3be3136daa80a5ec82080b243a85230,103c0d716a2f4b602f30375bfa4cccae4360f00ad3385b70f9970a903fc4ec01,0,33,0,0,False,1,25,75,29,19.811732402303996,1,0,False,True,0,0.49343899998348206,528,0.0795445551710396,4.241379310344827,0.06152800004929304,523,0.15270978000480673,0.25,0,0,287.11704894791814,3,495.29331005759985,125.92853024031497,2.3067920999601483,12528.570610434841,0,5,0,completed,5c3e37632ed7af05d19d6957dee1b0d84834133dcdd773f9508669877e64b4af,B,baseline,True,iterations,True,12,"[0.5, 0.75, 1.0]",5,partial,1,16,5,4,0.5,3,1.4,False,concurrent,06d868f693a728ac1102e913d6ba675227fc8ef9ccd5c18031507f8350390552,,True,incomplete_service,Not all customers served
0.5,0.5,18,COORDINATED_MPC_MCTS,0,rc108_21,RC1,e0bbd077f766d20a9e4c89f20604194bd7854b957653654cc6daa8fc729da355,100,21,1333cad9230e74ac53b5ae0fe8dcbb5fc0c14a6a9f561abf1324c241738de4cc,712f27d0f39696897704f36dac63cde2fe4a60e55acc74db6d5ca37ad084c922,1,347,0,0,False,15,75,25,119,27.531363038648244,15,0,False,True,0,1.9395296000875533,5552,0.08188212689348817,2.957983193277311,0.049812300014309585,4188,0.12543885000050062,0.75,0,0,371.20152131483496,33,2064.8522278986184,976.8461087232499,9.743973100325093,930.7460843495129,18,18,221,completed,5c566f2ee2598ca8598c09b1fc43e6e7d825952402894c6cf4276bb2538d8063,B,baseline,True,iterations,True,12,"[0.5, 0.75, 1.0]",5,partial,1,16,5,4,0.5,3,1.4,False,concurrent,06d868f693a728ac1102e913d6ba675227fc8ef9ccd5c18031507f8350390552,,True,incomplete_service,Not all customers served
0.0,0.0,13,GREEDY,0,c101_21,C1,c5cda6ca63a7d518902cf4b02d98b4aa0f373aaa0658d5c666d1c46d38871cb9,100,21,18cb8c56a43219b437afb391f11d42a3c7d8056ed895f0cb721b15683964ccb8,9f3943c6e9db0957b5231ae2bb104b93505aba3d5e68fdefc46a70aabfea4cce,0,232,0,0,False,34,42,58,68,34.257664619085666,34,0,False,True,0,0.02595210005529225,0,0.003401270591626492,0.7205882352941176,0.002197150024585426,0,0.010559084947453804,0.42,0,0,1887.622377099033,12,1438.8219140015979,556.8207602062043,0.23128640023060143,8961.55570889937,0,13,165,completed,5cc81fe38748ca5b9242c2a9cb3679453056a88b852bb4f7b7bc688613e5b403,B,baseline,True,iterations,True,12,"[0.5, 0.75, 1.0]",5,partial,1,16,5,4,0.5,3,1.4,False,concurrent,06d868f693a728ac1102e913d6ba675227fc8ef9ccd5c18031507f8350390552,,True,incomplete_service,Not all customers served
0.5,0.5,20,MPC_MCTS_H1,0,r101_21,R1,0e5a3dffffbd3c516b528ef32ba1a488b817d2f151fc3e8c81023814de1c103a,100,21,eff55182b21377e4bea8207e9200f55561609fca70ed7b70d688aaf23af4b5ae,89afc6a13ace161299c804b89b155cfbb0ef27b628207f852fa9b81f88148862,0,353,0,0,False,75,44,56,62,21.480341522560966,75,0,False,True,0,0.13960560003761202,5648,0.03262659032348423,0.7419354838709677,0.021751049964223057,4182,0.0878198400139808,0.44,0,0,17.290014096023658,5,945.1350269926826,36.02086270004929,2.0228486000560224,3089.267460022287,20,20,284,completed,5d758c49f0fbacb11b18a4dd3854d77bc07bfd269127229ebc036b5f2f4de98f,B,baseline,True,iterations,True,12,"[0.5, 0.75, 1.0]",5,partial,1,16,1,4,0.5,3,1.4,False,concurrent,06d868f693a728ac1102e913d6ba675227fc8ef9ccd5c18031507f8350390552,,True,incomplete_service,Not all customers served
0.0,0.0,21,INDEPENDENT_MPC_MCTS,0,rc101_21,RC1,272a3e58d53d4ba9516f01506164cf8a9b98bfeeb8dbd1fd62f6557e4c98e3a1,100,21,f4b729450b2911296fb332aa2b29aacf3be08754cc2c811f83ebe8617dc4124b,af85ff48cadaf75a458147018f8439d1af8a9b44e75c4d0ff11319aa3b6ad49b,1,235,0,0,False,31,74,26,117,28.21129742542636,28,0,False,True,0,1.902861800044775,3760,0.06265320770271346,2.717948717948718,0.02750309999100864,3153,0.10083699997048809,0.74,0,0,271.9948098216835,29,2087.6360094815504,715.7758153202196,7.330425301217474,1287.2980196286705,0,21,111,completed,5d7670cf9c3c05318ea20c7a6ab5376006c7d7053ddcefbceff0305dd06dedec,B,baseline,True,iterations,True,12,"[0.5, 0.75, 1.0]",5,partial,1,16,5,4,0.5,3,1.4,False,concurrent,06d868f693a728ac1102e913d6ba675227fc8ef9ccd5c18031507f8350390552,,True,incomplete_service,Not all customers served
0.5,0.5,19,COORDINATED_MPC_MCTS,0,r112_21,R1,004d91650145be584ea6392f9bac9bef40e22a63e0f25f4e87e04fdbd2278b0c,100,21,5d2d688393ea73d7304b019a41e95c98d2c011a287aa79b62d31a9462396f3d0,f9720c646dd2848678be055d2f9c15a146d45ca197b2a30855c47a35ff7e9991,0,323,0,0,False,18,87,13,118,20.190214585637726,18,0,False,True,0,1.898183900048025,5168,0.0785247169472514,3.2203389830508473,0.0356268499745056,3828,0.1699748400074894,0.87,0,0,392.57443373691467,29,1756.5486689504821,853.422682036771,9.265916599775665,1189.8632384164875,19,19,188,completed,5f944eed7979e6ff5804c0f7614deea44a10587566d3fbfdcdc3f18c19ce585c,B,baseline,True,iterations,True,12,"[0.5, 0.75, 1.0]",5,partial,1,16,5,4,0.5,3,1.4,False,concurrent,06d868f693a728ac1102e913d6ba675227fc8ef9ccd5c18031507f8350390552,,True,incomplete_service,Not all customers served
0.75,0.75,13,GREEDY,0,c101_21,C1,c5cda6ca63a7d518902cf4b02d98b4aa0f373aaa0658d5c666d1c46d38871cb9,100,21,18cb8c56a43219b437afb391f11d42a3c7d8056ed895f0cb721b15683964ccb8,84f34fd06fac25b59de209fb55a691c40bd8d2473b063086839fd033f32ef971,0,257,0,0,False,30,52,48,83,28.00601709396527,30,0,False,True,0,0.025709400069899857,0,0.0032412240952141135,0.7349397590361446,0.002316300058737397,0,0.007707980007398863,0.52,0,0,1846.1444237057735,14,1456.312888886194,544.585375724417,0.2690215999027714,8085.542687408032,0,13,178,completed,60e5832cddc8c5d2a20bf24ba243688897a03906d1dac0bcc0186d83d0f2c3d1,B,baseline,True,iterations,True,12,"[0.5, 0.75, 1.0]",5,partial,1,16,5,4,0.5,3,1.4,False,concurrent,06d868f693a728ac1102e913d6ba675227fc8ef9ccd5c18031507f8350390552,,True,incomplete_service,Not all customers served
0.5,0.5,19,INDEPENDENT_MPC_MCTS,0,r112_21,R1,004d91650145be584ea6392f9bac9bef40e22a63e0f25f4e87e04fdbd2278b0c,100,21,5d2d688393ea73d7304b019a41e95c98d2c011a287aa79b62d31a9462396f3d0,e9ffc31fa2a6cf8d41d13093537da9b7473fa24e98ca487e94e143545e354007,1,393,0,0,False,21,87,13,136,21.01687622628218,16,0,False,True,0,2.2249050000682473,6288,0.07800554044575513,2.6838235294117645,0.04199459997471422,4716,0.14226930000586435,0.87,0,0,349.2837057796416,38,1828.4682316865496,759.3124038687861,10.608753500622697,1082.1822884004614,0,19,249,completed,61d5d4e76c9ae6af5cfd72ec99e634fd0826804418e28e678f1fa47f7cac9c18,B,baseline,True,iterations,True,12,"[0.5, 0.75, 1.0]",5,partial,1,16,5,4,0.5,3,1.4,False,concurrent,06d868f693a728ac1102e913d6ba675227fc8ef9ccd5c18031507f8350390552,,True,incomplete_service,Not all customers served
0.5,0.5,20,COORDINATED_MPC_MCTS,0,r101_21,R1,0e5a3dffffbd3c516b528ef32ba1a488b817d2f151fc3e8c81023814de1c103a,100,21,eff55182b21377e4bea8207e9200f55561609fca70ed7b70d688aaf23af4b5ae,89afc6a13ace161299c804b89b155cfbb0ef27b628207f852fa9b81f88148862,0,328,0,0,False,13,64,36,105,24.774484880517555,13,0,False,True,0,0.8383653999771923,5248,0.04099010094179816,2.6476190476190475,0.02938480000011623,3927,0.07927816000301384,0.64,0,0,231.40280254806797,36,1585.5670323531235,482.08917197514165,4.303960598888807,1990.8213557896995,20,20,208,completed,61ea6d4014b2e1ef5011823c442f1ca90579b80ff9d66504d0113e142ae74ff4,B,baseline,True,iterations,True,12,"[0.5, 0.75, 1.0]",5,partial,1,16,5,4,0.5,3,1.4,False,isolated,06d868f693a728ac1102e913d6ba675227fc8ef9ccd5c18031507f8350390552,,True,incomplete_service,Not all customers served
0.0,0.0,5,INDEPENDENT_MPC_MCTS,0,c208_21,C2,6238a471231c4a029781b0059d2394708f055df07192948a8e1e1f462a7ccbea,100,21,711258b6e16dd832319ba5a781e77cc16979b839c32bebf76d9b717a7cbd1531,b5aa2aef02d555f49fa5fbd7be7b50a683d35315b5fd301cc24a1446434e6bf8,1,25,0,0,False,1,17,83,21,20.127784453999492,1,0,False,True,0,0.599051299970597,400,0.07433740952096525,3.3333333333333335,0.03274619998410344,394,0.12038940005004406,0.17,0,0,122.66710458253111,3,342.17233571799136,53.56642121507909,1.5610855999402702,12748.15205829583,0,5,0,completed,62ac0219c5a468637487968c4b570cfbb0029a8b3af097e884910bfd94d045ae,B,baseline,True,iterations,True,12,"[0.5, 0.75, 1.0]",5,partial,1,16,5,4,0.5,3,1.4,False,concurrent,06d868f693a728ac1102e913d6ba675227fc8ef9ccd5c18031507f8350390552,,True,incomplete_service,Not all customers served
0.25,0.25,5,GREEDY,0,rc201_21,RC2,05de9a222789707ffcce07b31776e71b0ca87b7f72f5c0d115af11e39f2a2841,100,21,897b06b0a5232b4a55582c72c913db9299981a7e26d5f99ab9087c2a494b608a,1cffd630a231ea07ac1a3e5805e5ed94bbc3dcd44c88cf467d0c267994048883,1,69,0,0,False,5,45,55,58,40.05685349973432,5,0,False,True,0,0.008975800010375679,0,0.0018489758628581104,0.8793103448275862,0.0014713499695062637,0,0.00526872503105551,0.45,0,0,163.96439565644644,6,1802.5584074880446,1171.174254688903,0.1072406000457704,2383.4771968555087,0,5,13,completed,63bddc14b246a150402b870e705fdc3738169f1ae21121c9e5ad764d991ffb50,B,baseline,True,iterations,True,12,"[0.5, 0.75, 1.0]",5,partial,1,16,5,4,0.5,3,1.4,False,concurrent,06d868f693a728ac1102e913d6ba675227fc8ef9ccd5c18031507f8350390552,,True,incomplete_service,Not all customers served
0.5,0.5,20,GREEDY,0,r101_21,R1,0e5a3dffffbd3c516b528ef32ba1a488b817d2f151fc3e8c81023814de1c103a,100,21,eff55182b21377e4bea8207e9200f55561609fca70ed7b70d688aaf23af4b5ae,e6ffe2a03869204eb90e766259ffdebbfc9bb40918834a4df48100fe9a14ee12,1,506,0,0,False,70,55,45,94,22.379467747476312,70,0,False,True,0,0.024679900030605495,0,0.004714007443560169,0.648936170212766,0.0028860499733127654,0,0.0107816849660594,0.55,0,0,153.94121709569168,16,1230.8707261111972,320.7108689493577,0.44311669969465584,2665.188056793111,0,20,415,completed,64f7c483155075fd4497dcdc33857b4e830f039d2d1e77f74e588181fc66437c,B,baseline,True,iterations,True,12,"[0.5, 0.75, 1.0]",5,partial,1,16,5,4,0.5,3,1.4,False,concurrent,06d868f693a728ac1102e913d6ba675227fc8ef9ccd5c18031507f8350390552,,True,incomplete_service,Not all customers served
0.0,0.0,19,COORDINATED_MPC_MCTS,0,r112_21,R1,004d91650145be584ea6392f9bac9bef40e22a63e0f25f4e87e04fdbd2278b0c,100,21,5d2d688393ea73d7304b019a41e95c98d2c011a287aa79b62d31a9462396f3d0,8295d0410094b698bb1c54618d5ed257b69747a0049ce469534d1f76ea3c407e,1,385,0,0,False,17,85,15,119,20.352519378482246,17,0,False,True,0,2.511071200016886,6160,0.09116189328546659,2.7142857142857144,0.05593899998348206,4846,0.1479408799204974,0.85,0,0,245.5810934445579,30,1729.9641471709908,533.871942270778,10.848265300970525,1466.4023380234014,19,19,251,completed,65e14cedad345906fe8866c908dff86ec42c0abb3ab62b188c3d5f037223b4a2,B,baseline,True,iterations,True,12,"[0.5, 0.75, 1.0]",5,partial,1,16,5,4,0.5,3,1.4,False,concurrent,06d868f693a728ac1102e913d6ba675227fc8ef9ccd5c18031507f8350390552,,True,incomplete_service,Not all customers served
0.75,0.75,5,COORDINATED_MPC_MCTS,0,c208_21,C2,6238a471231c4a029781b0059d2394708f055df07192948a8e1e1f462a7ccbea,100,21,711258b6e16dd832319ba5a781e77cc16979b839c32bebf76d9b717a7cbd1531,525955bc337b3c51bffb4b3b48407cdd0f44c9e740873daae0e767b71b383965,1,89,0,0,False,1,56,44,70,16.85090393965,1,0,False,True,0,0.44857379992026836,1424,0.1186592157081967,4.6,0.11845964996609837,1332,0.1738475799676962,0.56,0,0,1456.294592566345,13,943.6506206204,635.9365033040808,8.306145099573769,9472.605296152782,5,5,15,completed,65e7bc8268cd4fe8b4f73a3f16c491e85b7a7a00c4964dae682767d57104f2d7,B,baseline,True,iterations,True,12,"[0.5, 0.75, 1.0]",5,partial,1,16,5,4,0.5,3,1.4,False,concurrent,06d868f693a728ac1102e913d6ba675227fc8ef9ccd5c18031507f8350390552,,True,incomplete_service,Not all customers served
0.5,0.5,19,INDEPENDENT_MPC_MCTS,0,r112_21,R1,004d91650145be584ea6392f9bac9bef40e22a63e0f25f4e87e04fdbd2278b0c,100,21,5d2d688393ea73d7304b019a41e95c98d2c011a287aa79b62d31a9462396f3d0,f9720c646dd2848678be055d2f9c15a146d45ca197b2a30855c47a35ff7e9991,0,290,0,0,False,17,83,17,132,19.792674015110833,16,0,False,True,0,1.8667549999663606,4640,0.05974281363975906,2.507575757575758,0.027748650056309998,3797,0.1157234799989963,0.83,0,0,314.73615894891145,28,1642.7919432541992,684.2090411932858,7.886051400448196,1046.1126597038574,0,19,160,completed,663a4c22a0f0b7b3b848efe19a702ea565034228a18733fc4ae62a440e5567c1,B,baseline,True,iterations,True,12,"[0.5, 0.75, 1.0]",5,partial,1,16,5,4,0.5,3,1.4,False,concurrent,06d868f693a728ac1102e913d6ba675227fc8ef9ccd5c18031507f8350390552,,True,incomplete_service,Not all customers served
0.25,0.25,5,INDEPENDENT_MPC_MCTS,0,rc201_21,RC2,05de9a222789707ffcce07b31776e71b0ca87b7f72f5c0d115af11e39f2a2841,100,21,897b06b0a5232b4a55582c72c913db9299981a7e26d5f99ab9087c2a494b608a,1cffd630a231ea07ac1a3e5805e5ed94bbc3dcd44c88cf467d0c267994048883,1,49,0,0,False,1,34,66,39,26.827355015798094,1,0,False,True,0,0.5660976000363007,784,0.07624230000118797,3.41025641025641,0.03885570005513728,740,0.1497864000499249,0.34,0,0,3.489212191273796,2,912.1300705371352,24.922944223384256,2.9734497000463307,3361.62562312124,0,5,8,completed,66f630a20cb579f16d463e8eaca2db5567244f800f8c9b921b19072a235c7aef,B,baseline,True,iterations,True,12,"[0.5, 0.75, 1.0]",5,partial,1,16,5,4,0.5,3,1.4,False,concurrent,06d868f693a728ac1102e913d6ba675227fc8ef9ccd5c18031507f8350390552,,True,incomplete_service,Not all customers served
0.0,0.0,19,MPC_MCTS_H1,0,r112_21,R1,004d91650145be584ea6392f9bac9bef40e22a63e0f25f4e87e04fdbd2278b0c,100,21,5d2d688393ea73d7304b019a41e95c98d2c011a287aa79b62d31a9462396f3d0,b7a3be2f5950432dc5a3eb53c7d3358b7e433c080f09965d80c2d3c3bb3e7cc0,0,447,0,0,False,68,79,21,95,16.89140980236356,68,0,False,True,0,0.19502969994209707,7152,0.03350867895213397,0.8421052631578947,0.016480999998748302,5698,0.09586697998456649,0.79,0,0,61.2259235746739,14,1334.4213743867213,133.09983385798674,3.183324500452727,2139.881948435712,19,19,335,completed,68ba21278e65928fe2c5a1798c7d24ffca0edc6abec7184ba8acca194567dd87,B,baseline,True,iterations,True,12,"[0.5, 0.75, 1.0]",5,partial,1,16,1,4,0.5,3,1.4,False,concurrent,06d868f693a728ac1102e913d6ba675227fc8ef9ccd5c18031507f8350390552,,True,incomplete_service,Not all customers served
0.25,0.25,4,COORDINATED_MPC_MCTS,0,r201_21,R2,777cdc28fef020cd4df5ada1700f1a95d97eee53d26f5b26958b67cfd8cc51f2,100,21,a7a9d0da162b6556e18050cf8850d4508fc9c75572cd0fad769a8f8e9e43bc1b,9a5bbe4a2f314e39748e37b41bd217744c894b302e6fa18968cccfa04dcb789e,0,65,0,0,False,0,43,57,49,19.279685805570264,0,0,False,True,0,0.5136353999841958,1040,0.10183330000454217,4.081632653061225,0.10192499996628612,923,0.19342102003283787,0.43,0,0,26.28177755269818,5,829.0264896395214,164.26110970436363,4.989831700222567,2691.1537194414686,4,4,13,completed,68c040962535a256a6805ca378cb174a664bddcc9365e0ee0a00afe75b5a32da,B,baseline,True,iterations,True,12,"[0.5, 0.75, 1.0]",5,partial,1,16,5,4,0.5,3,1.4,False,concurrent,06d868f693a728ac1102e913d6ba675227fc8ef9ccd5c18031507f8350390552,,True,incomplete_service,Not all customers served
0.75,0.75,13,MPC_MCTS_H1,0,c101_21,C1,c5cda6ca63a7d518902cf4b02d98b4aa0f373aaa0658d5c666d1c46d38871cb9,100,21,18cb8c56a43219b437afb391f11d42a3c7d8056ed895f0cb721b15683964ccb8,84f34fd06fac25b59de209fb55a691c40bd8d2473b063086839fd033f32ef971,0,205,0,0,False,30,49,51,64,16.292458173252072,30,0,False,True,0,0.12352189992088825,3280,0.024228568750913837,0.78125,0.01632774993777275,2342,0.06178452005260619,0.49,0,0,156.13208807957778,3,798.3304504893516,46.05666315031793,1.5506284000584856,10337.640103864369,13,13,140,completed,6943f6f6f1aff023db58c112ef466ff45c4950dd154473a171a17476759e5fae,B,baseline,True,iterations,True,12,"[0.5, 0.75, 1.0]",5,partial,1,16,1,4,0.5,3,1.4,False,concurrent,06d868f693a728ac1102e913d6ba675227fc8ef9ccd5c18031507f8350390552,,True,incomplete_service,Not all customers served
0.75,0.75,21,GREEDY,0,rc101_21,RC1,272a3e58d53d4ba9516f01506164cf8a9b98bfeeb8dbd1fd62f6557e4c98e3a1,100,21,f4b729450b2911296fb332aa2b29aacf3be08754cc2c811f83ebe8617dc4124b,c8febc0a16a5803a20aec2fa43f5e006273b3a3175c87dfd3d9d2499ec9cefb1,1,489,0,0,False,77,74,26,127,33.69734515510609,77,0,False,True,0,0.03033600002527237,0,0.0035442330711337876,0.7086614173228346,0.0022951000137254596,0,0.007839350018184612,0.74,0,0,423.47013061856774,25,2493.6035414778507,1114.3950805751783,0.45011760003399104,1382.9263279035813,0,21,369,completed,695db1a57600cf3da432dc3749b453d38df7d50d33662d6ea176f3f1bfb564e7,B,baseline,True,iterations,True,12,"[0.5, 0.75, 1.0]",5,partial,1,16,5,4,0.5,3,1.4,False,concurrent,06d868f693a728ac1102e913d6ba675227fc8ef9ccd5c18031507f8350390552,,True,incomplete_service,Not all customers served
0.75,0.75,5,COORDINATED_MPC_MCTS,0,c201_21,C2,cc755a6ec3edab8c320bf901f0c3bd34cea80123cf831b0059ea01c13c96bf1d,100,21,7709cf25d863e433db5f930daea8f385c3be3136daa80a5ec82080b243a85230,5c7ded9ecafad9eebf45185639ae3efa6fc854eb6ba2d25f9d5aa04b06a63232,0,88,0,0,False,2,52,48,70,21.67390371528209,2,0,False,True,0,0.3503107000142336,1408,0.09346302285391306,4.557142857142857,0.09379844996146858,1314,0.16707960498169994,0.52,0,0,1574.5646692041944,16,1127.0429931946687,690.5985391246468,6.542411599773914,9534.757653939068,5,5,15,completed,69d60d8a207d8595f88ddf9a2fc0d42ae3bb5561d9bf14a159d275060a5f05c6,B,baseline,True,iterations,True,12,"[0.5, 0.75, 1.0]",5,partial,1,16,5,4,0.5,3,1.4,False,concurrent,06d868f693a728ac1102e913d6ba675227fc8ef9ccd5c18031507f8350390552,,True,incomplete_service,Not all customers served
0.75,0.75,5,GREEDY,0,rc201_21,RC2,05de9a222789707ffcce07b31776e71b0ca87b7f72f5c0d115af11e39f2a2841,100,21,897b06b0a5232b4a55582c72c913db9299981a7e26d5f99ab9087c2a494b608a,e291299d92dd9dff8989602ed942ea4b698c97724fa0c12e4f8118057ff28d76,1,78,0,0,False,5,53,47,69,36.89346783731623,5,0,False,True,0,0.01287530001718551,0,0.0018243376803381936,0.8695652173913043,0.001492599956691265,0,0.0044990999624132996,0.53,0,0,155.29250685086302,9,1955.3537953777602,1109.2321917918784,0.12587929994333535,2159.353697771376,0,5,11,completed,6a2dd79038f1067c53474e823e310177f0f6d33216b0ee2ee312cf7c8bde9644,B,baseline,True,iterations,True,12,"[0.5, 0.75, 1.0]",5,partial,1,16,5,4,0.5,3,1.4,False,concurrent,06d868f693a728ac1102e913d6ba675227fc8ef9ccd5c18031507f8350390552,,True,incomplete_service,Not all customers served
0.0,0.0,4,INDEPENDENT_MPC_MCTS,0,r201_21,R2,777cdc28fef020cd4df5ada1700f1a95d97eee53d26f5b26958b67cfd8cc51f2,100,21,a7a9d0da162b6556e18050cf8850d4508fc9c75572cd0fad769a8f8e9e43bc1b,ed73795d1145a4954691f8f7aebe47c7b33ff7ac8c3d36cb80005eb120ab7b23,1,61,0,0,False,1,44,56,56,20.194712140265946,1,0,False,True,0,0.47972499998286366,976,0.08113467142850693,3.7857142857142856,0.07785915001295507,909,0.16131692507769912,0.44,0,0,67.4413414505647,9,888.5673341717016,421.5083840660294,4.543541599996388,2527.7747304051336,0,4,4,completed,6b201e29b141ee5eaf7852719c27f4ef793d029de9931f9e19940a888ef565ea,B,baseline,True,iterations,True,12,"[0.5, 0.75, 1.0]",5,partial,1,16,5,4,0.5,3,1.4,False,concurrent,06d868f693a728ac1102e913d6ba675227fc8ef9ccd5c18031507f8350390552,,True,incomplete_service,Not all customers served
0.5,0.5,5,MPC_MCTS_H1,0,rc201_21,RC2,05de9a222789707ffcce07b31776e71b0ca87b7f72f5c0d115af11e39f2a2841,100,21,897b06b0a5232b4a55582c72c913db9299981a7e26d5f99ab9087c2a494b608a,3111702a772029549ac38fd4867734ba646a0cf02b6e64b701af3f948a5afea7,0,50,0,0,False,5,29,71,33,27.274458489346905,5,0,False,True,0,0.062160099972970784,800,0.01882088787246947,0.8787878787878788,0.01615809998475015,668,0.038542300066910666,0.29,0,0,0.0,0,790.9592961910603,0.0,0.6210892997914925,3696.4073983902845,5,5,16,completed,6c79bd1b73ab5a5a203585bf3943f1b6c8a7e12ceb64c1d550a2183875afed15,B,baseline,True,iterations,True,12,"[0.5, 0.75, 1.0]",5,partial,1,16,1,4,0.5,3,1.4,False,concurrent,06d868f693a728ac1102e913d6ba675227fc8ef9ccd5c18031507f8350390552,,True,incomplete_service,Not all customers served
0.25,0.25,20,GREEDY,0,r101_21,R1,0e5a3dffffbd3c516b528ef32ba1a488b817d2f151fc3e8c81023814de1c103a,100,21,eff55182b21377e4bea8207e9200f55561609fca70ed7b70d688aaf23af4b5ae,85db80494c0861ecf832ea01feb322959cc9bc281f38c4259583c44c9976155d,1,486,0,0,False,70,59,41,99,24.232203755904667,70,0,False,True,0,0.0287509000627324,0,0.0041282171691589134,0.6666666666666666,0.003098099958151579,0,0.012717309943400314,0.59,0,0,219.90895889908634,19,1429.7000215983753,458.14366437309656,0.4086934997467324,2360.3910195025383,0,20,388,completed,6e7c837f79c89bb1606461ebe1d6eee06d701b578da2de11af8688546cb097c5,B,baseline,True,iterations,True,12,"[0.5, 0.75, 1.0]",5,partial,1,16,5,4,0.5,3,1.4,False,concurrent,06d868f693a728ac1102e913d6ba675227fc8ef9ccd5c18031507f8350390552,,True,incomplete_service,Not all customers served
0.25,0.25,20,MPC_MCTS_H1,0,r101_21,R1,0e5a3dffffbd3c516b528ef32ba1a488b817d2f151fc3e8c81023814de1c103a,100,21,eff55182b21377e4bea8207e9200f55561609fca70ed7b70d688aaf23af4b5ae,85db80494c0861ecf832ea01feb322959cc9bc281f38c4259583c44c9976155d,1,333,0,0,False,70,38,62,51,21.452892131396396,70,0,False,True,0,0.1851810000371188,5328,0.045109168626368046,0.7647058823529411,0.03266949998214841,3833,0.13386434997664765,0.38,0,0,12.333026799851773,4,815.2099009930631,25.693805833024527,2.3005675999447703,3334.0260736328646,20,20,271,completed,6ec0a2a442bb19725bb2806629343c5e3466094c60ca339cd049dd4d547b9b94,B,baseline,True,iterations,True,12,"[0.5, 0.75, 1.0]",5,partial,1,16,1,4,0.5,3,1.4,False,concurrent,06d868f693a728ac1102e913d6ba675227fc8ef9ccd5c18031507f8350390552,,True,incomplete_service,Not all customers served
0.5,0.5,5,COORDINATED_MPC_MCTS,0,c201_21,C2,cc755a6ec3edab8c320bf901f0c3bd34cea80123cf831b0059ea01c13c96bf1d,100,21,7709cf25d863e433db5f930daea8f385c3be3136daa80a5ec82080b243a85230,7743eb1ac99eee2c73e4f17417cf5415bfd237e8806f088f813ff3ea85df9efb,1,65,0,0,False,2,39,61,47,19.27042609901209,2,0,False,True,0,0.47834450006484985,1040,0.09825740638684402,4.382978723404255,0.0927728998940438,951,0.162222670065239,0.39,0,0,843.440101221192,6,751.5466178614715,369.9298689566632,4.618098100181669,11817.735519405858,5,5,15,completed,7104c3da377bcf06f1216a7313a8682bd9a58dc64bef359e3273235802aa3141,B,baseline,True,iterations,True,12,"[0.5, 0.75, 1.0]",5,partial,1,16,5,4,0.5,3,1.4,False,concurrent,06d868f693a728ac1102e913d6ba675227fc8ef9ccd5c18031507f8350390552,,True,incomplete_service,Not all customers served
0.25,0.25,20,MPC_MCTS_H1,0,r101_21,R1,0e5a3dffffbd3c516b528ef32ba1a488b817d2f151fc3e8c81023814de1c103a,100,21,eff55182b21377e4bea8207e9200f55561609fca70ed7b70d688aaf23af4b5ae,49631cc39c480f20aa8e02c62fdbb8295fc5c394a839806d469f8edcbb2f5036,0,328,0,0,False,70,39,61,53,21.127220860176635,70,0,False,True,0,0.1970307999290526,5248,0.04036346791347243,0.7547169811320755,0.02169199998024851,3726,0.1286086400039494,0.39,0,0,4.479515960100081,3,823.9616135468888,9.33232491687517,2.1392637994140387,3298.1087378544735,20,20,266,completed,710f1c9c660e31afb33f02fa0ada9a6483d56b4dacd202521935d1cdd511ed4d,B,baseline,True,iterations,True,12,"[0.5, 0.75, 1.0]",5,partial,1,16,1,4,0.5,3,1.4,False,concurrent,06d868f693a728ac1102e913d6ba675227fc8ef9ccd5c18031507f8350390552,,True,incomplete_service,Not all customers served
0.5,0.5,5,COORDINATED_MPC_MCTS,0,rc201_21,RC2,05de9a222789707ffcce07b31776e71b0ca87b7f72f5c0d115af11e39f2a2841,100,21,897b06b0a5232b4a55582c72c913db9299981a7e26d5f99ab9087c2a494b608a,46d5d69e00a7883bc754189d322c4b7c21ff2e66b5cee0d7fa965b9582ae68da,1,68,0,0,False,2,43,57,50,29.036765619009394,2,0,False,True,0,0.5518232000758871,1088,0.0899653759971261,3.72,0.08617050002794713,918,0.17363601006218227,0.43,0,0,59.96181571692428,5,1248.5809216174039,428.2986836923162,4.498268799856305,3037.0943626048274,5,5,15,completed,716886c9a9a79f3033281025de9d7c085705d10dd280b6e64241dca680f2a4a9,B,baseline,True,iterations,True,12,"[0.5, 0.75, 1.0]",5,partial,1,16,5,4,0.5,3,1.4,False,concurrent,06d868f693a728ac1102e913d6ba675227fc8ef9ccd5c18031507f8350390552,,True,incomplete_service,Not all customers served
0.25,0.25,3,GREEDY,0,r211_21,R2,79349433753cf23f69aef92bb7e6c6847b15e700badf73129a68b6d1e4915201,100,21,f5f653fdaa766d74cd1a39f415cfd36e8b89d8dc0495415d6d46521b2921f804,f6f4dc4d2aafffb8dddd0f15d73dbabcd328dc6169dacdc36da4fb3e70ae03d5,1,57,0,0,False,2,47,53,55,31.940622710509057,2,0,False,True,0,0.023891699966043234,0,0.0026653309119865297,0.9272727272727272,0.0021318000508472323,0,0.0062201700056902995,0.47,0,0,94.37931155118122,4,1501.2092673939258,857.9937413743746,0.14659320015925914,934.4114210548925,0,3,3,completed,727ad676495f77ed06848579885bd36d7a41fc10de9c54172311dbfbcdc08737,B,baseline,True,iterations,True,12,"[0.5, 0.75, 1.0]",5,partial,1,16,5,4,0.5,3,1.4,False,concurrent,06d868f693a728ac1102e913d6ba675227fc8ef9ccd5c18031507f8350390552,,True,incomplete_service,Not all customers served
0.75,0.75,21,COORDINATED_MPC_MCTS,0,rc101_21,RC1,272a3e58d53d4ba9516f01506164cf8a9b98bfeeb8dbd1fd62f6557e4c98e3a1,100,21,f4b729450b2911296fb332aa2b29aacf3be08754cc2c811f83ebe8617dc4124b,124b32150113c20aa0ba911bbdfc93d6ba23d7fde8a5b3a7ceec073afe94721d,0,372,0,0,False,30,77,23,118,29.03889506455405,30,0,False,True,0,1.3935090999584645,5952,0.06581110254687778,2.2796610169491527,0.041288299951702356,4501,0.10184809995698735,0.77,0,0,368.3211786241726,31,2235.994919970662,969.2662595372963,7.765710100531578,1366.8600258298823,21,21,243,completed,72c3122e354fa96b2982575b9b5d38d5ba3b11774f77da400889d2c43f59371f,B,baseline,True,iterations,True,12,"[0.5, 0.75, 1.0]",5,partial,1,16,5,4,0.5,3,1.4,False,concurrent,06d868f693a728ac1102e913d6ba675227fc8ef9ccd5c18031507f8350390552,,True,incomplete_service,Not all customers served
0.0,0.0,18,COORDINATED_MPC_MCTS,0,rc108_21,RC1,e0bbd077f766d20a9e4c89f20604194bd7854b957653654cc6daa8fc729da355,100,21,1333cad9230e74ac53b5ae0fe8dcbb5fc0c14a6a9f561abf1324c241738de4cc,5e664a2843d902efea06443f5bf10f056e54f3c0945dbe7ba524521c8ced5723,0,335,0,0,False,24,83,17,125,23.37328570292348,24,0,False,True,0,2.122635000036098,5360,0.08373473039455712,2.936,0.041325600002892315,3991,0.1287776999408379,0.83,0,0,328.8281150818931,28,1939.9827133426488,865.3371449523503,10.46684129931964,1010.1489443169069,18,18,206,completed,72eba541eeb064e5a4cd9ed75ae32dc3cb6b264fca056814767c4e5c09e5ace7,B,baseline,True,iterations,True,12,"[0.5, 0.75, 1.0]",5,partial,1,16,5,4,0.5,3,1.4,False,concurrent,06d868f693a728ac1102e913d6ba675227fc8ef9ccd5c18031507f8350390552,,True,incomplete_service,Not all customers served
0.0,0.0,3,MPC_MCTS_H1,0,r211_21,R2,79349433753cf23f69aef92bb7e6c6847b15e700badf73129a68b6d1e4915201,100,21,f5f653fdaa766d74cd1a39f415cfd36e8b89d8dc0495415d6d46521b2921f804,5f017e5268000e11c453d90f02178251b7a6348c6876e92aef9080c985ff70de,1,78,0,0,False,2,64,36,68,12.189641299739344,2,0,False,True,0,0.059192500077188015,1248,0.015478989705169463,0.9558823529411765,0.01393610006198287,1168,0.020529539952985943,0.64,0,0,20.872368406736605,2,780.137043183318,189.7488036976055,1.0525712999515235,1556.784013358155,3,3,9,completed,73ec5ffc4193304c9d9a42ab4dbc86a3fecf4a50217545f485e3c2db24a190c6,B,baseline,True,iterations,True,12,"[0.5, 0.75, 1.0]",5,partial,1,16,1,4,0.5,3,1.4,False,concurrent,06d868f693a728ac1102e913d6ba675227fc8ef9ccd5c18031507f8350390552,,True,incomplete_service,Not all customers served
0.25,0.25,18,INDEPENDENT_MPC_MCTS,0,rc108_21,RC1,e0bbd077f766d20a9e4c89f20604194bd7854b957653654cc6daa8fc729da355,100,21,1333cad9230e74ac53b5ae0fe8dcbb5fc0c14a6a9f561abf1324c241738de4cc,2935022cbf9162afdea42efb9825be1f8e828b4500a1c35744296a60aca1a15f,1,221,0,0,False,21,78,22,118,25.01751433673934,18,0,False,True,0,1.9943817000603303,3536,0.07551142542181,2.7711864406779663,0.03501744999084622,3048,0.13854574999422745,0.78,0,0,345.622381991164,28,1951.3661182656683,909.5325841872735,8.91034819977358,533.851307212706,0,18,97,completed,742e156afb6c5e549f8d5ec3b20e2e12b0928486f89656a1b366eb058a921768,B,baseline,True,iterations,True,12,"[0.5, 0.75, 1.0]",5,partial,1,16,5,4,0.5,3,1.4,False,concurrent,06d868f693a728ac1102e913d6ba675227fc8ef9ccd5c18031507f8350390552,,True,incomplete_service,Not all customers served
0.5,0.5,3,GREEDY,0,r211_21,R2,79349433753cf23f69aef92bb7e6c6847b15e700badf73129a68b6d1e4915201,100,21,f5f653fdaa766d74cd1a39f415cfd36e8b89d8dc0495415d6d46521b2921f804,2cdb77057c156f3f085166321a255400be0f429d147082ce57781704fa810469,0,62,0,0,False,2,46,54,56,29.617431317173722,2,0,False,True,0,0.018768099951557815,0,0.002149589272448793,0.9107142857142857,0.0017799999914132059,0,0.004049974988447502,0.46,0,0,76.27890173993421,6,1362.4018405899913,693.4445612721291,0.12037699925713241,1101.3192576700744,0,3,7,completed,74a6d99afb5b3d42566d909b2a9b2eac4974085822dc47018b32ff8ee0373779,B,baseline,True,iterations,True,12,"[0.5, 0.75, 1.0]",5,partial,1,16,5,4,0.5,3,1.4,False,concurrent,06d868f693a728ac1102e913d6ba675227fc8ef9ccd5c18031507f8350390552,,True,incomplete_service,Not all customers served
0.75,0.75,3,GREEDY,0,r211_21,R2,79349433753cf23f69aef92bb7e6c6847b15e700badf73129a68b6d1e4915201,100,21,f5f653fdaa766d74cd1a39f415cfd36e8b89d8dc0495415d6d46521b2921f804,7615874873b4d86b98823a0ced6c9a443b862b0722d1beca6da86972950f4d7e,1,49,0,0,False,2,38,62,46,28.282793458906273,2,0,False,True,0,0.00545219995547086,0,0.001885102170964946,0.9130434782608695,0.0019327999907545745,0,0.00409080003737472,0.38,0,0,54.655479178527074,5,1074.7461514384383,496.86799253206425,0.08671469986438751,1490.5983693830356,0,3,3,completed,7611e4ea32531626140d740bff34889a44337db13cac7117eba241251096319b,B,baseline,True,iterations,True,12,"[0.5, 0.75, 1.0]",5,partial,1,16,5,4,0.5,3,1.4,False,concurrent,06d868f693a728ac1102e913d6ba675227fc8ef9ccd5c18031507f8350390552,,True,incomplete_service,Not all customers served
0.0,0.0,14,INDEPENDENT_MPC_MCTS,0,c109_21,C1,c139ad52f11e291a5e17b4aa03bc1f1d6ca704b7b2c1a1cec53489d1e749664f,100,21,0d2eb63aa77ae4820451c6700ab15c2313f31fb84696cb2d6ac992ec86825cd2,d47668d0890d164c18dce0cdbd17966417796d72cb54be4bdf0207aa6739f7f2,0,123,0,0,False,13,75,25,98,22.494975060153628,7,0,False,True,0,1.6850358999799937,1968,0.07988812550736059,3.5,0.05487659998470917,1854,0.15357656999258285,0.75,0,0,2505.8625605279244,22,1687.1231295115222,739.1924957309512,7.829036299721338,3763.414154170514,0,14,12,completed,765df6f9d82f5e1f370c108be49e575444cb7b0422ea81edb20af1b50d7208fc,B,baseline,True,iterations,True,12,"[0.5, 0.75, 1.0]",5,partial,1,16,5,4,0.5,3,1.4,False,concurrent,06d868f693a728ac1102e913d6ba675227fc8ef9ccd5c18031507f8350390552,,True,incomplete_service,Not all customers served
0.75,0.75,3,INDEPENDENT_MPC_MCTS,0,r211_21,R2,79349433753cf23f69aef92bb7e6c6847b15e700badf73129a68b6d1e4915201,100,21,f5f653fdaa766d74cd1a39f415cfd36e8b89d8dc0495415d6d46521b2921f804,74aed83667a10bfc1cf90b71867225e176cd3fa351de838932a9f4c25afb0941,0,68,0,0,False,0,52,48,62,17.3155023159894,0,0,False,True,0,0.28347579995170236,1088,0.09640905483543212,3.967741935483871,0.11833494994789362,992,0.1876178899896331,0.52,0,0,34.81298530089456,7,900.4061204314488,316.48168455358694,5.977361399796791,1543.257008187467,0,3,6,completed,76f98841505bcb4397e6e266d55007fa9eed69bc90016b46c5bdc88a79f10334,B,baseline,True,iterations,True,12,"[0.5, 0.75, 1.0]",5,partial,1,16,5,4,0.5,3,1.4,False,concurrent,06d868f693a728ac1102e913d6ba675227fc8ef9ccd5c18031507f8350390552,,True,incomplete_service,Not all customers served
0.75,0.75,4,MPC_MCTS_H1,0,r201_21,R2,777cdc28fef020cd4df5ada1700f1a95d97eee53d26f5b26958b67cfd8cc51f2,100,21,a7a9d0da162b6556e18050cf8850d4508fc9c75572cd0fad769a8f8e9e43bc1b,0194e556b422aac66c7322a0d07138512f9d914377c33e93e850bfc5367155dc,0,52,0,0,False,3,38,62,41,13.839985999513305,3,0,False,True,0,0.06284249993041158,832,0.017333902432810425,0.926829268292683,0.01528719998896122,717,0.02260950009804219,0.38,0,0,0.0,0,525.9194679815056,0.0,0.7106899997452274,3076.3073683770713,4,4,10,completed,771a450d497889e0ca289329a335ecc1d90c14ce53c0a21edb1e7b24337e4efa,B,baseline,True,iterations,True,12,"[0.5, 0.75, 1.0]",5,partial,1,16,1,4,0.5,3,1.4,False,concurrent,06d868f693a728ac1102e913d6ba675227fc8ef9ccd5c18031507f8350390552,,True,incomplete_service,Not all customers served
0.0,0.0,20,INDEPENDENT_MPC_MCTS,0,r101_21,R1,0e5a3dffffbd3c516b528ef32ba1a488b817d2f151fc3e8c81023814de1c103a,100,21,eff55182b21377e4bea8207e9200f55561609fca70ed7b70d688aaf23af4b5ae,04df60229cc511103837dd4d6020caf6c0d4703c46a731afe23bfb54aa021a95,1,150,0,0,False,24,57,43,95,27.642595177403393,22,0,False,True,0,1.1127670999849215,2400,0.0453364094682528,2.705263157894737,0.021251400001347065,2046,0.06978430998278773,0.57,0,0,281.4092418402445,36,1575.6279251119934,586.2692538338426,4.306958899484016,1658.860711046543,0,20,37,completed,781cca226852733f18ed1042b843d341ab2ddad74ec5a4a3e4a9dd274bee27e0,B,baseline,True,iterations,True,12,"[0.5, 0.75, 1.0]",5,partial,1,16,5,4,0.5,3,1.4,False,concurrent,06d868f693a728ac1102e913d6ba675227fc8ef9ccd5c18031507f8350390552,,True,incomplete_service,Not all customers served
0.25,0.25,5,GREEDY,0,c201_21,C2,cc755a6ec3edab8c320bf901f0c3bd34cea80123cf831b0059ea01c13c96bf1d,100,21,7709cf25d863e433db5f930daea8f385c3be3136daa80a5ec82080b243a85230,7bcd7fc0b0af16772f2f5da85457dbb7d9caebf8ebbe2ef6eecc0acee10a1e2b,0,109,0,0,False,5,68,32,84,17.208699659889707,5,0,False,True,0,0.012509000021964312,0,0.0019503750040062837,0.9166666666666666,0.0015188499819487333,0,0.003942475072108208,0.68,0,0,2020.7088960470533,9,1170.1915768725,886.2758315995848,0.16383150033652782,7639.099527080447,0,5,27,completed,78cb38516691fecc80def022ded2d9b9d07af578dbacdc81f383753ed01ba087,B,baseline,True,iterations,True,12,"[0.5, 0.75, 1.0]",5,partial,1,16,5,4,0.5,3,1.4,False,concurrent,06d868f693a728ac1102e913d6ba675227fc8ef9ccd5c18031507f8350390552,,True,incomplete_service,Not all customers served
0.5,0.5,3,COORDINATED_MPC_MCTS,0,r211_21,R2,79349433753cf23f69aef92bb7e6c6847b15e700badf73129a68b6d1e4915201,100,21,f5f653fdaa766d74cd1a39f415cfd36e8b89d8dc0495415d6d46521b2921f804,2cdb77057c156f3f085166321a255400be0f429d147082ce57781704fa810469,0,69,0,0,False,0,54,46,65,17.883776555893284,0,0,False,True,0,0.3240408001001924,1104,0.09722316154242995,4.076923076923077,0.1138440000358969,1004,0.1860770399682224,0.54,0,0,42.38298064491077,7,965.7239340182373,385.2998240446434,6.3195055002579466,1451.8930853368522,3,3,5,completed,78f77f132fe27c735463de1950f4f6c59a1469f86ed22dd5c2eac2a6f44e3d46,B,baseline,True,iterations,True,12,"[0.5, 0.75, 1.0]",5,partial,1,16,5,4,0.5,3,1.4,False,concurrent,06d868f693a728ac1102e913d6ba675227fc8ef9ccd5c18031507f8350390552,,True,incomplete_service,Not all customers served
0.0,0.0,18,INDEPENDENT_MPC_MCTS,0,rc108_21,RC1,e0bbd077f766d20a9e4c89f20604194bd7854b957653654cc6daa8fc729da355,100,21,1333cad9230e74ac53b5ae0fe8dcbb5fc0c14a6a9f561abf1324c241738de4cc,7943efb4fd55c9d3ba1c1b7fa3b64c0fb4f5e53e2024153e1d72da889424e2d0,1,263,0,0,False,21,79,21,123,25.236645968865453,18,0,False,True,0,2.0264101999346167,4208,0.07397869755930411,2.682926829268293,0.03572350007016212,3436,0.13131808995967723,0.79,0,0,326.55679060536033,30,1993.6950315403708,859.3599752772641,9.099379799794406,673.9752411475785,0,18,136,completed,7910078017e4b8a54ab63b3b773af763e2d27c7da7f838df090eeab64751e0c8,B,baseline,True,iterations,True,12,"[0.5, 0.75, 1.0]",5,partial,1,16,5,4,0.5,3,1.4,False,concurrent,06d868f693a728ac1102e913d6ba675227fc8ef9ccd5c18031507f8350390552,,True,incomplete_service,Not all customers served
0.25,0.25,5,MPC_MCTS_H1,0,c201_21,C2,cc755a6ec3edab8c320bf901f0c3bd34cea80123cf831b0059ea01c13c96bf1d,100,21,7709cf25d863e433db5f930daea8f385c3be3136daa80a5ec82080b243a85230,40e550760756b49583f79e9ae48ce47dd7dcb11def1d09d7cd595b305e86fd82,1,48,0,0,False,5,26,74,29,12.963135297232537,5,0,False,True,0,0.06290060002356768,768,0.02003924139165159,0.896551724137931,0.014369399985298514,669,0.04416740001179275,0.26,0,0,0.0,0,337.04151772804596,0.0,0.5811380003578961,14253.316940047745,5,5,17,completed,79888ee791558a1f19769d9b836d0e71d8b05992048bb111aa447677159f13c4,B,baseline,True,iterations,True,12,"[0.5, 0.75, 1.0]",5,partial,1,16,1,4,0.5,3,1.4,False,concurrent,06d868f693a728ac1102e913d6ba675227fc8ef9ccd5c18031507f8350390552,,True,incomplete_service,Not all customers served
0.0,0.0,3,INDEPENDENT_MPC_MCTS,0,r211_21,R2,79349433753cf23f69aef92bb7e6c6847b15e700badf73129a68b6d1e4915201,100,21,f5f653fdaa766d74cd1a39f415cfd36e8b89d8dc0495415d6d46521b2921f804,35b8f854d7aa1716cf4fdf94372e30f81168181cae1876725bfd713af6b1ca7b,0,57,0,0,False,2,51,49,55,17.12601009426728,2,0,False,True,0,0.4071961999870837,912,0.1065466399918395,4.418181818181818,0.11708620004355907,896,0.1941627000342123,0.51,0,0,25.58031828614917,3,873.4265148076312,232.54834805590153,5.8600651995511726,1516.4724174896767,0,3,0,completed,79a82955faf4fae95b9b6209918e7b2d355a9915001eea682dea191c7a129ed5,B,baseline,True,iterations,True,12,"[0.5, 0.75, 1.0]",5,partial,1,16,5,4,0.5,3,1.4,False,concurrent,06d868f693a728ac1102e913d6ba675227fc8ef9ccd5c18031507f8350390552,,True,incomplete_service,Not all customers served
0.75,0.75,18,GREEDY,0,rc108_21,RC1,e0bbd077f766d20a9e4c89f20604194bd7854b957653654cc6daa8fc729da355,100,21,1333cad9230e74ac53b5ae0fe8dcbb5fc0c14a6a9f561abf1324c241738de4cc,f5bfab69310f526cba665db1aaf82bf73a394ea39454305566501c5c17665ff4,1,326,0,0,False,57,67,33,112,36.56607407149248,57,0,False,True,0,0.03743420005775988,0,0.003643910720711574,0.7232142857142857,0.0024616000009700656,0,0.013267064985120626,0.67,0,0,428.8648961510252,23,2449.926962789996,1128.591831976382,0.4081180007196963,771.2081410589789,0,18,218,completed,7a5a7ae98efc9950650543da5f2bbff30c1b9d442901ac9f21679e4502e8ba8b,B,baseline,True,iterations,True,12,"[0.5, 0.75, 1.0]",5,partial,1,16,5,4,0.5,3,1.4,False,concurrent,06d868f693a728ac1102e913d6ba675227fc8ef9ccd5c18031507f8350390552,,True,incomplete_service,Not all customers served
0.5,0.5,5,COORDINATED_MPC_MCTS,0,c208_21,C2,6238a471231c4a029781b0059d2394708f055df07192948a8e1e1f462a7ccbea,100,21,711258b6e16dd832319ba5a781e77cc16979b839c32bebf76d9b717a7cbd1531,11d316cdbce3ab6cb783e760d42063e1777c9f48f3c5247e3bd68a444579a9b6,1,62,0,0,False,2,35,65,44,16.22148206732264,2,0,False,True,0,0.5078620999120176,992,0.11483797954331915,4.318181818181818,0.12109254999086261,894,0.20503016005968677,0.35,0,0,454.4848020333892,7,567.7518723562924,198.46497905388176,5.052871099906042,12737.54656258933,5,5,15,completed,7a5adca04e9a0dfe19446c8450def82375f5f81bd6da75d9639432cbe4393ae9,B,baseline,True,iterations,True,12,"[0.5, 0.75, 1.0]",5,partial,1,16,5,4,0.5,3,1.4,False,concurrent,06d868f693a728ac1102e913d6ba675227fc8ef9ccd5c18031507f8350390552,,True,incomplete_service,Not all customers served
0.75,0.75,3,MPC_MCTS_H1,0,r211_21,R2,79349433753cf23f69aef92bb7e6c6847b15e700badf73129a68b6d1e4915201,100,21,f5f653fdaa766d74cd1a39f415cfd36e8b89d8dc0495415d6d46521b2921f804,74aed83667a10bfc1cf90b71867225e176cd3fa351de838932a9f4c25afb0941,0,82,0,0,False,2,71,29,75,11.647818799485188,2,0,False,True,0,0.05109259998425841,1312,0.014914739998057485,0.9466666666666667,0.013950600055977702,1220,0.020666749984957263,0.71,0,0,4.453091644777449,2,826.9951347634484,40.48265131615863,1.1186054998543113,1454.6742808759068,3,3,6,completed,7a9112a827a5afde8e6142f2a7b8664b30052474db7b9e0e5dafe4d4c4673624,B,baseline,True,iterations,True,12,"[0.5, 0.75, 1.0]",5,partial,1,16,1,4,0.5,3,1.4,False,concurrent,06d868f693a728ac1102e913d6ba675227fc8ef9ccd5c18031507f8350390552,,True,incomplete_service,Not all customers served
0.25,0.25,21,INDEPENDENT_MPC_MCTS,0,rc101_21,RC1,272a3e58d53d4ba9516f01506164cf8a9b98bfeeb8dbd1fd62f6557e4c98e3a1,100,21,f4b729450b2911296fb332aa2b29aacf3be08754cc2c811f83ebe8617dc4124b,00ee9d61b63e78b5dbc1b462409bb7f261463bab3c7bcc46fcfae4ff905e7e7f,1,234,0,0,False,27,66,34,110,31.165954177035943,25,0,False,True,0,1.7009697000030428,3744,0.060485560902055695,2.590909090909091,0.033433099975809455,3233,0.09979273493518118,0.66,0,0,254.54130518972727,31,2056.952975684372,669.8455399729664,6.653411699226126,1423.4766107536432,0,21,116,completed,7b6888ac0b318a3e601bd9c7ee093c5ee15dfde351edb8ac9eea8cf944900af4,B,baseline,True,iterations,True,12,"[0.5, 0.75, 1.0]",5,partial,1,16,5,4,0.5,3,1.4,False,concurrent,06d868f693a728ac1102e913d6ba675227fc8ef9ccd5c18031507f8350390552,,True,incomplete_service,Not all customers served
0.75,0.75,13,INDEPENDENT_MPC_MCTS,0,c101_21,C1,c5cda6ca63a7d518902cf4b02d98b4aa0f373aaa0658d5c666d1c46d38871cb9,100,21,18cb8c56a43219b437afb391f11d42a3c7d8056ed895f0cb721b15683964ccb8,05e07a90c1848fcff465e020306f09a61abd5b39507303f14cfdd411f5b2c8b2,1,166,0,0,False,12,67,33,101,20.66153616350497,10,0,False,True,0,0.9854992999462411,2656,0.0468550673305601,2.4158415841584158,0.03156989999115467,2154,0.10129009990487248,0.67,0,0,1583.015538086559,21,1384.3229229548328,466.9662354237637,4.73236180038657,5967.951144459553,0,13,65,completed,7b8288850bf89a944e65e329bae56016acd8e8f7bd4980b26ba8b368463d509c,B,baseline,True,iterations,True,12,"[0.5, 0.75, 1.0]",5,partial,1,16,5,4,0.5,3,1.4,False,concurrent,06d868f693a728ac1102e913d6ba675227fc8ef9ccd5c18031507f8350390552,,True,incomplete_service,Not all customers served
0.5,0.5,19,GREEDY,0,r112_21,R1,004d91650145be584ea6392f9bac9bef40e22a63e0f25f4e87e04fdbd2278b0c,100,21,5d2d688393ea73d7304b019a41e95c98d2c011a287aa79b62d31a9462396f3d0,f9720c646dd2848678be055d2f9c15a146d45ca197b2a30855c47a35ff7e9991,0,279,0,0,False,63,78,22,129,29.365283528327954,63,0,False,True,0,0.02323610009625554,0,0.00241818914980476,0.751937984496124,0.001615899964235723,0,0.0064877599710598515,0.78,0,0,554.2084930603077,28,2290.4921152095803,1204.801071870234,0.311946400324814,745.2993917301119,0,19,154,completed,7c3fb2992587472f0a9a0e53bdd159fd8f6fb908909ebf4b3fe6579f85933fe9,B,baseline,True,iterations,True,12,"[0.5, 0.75, 1.0]",5,partial,1,16,5,4,0.5,3,1.4,False,concurrent,06d868f693a728ac1102e913d6ba675227fc8ef9ccd5c18031507f8350390552,,True,incomplete_service,Not all customers served
0.0,0.0,21,COORDINATED_MPC_MCTS,0,rc101_21,RC1,272a3e58d53d4ba9516f01506164cf8a9b98bfeeb8dbd1fd62f6557e4c98e3a1,100,21,f4b729450b2911296fb332aa2b29aacf3be08754cc2c811f83ebe8617dc4124b,d7f793efca1a287c6053bb0e05d9cc416cf3f6c49bff344cacb15de3f1f4abbb,0,419,0,0,False,24,70,30,105,28.801462405879857,24,0,False,True,0,1.7769235000014305,6704,0.07437790190645804,2.9714285714285715,0.047453499981202185,4961,0.09436400006525217,0.7,0,0,232.9435028806657,29,2016.1023684115899,613.0092181070149,7.809679700178094,1937.7408680103867,21,21,299,completed,7d87c90ea3c38c0976c6e941671e60978bc828b085304a267fee3364e01940a2,B,baseline,True,iterations,True,12,"[0.5, 0.75, 1.0]",5,partial,1,16,5,4,0.5,3,1.4,False,concurrent,06d868f693a728ac1102e913d6ba675227fc8ef9ccd5c18031507f8350390552,,True,incomplete_service,Not all customers served
0.25,0.25,3,MPC_MCTS_H1,0,r211_21,R2,79349433753cf23f69aef92bb7e6c6847b15e700badf73129a68b6d1e4915201,100,21,f5f653fdaa766d74cd1a39f415cfd36e8b89d8dc0495415d6d46521b2921f804,f6f4dc4d2aafffb8dddd0f15d73dbabcd328dc6169dacdc36da4fb3e70ae03d5,1,83,0,0,False,2,71,29,76,11.719428740799566,2,0,False,True,0,0.06441860005725175,1328,0.015587310524240724,0.9473684210526315,0.014546849997714162,1237,0.026833224954316393,0.71,0,0,5.012365286442739,3,832.0794405967692,45.56695714947944,1.184635599842295,1448.2928896499873,3,3,6,completed,7dbdcdc11997142a34515c6b5ab5e890ed700839b09d6c70a0929395dcb5a6c1,B,baseline,True,iterations,True,12,"[0.5, 0.75, 1.0]",5,partial,1,16,1,4,0.5,3,1.4,False,concurrent,06d868f693a728ac1102e913d6ba675227fc8ef9ccd5c18031507f8350390552,,True,incomplete_service,Not all customers served
0.75,0.75,5,COORDINATED_MPC_MCTS,0,rc201_21,RC2,05de9a222789707ffcce07b31776e71b0ca87b7f72f5c0d115af11e39f2a2841,100,21,897b06b0a5232b4a55582c72c913db9299981a7e26d5f99ab9087c2a494b608a,e291299d92dd9dff8989602ed942ea4b698c97724fa0c12e4f8118057ff28d76,1,69,0,0,False,2,44,56,54,28.134852931635677,2,0,False,True,0,0.45787220005877316,1104,0.09401194443408814,3.7962962962962963,0.10124654998071492,968,0.17808233497198653,0.44,0,0,62.17792144288296,8,1237.9335289919698,444.1280103063068,5.076644999440759,3022.7384693487293,5,5,12,completed,7ee095126da6c4b9526e117db18efd43be32ee4671289764136d72bb6dfb2d0f,B,baseline,True,iterations,True,12,"[0.5, 0.75, 1.0]",5,partial,1,16,5,4,0.5,3,1.4,False,concurrent,06d868f693a728ac1102e913d6ba675227fc8ef9ccd5c18031507f8350390552,,True,incomplete_service,Not all customers served
0.0,0.0,5,MPC_MCTS_H1,0,rc201_21,RC2,05de9a222789707ffcce07b31776e71b0ca87b7f72f5c0d115af11e39f2a2841,100,21,897b06b0a5232b4a55582c72c913db9299981a7e26d5f99ab9087c2a494b608a,24780f40ef3eacd4e382295beb5437b431fdc6c31ac8b7366f42b65ac6f89e24,1,54,0,0,False,5,31,69,35,25.556648316040334,5,0,False,True,0,0.06092779990285635,864,0.01673411713979606,0.8857142857142857,0.013474799925461411,713,0.0374855999252758,0.31,0,0,0.0,0,792.2560977972504,0.0,0.5856940998928621,3679.4227855225336,5,5,18,completed,803170d5a498aef958b63652e966a3a395fa76cdf53f772115a3e4794e9d9c57,B,baseline,True,iterations,True,12,"[0.5, 0.75, 1.0]",5,partial,1,16,1,4,0.5,3,1.4,False,concurrent,06d868f693a728ac1102e913d6ba675227fc8ef9ccd5c18031507f8350390552,,True,incomplete_service,Not all customers served
0.5,0.5,4,COORDINATED_MPC_MCTS,0,rc208_21,RC2,848ac4428c45536e665596eb3031d4cf06747a109edbb2a5ab6498422157954d,100,21,bb62f751bd2f92a5591ef85431c7691fc4adc788ee2ff693b2b4e87903071c0a,8f25e277b285481ad0b29ab0591d4df1c15cc6d3384df60643a72bd985190993,0,101,0,0,False,1,70,30,89,19.66475407880856,1,0,False,True,0,0.5048466000007465,1616,0.11282056853243182,4.280898876404494,0.12160740001127124,1521,0.1919050400611013,0.7,0,0,146.36343681014003,17,1376.5327855165992,813.130204500778,10.041030599386431,1607.892003729998,4,4,10,completed,8041004bd19c3d7c2235b41af7f0225418fad8dbc73952db5f08ae6b6be61df0,B,baseline,True,iterations,True,12,"[0.5, 0.75, 1.0]",5,partial,1,16,5,4,0.5,3,1.4,False,concurrent,06d868f693a728ac1102e913d6ba675227fc8ef9ccd5c18031507f8350390552,,True,incomplete_service,Not all customers served
0.75,0.75,4,GREEDY,0,rc208_21,RC2,848ac4428c45536e665596eb3031d4cf06747a109edbb2a5ab6498422157954d,100,21,bb62f751bd2f92a5591ef85431c7691fc4adc788ee2ff693b2b4e87903071c0a,74093c977e1e35339e82d3290c0b8c5426e5ee209805a2a904e5961042626368,1,71,0,0,False,3,48,52,64,36.24579228510891,3,0,False,True,0,0.010982400039210916,0,0.0024774968860583613,0.90625,0.0019786999910138547,0,0.00699323495500721,0.48,0,0,224.27244089840647,10,1739.7980296852277,1245.9580049911472,0.15855980070773512,1395.9295294163662,0,4,9,completed,81241cb54c217de952047b8333c749458a61b130a8c5609be173d73e560cb39c,B,baseline,True,iterations,True,12,"[0.5, 0.75, 1.0]",5,partial,1,16,5,4,0.5,3,1.4,False,concurrent,06d868f693a728ac1102e913d6ba675227fc8ef9ccd5c18031507f8350390552,,True,incomplete_service,Not all customers served
0.5,0.5,19,GREEDY,0,r112_21,R1,004d91650145be584ea6392f9bac9bef40e22a63e0f25f4e87e04fdbd2278b0c,100,21,5d2d688393ea73d7304b019a41e95c98d2c011a287aa79b62d31a9462396f3d0,e9ffc31fa2a6cf8d41d13093537da9b7473fa24e98ca487e94e143545e354007,1,284,0,0,False,63,76,24,126,31.124606831213143,63,0,False,True,0,0.039171500015072525,0,0.003262679369765378,0.753968253968254,0.002140650001820177,0,0.00775769999017939,0.76,0,0,541.5241732433733,29,2365.470119172199,1177.2264635725505,0.41109760059043765,703.0057075844276,0,19,160,completed,81670703b5b5b351db126926e0c2a4881a6f330b0af9975b017491a4de70ff41,B,baseline,True,iterations,True,12,"[0.5, 0.75, 1.0]",5,partial,1,16,5,4,0.5,3,1.4,False,concurrent,06d868f693a728ac1102e913d6ba675227fc8ef9ccd5c18031507f8350390552,,True,incomplete_service,Not all customers served
0.5,0.5,13,COORDINATED_MPC_MCTS,0,c101_21,C1,c5cda6ca63a7d518902cf4b02d98b4aa0f373aaa0658d5c666d1c46d38871cb9,100,21,18cb8c56a43219b437afb391f11d42a3c7d8056ed895f0cb721b15683964ccb8,4e661d4e64a2bbaa7874fb3820e0387024b5c87feca70615229167d74eb8485e,1,226,0,0,False,11,66,34,103,26.766235380347695,11,0,False,True,0,1.136673399945721,3616,0.06891556601695607,3.407766990291262,0.05415989994071424,2703,0.1211308599682524,0.66,0,0,3264.1239077125692,29,1766.5715351029478,962.8684093547402,7.098303299746476,4739.067371536348,13,13,118,completed,817e3dad32c0aab954a5608f57b55e13313ce97b03e64d522fbe8fa9ef604150,B,baseline,True,iterations,True,12,"[0.5, 0.75, 1.0]",5,partial,1,16,5,4,0.5,3,1.4,False,concurrent,06d868f693a728ac1102e913d6ba675227fc8ef9ccd5c18031507f8350390552,,True,incomplete_service,Not all customers served
0.5,0.5,18,MPC_MCTS_H1,0,rc108_21,RC1,e0bbd077f766d20a9e4c89f20604194bd7854b957653654cc6daa8fc729da355,100,21,1333cad9230e74ac53b5ae0fe8dcbb5fc0c14a6a9f561abf1324c241738de4cc,712f27d0f39696897704f36dac63cde2fe4a60e55acc74db6d5ca37ad084c922,1,441,0,0,False,57,86,14,118,22.311832972114342,57,0,False,True,0,0.1849517000373453,7056,0.03381703983029445,0.7711864406779662,0.02042024995898828,5633,0.08300549002597105,0.86,0,0,218.36930489756622,20,1918.8176356018334,574.6560655199111,3.9904106999747455,1277.1431789516319,18,18,317,completed,833f29fdd2c67fc92c1dbcdfebcdfbe00d2b5f49488f81a443816e8a5cac55bc,B,baseline,True,iterations,True,12,"[0.5, 0.75, 1.0]",5,partial,1,16,1,4,0.5,3,1.4,False,concurrent,06d868f693a728ac1102e913d6ba675227fc8ef9ccd5c18031507f8350390552,,True,incomplete_service,Not all customers served
0.25,0.25,5,INDEPENDENT_MPC_MCTS,0,c208_21,C2,6238a471231c4a029781b0059d2394708f055df07192948a8e1e1f462a7ccbea,100,21,711258b6e16dd832319ba5a781e77cc16979b839c32bebf76d9b717a7cbd1531,fb27dcf59c91312144527d5be3fa853bdbd6eea855c8c832c3bb50e3e7f60981,0,30,0,0,False,2,22,78,26,20.314389820386666,2,0,False,True,0,0.5528676999965683,480,0.09010074616750129,4.038461538461538,0.06235020008170977,474,0.17983152496162802,0.22,0,0,201.88532704725262,3,446.9165760485066,88.15953146168236,2.3426194003550336,11992.834460508366,0,5,0,completed,8368ece46049865d3c0e6ea3beb7b7dc44992b85b16f62b5e0d2c72efd7edefa,B,baseline,True,iterations,True,12,"[0.5, 0.75, 1.0]",5,partial,1,16,5,4,0.5,3,1.4,False,concurrent,06d868f693a728ac1102e913d6ba675227fc8ef9ccd5c18031507f8350390552,,True,incomplete_service,Not all customers served
0.5,0.5,18,GREEDY,0,rc108_21,RC1,e0bbd077f766d20a9e4c89f20604194bd7854b957653654cc6daa8fc729da355,100,21,1333cad9230e74ac53b5ae0fe8dcbb5fc0c14a6a9f561abf1324c241738de4cc,712f27d0f39696897704f36dac63cde2fe4a60e55acc74db6d5ca37ad084c922,1,287,0,0,False,57,63,37,105,36.09974413905269,57,0,False,True,0,0.037983200047165155,0,0.0031704495217473733,0.7142857142857143,0.0020825000246986747,0,0.006483940011821686,0.63,0,0,367.67644269662105,21,2274.2838807603193,967.5695860437396,0.3328971997834742,1048.0396765430598,0,18,185,completed,839374c9aa9a6d4a7cc51067a94748bc484b5e120388aa8f0314c678559d6aa9,B,baseline,True,iterations,True,12,"[0.5, 0.75, 1.0]",5,partial,1,16,5,4,0.5,3,1.4,False,concurrent,06d868f693a728ac1102e913d6ba675227fc8ef9ccd5c18031507f8350390552,,True,incomplete_service,Not all customers served
0.25,0.25,4,MPC_MCTS_H1,0,r201_21,R2,777cdc28fef020cd4df5ada1700f1a95d97eee53d26f5b26958b67cfd8cc51f2,100,21,a7a9d0da162b6556e18050cf8850d4508fc9c75572cd0fad769a8f8e9e43bc1b,157d81c11dcc2aad2112a6fef229ddf73a9f85e541fa8258b823d8916d0712de,1,47,0,0,False,3,31,69,35,14.341445642039053,3,0,False,True,0,0.05936219997238368,752,0.016428714282145457,0.8857142857142857,0.01401020004414022,630,0.031310969998594354,0.31,0,0,0.0,0,444.58481490321066,0.0,0.575004999875091,3236.7811073491566,4,4,12,completed,8483a804dd27c9f8c428538a15754e94ceaa67802be432bcff17ff1257153ade,B,baseline,True,iterations,True,12,"[0.5, 0.75, 1.0]",5,partial,1,16,1,4,0.5,3,1.4,False,concurrent,06d868f693a728ac1102e913d6ba675227fc8ef9ccd5c18031507f8350390552,,True,incomplete_service,Not all customers served
0.25,0.25,4,INDEPENDENT_MPC_MCTS,0,rc208_21,RC2,848ac4428c45536e665596eb3031d4cf06747a109edbb2a5ab6498422157954d,100,21,bb62f751bd2f92a5591ef85431c7691fc4adc788ee2ff693b2b4e87903071c0a,73627a54354afa91d48dfd888c225b6f1b4395ff85944a7a8cd75a1bce4d001b,1,89,0,0,False,0,60,40,84,22.685428725507496,0,0,False,True,0,0.5721214999211952,1424,0.10601442856741847,4.190476190476191,0.1142605499480851,1374,0.18256739503121933,0.6,0,0,142.08346971145443,20,1361.1257235304497,789.3526095080801,8.905211999663152,1579.544106113444,0,4,5,completed,84b8d5e491743f5f043a8a859d20e4cc3b027e134705d37928461e93e0d76d30,B,baseline,True,iterations,True,12,"[0.5, 0.75, 1.0]",5,partial,1,16,5,4,0.5,3,1.4,False,concurrent,06d868f693a728ac1102e913d6ba675227fc8ef9ccd5c18031507f8350390552,,True,incomplete_service,Not all customers served
0.75,0.75,4,INDEPENDENT_MPC_MCTS,0,r201_21,R2,777cdc28fef020cd4df5ada1700f1a95d97eee53d26f5b26958b67cfd8cc51f2,100,21,a7a9d0da162b6556e18050cf8850d4508fc9c75572cd0fad769a8f8e9e43bc1b,544fe5b05546136f58744f3f2fb415c655e05c8d388cb7c1b19bfeb8f8fa3724,1,75,0,0,False,0,55,45,67,21.330533233691646,0,0,False,True,0,0.2516039999900386,1200,0.0857185880521507,4.104477611940299,0.09493539994582534,1151,0.16393772996962058,0.55,0,0,94.4254919201852,11,1173.1793278530406,590.1593245011575,5.743145399494097,2110.890881497807,0,4,5,completed,868c77d5966d321688c783bf3424c1ebf522dd1f4acee873e2b3e8ea5f6302f6,B,baseline,True,iterations,True,12,"[0.5, 0.75, 1.0]",5,partial,1,16,5,4,0.5,3,1.4,False,concurrent,06d868f693a728ac1102e913d6ba675227fc8ef9ccd5c18031507f8350390552,,True,incomplete_service,Not all customers served
0.5,0.5,14,MPC_MCTS_H1,0,c109_21,C1,c139ad52f11e291a5e17b4aa03bc1f1d6ca704b7b2c1a1cec53489d1e749664f,100,21,0d2eb63aa77ae4820451c6700ab15c2313f31fb84696cb2d6ac992ec86825cd2,e17a6cd3c034df267ce886dc17221778388b31875d35653ff5c2051cfa9a1a7a,1,232,0,0,False,36,51,49,64,20.77157430899823,36,0,False,True,0,0.14605679991655052,3712,0.04178109687381948,0.859375,0.019830700010061264,3181,0.11906333992956206,0.51,0,0,750.6240773361394,7,1059.3502897589096,221.42303166257798,2.6739901999244466,10576.028685992758,14,14,160,completed,86a976ef82278159f4c1cb5267d8c086c0980d5d0c41561f71e8ae1cc8642ca8,B,baseline,True,iterations,True,12,"[0.5, 0.75, 1.0]",5,partial,1,16,1,4,0.5,3,1.4,False,concurrent,06d868f693a728ac1102e913d6ba675227fc8ef9ccd5c18031507f8350390552,,True,incomplete_service,Not all customers served
0.0,0.0,19,GREEDY,0,r112_21,R1,004d91650145be584ea6392f9bac9bef40e22a63e0f25f4e87e04fdbd2278b0c,100,21,5d2d688393ea73d7304b019a41e95c98d2c011a287aa79b62d31a9462396f3d0,8295d0410094b698bb1c54618d5ed257b69747a0049ce469534d1f76ea3c407e,1,243,0,0,False,68,58,42,95,30.00878176486425,68,0,False,True,0,0.03253800002858043,0,0.0032058947327497757,0.7368421052631579,0.0015102000907063484,0,0.017711860069539374,0.58,0,0,302.1572427246004,20,1740.5093423621265,656.8635711404356,0.3045599996112287,1747.333414913273,0,19,146,completed,87d70ca087b5469a11ded01d3b707c8ae2687d6108565d5d66e1d007188dec5e,B,baseline,True,iterations,True,12,"[0.5, 0.75, 1.0]",5,partial,1,16,5,4,0.5,3,1.4,False,concurrent,06d868f693a728ac1102e913d6ba675227fc8ef9ccd5c18031507f8350390552,,True,incomplete_service,Not all customers served
0.5,0.5,5,COORDINATED_MPC_MCTS,0,rc201_21,RC2,05de9a222789707ffcce07b31776e71b0ca87b7f72f5c0d115af11e39f2a2841,100,21,897b06b0a5232b4a55582c72c913db9299981a7e26d5f99ab9087c2a494b608a,3111702a772029549ac38fd4867734ba646a0cf02b6e64b701af3f948a5afea7,0,74,0,0,False,2,42,58,53,28.903540205187017,2,0,False,True,0,0.30365149991121143,1184,0.05632862075065034,3.4150943396226414,0.046640300075523555,998,0.1211853799410164,0.42,0,0,61.331700261978625,8,1213.9486886178547,438.08357329984733,2.985416899784468,3072.704459053235,5,5,19,completed,8832f52efa65b2f7238b665d5a4a37001b7408f13b209d2f3502b424e282adb4,B,baseline,True,iterations,True,12,"[0.5, 0.75, 1.0]",5,partial,1,16,5,4,0.5,3,1.4,False,isolated,06d868f693a728ac1102e913d6ba675227fc8ef9ccd5c18031507f8350390552,,True,incomplete_service,Not all customers served
0.25,0.25,21,MPC_MCTS_H1,0,rc101_21,RC1,272a3e58d53d4ba9516f01506164cf8a9b98bfeeb8dbd1fd62f6557e4c98e3a1,100,21,f4b729450b2911296fb332aa2b29aacf3be08754cc2c811f83ebe8617dc4124b,63402ba09d1ec49a84c31d22236d2715563a110587988bb74c566d140838b781,0,483,0,0,False,77,51,49,72,26.065595151630284,77,0,False,True,0,0.1939047999912873,7728,0.04509034304970151,0.7083333333333334,0.025391449977178127,5593,0.1122574300155975,0.51,0,0,44.41745797346492,8,1329.3453527331444,116.8880472985919,3.2465046995785087,3114.3770595333617,21,21,403,completed,890142b19d9fc2fe7a7ab98b29c070891476430c76ea014f7b4f955982e2e781,B,baseline,True,iterations,True,12,"[0.5, 0.75, 1.0]",5,partial,1,16,1,4,0.5,3,1.4,False,concurrent,06d868f693a728ac1102e913d6ba675227fc8ef9ccd5c18031507f8350390552,,True,incomplete_service,Not all customers served
0.25,0.25,13,GREEDY,0,c101_21,C1,c5cda6ca63a7d518902cf4b02d98b4aa0f373aaa0658d5c666d1c46d38871cb9,100,21,18cb8c56a43219b437afb391f11d42a3c7d8056ed895f0cb721b15683964ccb8,0098b9cb2908f5de14437ed2ab26a745cabdc6171c51da42147a621cce0ef0e0,1,252,0,0,False,30,57,43,84,25.187233216813368,30,0,False,True,0,0.030512499972246587,0,0.003285133336681784,0.7738095238095238,0.0021115000708959997,0,0.00717691495665349,0.57,0,0,1741.9739120978672,12,1435.672293358362,513.8566112383089,0.27595120028126985,7760.35379454377,0,13,170,completed,89decd7b3afd56db5da0166a897051caa1421880b1b9e1365833d8f23c83b11b,B,baseline,True,iterations,True,12,"[0.5, 0.75, 1.0]",5,partial,1,16,5,4,0.5,3,1.4,False,concurrent,06d868f693a728ac1102e913d6ba675227fc8ef9ccd5c18031507f8350390552,,True,incomplete_service,Not all customers served
0.25,0.25,3,INDEPENDENT_MPC_MCTS,0,r211_21,R2,79349433753cf23f69aef92bb7e6c6847b15e700badf73129a68b6d1e4915201,100,21,f5f653fdaa766d74cd1a39f415cfd36e8b89d8dc0495415d6d46521b2921f804,0aa31b7ce20ed412ee459bdc59888e96081e5e6b29d99890639c9619361f1e73,0,57,0,0,False,0,45,55,52,17.88399634846237,0,0,False,True,0,0.3843703999882564,912,0.09917671345129538,3.9615384615384617,0.11103954998543486,849,0.19920349000603887,0.45,0,0,20.98762142513267,5,804.7798356808067,190.796558410297,5.1571890994673595,1689.1384860128271,0,3,4,completed,8a9cacf7fe1ae7bc106923c2dfcefd6a7d1f9b10f78d89c29204bea520a2f285,B,baseline,True,iterations,True,12,"[0.5, 0.75, 1.0]",5,partial,1,16,5,4,0.5,3,1.4,False,concurrent,06d868f693a728ac1102e913d6ba675227fc8ef9ccd5c18031507f8350390552,,True,incomplete_service,Not all customers served
0.75,0.75,20,GREEDY,0,r101_21,R1,0e5a3dffffbd3c516b528ef32ba1a488b817d2f151fc3e8c81023814de1c103a,100,21,eff55182b21377e4bea8207e9200f55561609fca70ed7b70d688aaf23af4b5ae,64768a0b362b4df90b9bbea7cd1b686f3faee5dad37567373fc99f20d46e982e,1,517,0,0,False,70,63,37,107,23.37691697337529,70,0,False,True,0,0.02441399998497218,0,0.004120399066786691,0.6915887850467289,0.002229299978353083,0,0.010774750087875873,0.63,0,0,235.54847589474664,19,1472.7457693226434,490.7259914473888,0.4408827001461759,2261.70575478261,0,20,415,completed,8ac750b631300b8956748e248b0f5a5bd0076e44cb9a42ac33f2383c8d93bd70,B,baseline,True,iterations,True,12,"[0.5, 0.75, 1.0]",5,partial,1,16,5,4,0.5,3,1.4,False,concurrent,06d868f693a728ac1102e913d6ba675227fc8ef9ccd5c18031507f8350390552,,True,incomplete_service,Not all customers served
0.0,0.0,21,MPC_MCTS_H1,0,rc101_21,RC1,272a3e58d53d4ba9516f01506164cf8a9b98bfeeb8dbd1fd62f6557e4c98e3a1,100,21,f4b729450b2911296fb332aa2b29aacf3be08754cc2c811f83ebe8617dc4124b,af85ff48cadaf75a458147018f8439d1af8a9b44e75c4d0ff11319aa3b6ad49b,1,447,0,0,False,79,43,57,56,29.292930218797654,79,0,False,True,0,0.24840899999253452,7152,0.05900791965125661,0.7678571428571429,0.037087750039063394,5285,0.18066877502133138,0.43,0,0,31.414727945374107,8,1259.5959994082991,82.67033669835291,3.30444350047037,3261.4171362640654,21,21,375,completed,8b267f38b6fb9c6e784c4e22a69efb5823824c289987394a6eecc666f4e61c44,B,baseline,True,iterations,True,12,"[0.5, 0.75, 1.0]",5,partial,1,16,1,4,0.5,3,1.4,False,concurrent,06d868f693a728ac1102e913d6ba675227fc8ef9ccd5c18031507f8350390552,,True,incomplete_service,Not all customers served
0.75,0.75,4,INDEPENDENT_MPC_MCTS,0,r201_21,R2,777cdc28fef020cd4df5ada1700f1a95d97eee53d26f5b26958b67cfd8cc51f2,100,21,a7a9d0da162b6556e18050cf8850d4508fc9c75572cd0fad769a8f8e9e43bc1b,0194e556b422aac66c7322a0d07138512f9d914377c33e93e850bfc5367155dc,0,79,0,0,False,1,55,45,73,19.39099059236275,1,0,False,True,0,0.31674739997833967,1264,0.0851087780838373,3.904109589041096,0.09264709998387843,1213,0.15090266000479458,0.55,0,0,82.1047442376013,13,1066.5044825799514,513.1546514850081,6.212940800120123,2165.288701916981,0,4,7,completed,8b51dbd383ebf8deb9aafcad90a3a240bac5bb5169935e4f4fa67149af873772,B,baseline,True,iterations,True,12,"[0.5, 0.75, 1.0]",5,partial,1,16,5,4,0.5,3,1.4,False,concurrent,06d868f693a728ac1102e913d6ba675227fc8ef9ccd5c18031507f8350390552,,True,incomplete_service,Not all customers served
0.25,0.25,21,GREEDY,0,rc101_21,RC1,272a3e58d53d4ba9516f01506164cf8a9b98bfeeb8dbd1fd62f6557e4c98e3a1,100,21,f4b729450b2911296fb332aa2b29aacf3be08754cc2c811f83ebe8617dc4124b,63402ba09d1ec49a84c31d22236d2715563a110587988bb74c566d140838b781,0,564,0,0,False,77,60,40,104,35.84974108754,77,0,False,True,0,0.04992170003242791,0,0.005592942308374824,0.6634615384615384,0.0030738499481230974,0,0.013203819969203308,0.6,0,0,294.08619655301646,18,2150.9844652524002,773.9110435605696,0.5816660000709817,1994.9293381945834,0,21,465,completed,8b786cefdeb70ca17db454673e3ea6d93fb0690b6c5af4216e39731422b2a3ea,B,baseline,True,iterations,True,12,"[0.5, 0.75, 1.0]",5,partial,1,16,5,4,0.5,3,1.4,False,concurrent,06d868f693a728ac1102e913d6ba675227fc8ef9ccd5c18031507f8350390552,,True,incomplete_service,Not all customers served
0.25,0.25,14,COORDINATED_MPC_MCTS,0,c109_21,C1,c139ad52f11e291a5e17b4aa03bc1f1d6ca704b7b2c1a1cec53489d1e749664f,100,21,0d2eb63aa77ae4820451c6700ab15c2313f31fb84696cb2d6ac992ec86825cd2,d9a45d7b76deab6523566e4a3e0aa66f1c516147e49c1e06b8ce998f0a880202,1,271,0,0,False,9,71,29,109,23.80672494109637,9,0,False,True,0,1.704456300009042,4336,0.0915000522989831,3.477064220183486,0.07111040002200752,3452,0.14907226006034754,0.71,0,0,2441.9870864172563,32,1690.2774708178422,720.3501729844413,9.973505700589158,6227.937317771887,14,14,154,completed,8b8d5302fa6b1925a619749cea585a352a62f38152ef1e10bd86456968fa17a1,B,baseline,True,iterations,True,12,"[0.5, 0.75, 1.0]",5,partial,1,16,5,4,0.5,3,1.4,False,concurrent,06d868f693a728ac1102e913d6ba675227fc8ef9ccd5c18031507f8350390552,,True,incomplete_service,Not all customers served
0.0,0.0,5,MPC_MCTS_H1,0,c208_21,C2,6238a471231c4a029781b0059d2394708f055df07192948a8e1e1f462a7ccbea,100,21,711258b6e16dd832319ba5a781e77cc16979b839c32bebf76d9b717a7cbd1531,e93a70281fab3433719f8ee17f709770edcb491ca95c39d8e6a0bfc725ad893f,0,49,0,0,False,5,27,73,29,12.689045440373464,5,0,False,True,0,0.06379469996318221,784,0.02333701034237085,0.9310344827586207,0.016164800035767257,686,0.0614936999976635,0.27,0,0,0.0,0,342.6042268900835,0.0,0.6767732999287546,14157.789379764994,5,5,17,completed,8be7b2d20a195a3fdca871689709372aadb96dda9cf9ca76271234c4f0ea1a06,B,baseline,True,iterations,True,12,"[0.5, 0.75, 1.0]",5,partial,1,16,1,4,0.5,3,1.4,False,concurrent,06d868f693a728ac1102e913d6ba675227fc8ef9ccd5c18031507f8350390552,,True,incomplete_service,Not all customers served
0.25,0.25,5,COORDINATED_MPC_MCTS,0,c208_21,C2,6238a471231c4a029781b0059d2394708f055df07192948a8e1e1f462a7ccbea,100,21,711258b6e16dd832319ba5a781e77cc16979b839c32bebf76d9b717a7cbd1531,0064d2b34e20900a5d6c569880db6bf20a40a8a517e7388cc4f3ef315f2b7e50,1,54,0,0,False,1,31,69,36,16.578332032329122,1,0,False,True,0,0.6179771999595687,864,0.12093235278088185,4.25,0.11022874998161569,780,0.1920473750506062,0.31,0,0,185.85868743163692,3,513.9282930022027,81.16099887844408,4.353564700111747,13442.600340295085,5,5,15,completed,8d16d5e35e87e71ae53625a1a425c671c9d88015831500fe79b11ad6b6423cfa,B,baseline,True,iterations,True,12,"[0.5, 0.75, 1.0]",5,partial,1,16,5,4,0.5,3,1.4,False,concurrent,06d868f693a728ac1102e913d6ba675227fc8ef9ccd5c18031507f8350390552,,True,incomplete_service,Not all customers served
0.25,0.25,19,GREEDY,0,r112_21,R1,004d91650145be584ea6392f9bac9bef40e22a63e0f25f4e87e04fdbd2278b0c,100,21,5d2d688393ea73d7304b019a41e95c98d2c011a287aa79b62d31a9462396f3d0,fe5a81f8226b5fa2b97fb340d4f6218e5e8a99894f38350fa48163b4ff1248f3,0,273,0,0,False,63,75,25,125,30.83628706432115,63,0,False,True,0,0.04408089991193265,0,0.003387632004916668,0.752,0.002067499910481274,0,0.007242240034975111,0.75,0,0,543.8887048046802,28,2312.7215298240862,1182.3667495753916,0.4234540006145835,763.3897653712334,0,19,151,completed,8d181ab0c0e47081557bad75a4ee8c6faee1073e562a8390ec430163353c7039,B,baseline,True,iterations,True,12,"[0.5, 0.75, 1.0]",5,partial,1,16,5,4,0.5,3,1.4,False,concurrent,06d868f693a728ac1102e913d6ba675227fc8ef9ccd5c18031507f8350390552,,True,incomplete_service,Not all customers served
0.5,0.5,14,COORDINATED_MPC_MCTS,0,c109_21,C1,c139ad52f11e291a5e17b4aa03bc1f1d6ca704b7b2c1a1cec53489d1e749664f,100,21,0d2eb63aa77ae4820451c6700ab15c2313f31fb84696cb2d6ac992ec86825cd2,2d7481bfe4584024e0281b0a46ab0ff8e28b7fd483d4cba8197537b8598bf6c3,0,299,0,0,False,11,78,22,115,22.735817464279826,11,0,False,True,0,1.530266399960965,4784,0.09312933652013865,3.4956521739130433,0.06993180001154542,3912,0.1533726400113664,0.78,0,0,3090.9180455954533,29,1773.3937622138264,911.7752346889242,10.709873699815944,4615.190509433785,14,14,178,completed,8d4294658e92cbc8df2d1128fc25d6ca21197fe5b807e78bc33f9a40499cfc7c,B,baseline,True,iterations,True,12,"[0.5, 0.75, 1.0]",5,partial,1,16,5,4,0.5,3,1.4,False,concurrent,06d868f693a728ac1102e913d6ba675227fc8ef9ccd5c18031507f8350390552,,True,incomplete_service,Not all customers served
0.25,0.25,5,MPC_MCTS_H1,0,rc201_21,RC2,05de9a222789707ffcce07b31776e71b0ca87b7f72f5c0d115af11e39f2a2841,100,21,897b06b0a5232b4a55582c72c913db9299981a7e26d5f99ab9087c2a494b608a,8eb9a86c50f8b35f4859b78c97c81d7e7f84df5067b747c21a7bd71d8d264d14,0,50,0,0,False,5,31,69,34,26.574366011586292,5,0,False,True,0,0.06177549995481968,800,0.017883126469849443,0.9117647058823529,0.014514049980789423,668,0.04009549506590696,0.31,0,0,0.0,0,823.805346359175,0.0,0.6080262999748811,3637.106363401368,5,5,14,completed,8d84847d135a1b2d2406fb23ce4f90539b7ca1eecc469bd629c79eb65e5cdc12,B,baseline,True,iterations,True,12,"[0.5, 0.75, 1.0]",5,partial,1,16,1,4,0.5,3,1.4,False,concurrent,06d868f693a728ac1102e913d6ba675227fc8ef9ccd5c18031507f8350390552,,True,incomplete_service,Not all customers served
0.75,0.75,18,MPC_MCTS_H1,0,rc108_21,RC1,e0bbd077f766d20a9e4c89f20604194bd7854b957653654cc6daa8fc729da355,100,21,1333cad9230e74ac53b5ae0fe8dcbb5fc0c14a6a9f561abf1324c241738de4cc,902f8085095247d3e5f32b1372ac8cf5658be2b045d2c8ccb56f304ed28e9126,0,549,0,0,False,57,89,11,120,19.966652233882478,57,0,False,True,0,0.1726765000494197,8784,0.03939395250151089,0.775,0.01982539996970445,7219,0.0985611099691596,0.89,0,0,175.39586220168303,17,1777.0320488155405,461.5680584254817,4.727274300181307,1441.853209393853,18,18,425,completed,8e5b6920eabb2d7b137f6cdbcf15ef9906c0642e3f5e7afce25ae1027d071584,B,baseline,True,iterations,True,12,"[0.5, 0.75, 1.0]",5,partial,1,16,1,4,0.5,3,1.4,False,concurrent,06d868f693a728ac1102e913d6ba675227fc8ef9ccd5c18031507f8350390552,,True,incomplete_service,Not all customers served
0.0,0.0,4,GREEDY,0,r201_21,R2,777cdc28fef020cd4df5ada1700f1a95d97eee53d26f5b26958b67cfd8cc51f2,100,21,a7a9d0da162b6556e18050cf8850d4508fc9c75572cd0fad769a8f8e9e43bc1b,ed73795d1145a4954691f8f7aebe47c7b33ff7ac8c3d36cb80005eb120ab7b23,1,69,0,0,False,3,42,58,53,35.04503200064971,3,0,False,True,0,0.013979099923744798,0,0.002151856600869236,0.9056603773584906,0.0017676000716164708,0,0.0051747199613600935,0.42,0,0,168.06016366950126,6,1471.891344027288,1050.376022934383,0.11404839984606951,1940.0484923032104,0,4,17,completed,8f0319e554ee57490a5d3f62d4c0900085ecf484be65f3deba70e9ca5287b147,B,baseline,True,iterations,True,12,"[0.5, 0.75, 1.0]",5,partial,1,16,5,4,0.5,3,1.4,False,concurrent,06d868f693a728ac1102e913d6ba675227fc8ef9ccd5c18031507f8350390552,,True,incomplete_service,Not all customers served
0.75,0.75,14,MPC_MCTS_H1,0,c109_21,C1,c139ad52f11e291a5e17b4aa03bc1f1d6ca704b7b2c1a1cec53489d1e749664f,100,21,0d2eb63aa77ae4820451c6700ab15c2313f31fb84696cb2d6ac992ec86825cd2,67bfa4e0433fcde6a2ed8464f386af88e0db55ac625244f57bc1daf6784c293d,0,241,0,0,False,35,58,42,74,20.79554780731738,35,0,False,True,0,0.11658180004451424,3856,0.03202410675805515,0.8513513513513513,0.017902799998410046,3190,0.09940553501946849,0.58,0,0,979.0909315274733,10,1206.141772824408,288.8173839314081,2.369783900096081,9546.102813092617,14,14,159,completed,8f3c77f2494b44161d238aee60ea3d134e56f07ba6b7633941b78f4e6c261fa3,B,baseline,True,iterations,True,12,"[0.5, 0.75, 1.0]",5,partial,1,16,1,4,0.5,3,1.4,False,concurrent,06d868f693a728ac1102e913d6ba675227fc8ef9ccd5c18031507f8350390552,,True,incomplete_service,Not all customers served
0.25,0.25,5,MPC_MCTS_H1,0,c208_21,C2,6238a471231c4a029781b0059d2394708f055df07192948a8e1e1f462a7ccbea,100,21,711258b6e16dd832319ba5a781e77cc16979b839c32bebf76d9b717a7cbd1531,fb27dcf59c91312144527d5be3fa853bdbd6eea855c8c832c3bb50e3e7f60981,0,54,0,0,False,5,31,69,35,14.638441106032742,5,0,False,True,0,0.07618970004841685,864,0.022546919994056225,0.9142857142857143,0.01702819997444749,773,0.05799418998649338,0.31,0,0,73.11357664901911,1,453.791674287015,31.927326047606595,0.7891421997919679,13589.634634835289,5,5,17,completed,901c7fd51891dcc3e5752e1a525338a68a5894bb852a49e813dedbec6edc21e1,B,baseline,True,iterations,True,12,"[0.5, 0.75, 1.0]",5,partial,1,16,1,4,0.5,3,1.4,False,concurrent,06d868f693a728ac1102e913d6ba675227fc8ef9ccd5c18031507f8350390552,,True,incomplete_service,Not all customers served
0.75,0.75,13,COORDINATED_MPC_MCTS,0,c101_21,C1,c5cda6ca63a7d518902cf4b02d98b4aa0f373aaa0658d5c666d1c46d38871cb9,100,21,18cb8c56a43219b437afb391f11d42a3c7d8056ed895f0cb721b15683964ccb8,05e07a90c1848fcff465e020306f09a61abd5b39507303f14cfdd411f5b2c8b2,1,227,0,0,False,12,71,29,103,22.257869872349023,12,0,False,True,0,1.0393823999911547,3632,0.06586627571988236,2.970873786407767,0.05357340001501143,2652,0.1201634699827991,0.71,0,0,2431.5382417990777,26,1580.3087609367806,717.2679179348311,6.784226399147883,5149.833766028424,13,13,117,completed,90d1f9549a282edaa814b61451ac210318f856a1c56bc8f47942a4965824ce2d,B,baseline,True,iterations,True,12,"[0.5, 0.75, 1.0]",5,partial,1,16,5,4,0.5,3,1.4,False,concurrent,06d868f693a728ac1102e913d6ba675227fc8ef9ccd5c18031507f8350390552,,True,incomplete_service,Not all customers served
0.75,0.75,18,GREEDY,0,rc108_21,RC1,e0bbd077f766d20a9e4c89f20604194bd7854b957653654cc6daa8fc729da355,100,21,1333cad9230e74ac53b5ae0fe8dcbb5fc0c14a6a9f561abf1324c241738de4cc,902f8085095247d3e5f32b1372ac8cf5658be2b045d2c8ccb56f304ed28e9126,0,305,0,0,False,57,72,28,118,35.97076035213065,57,0,False,True,0,0.03472019999753684,0,0.0034901220351457596,0.7627118644067796,0.002205600030720234,0,0.010041815001750363,0.72,0,0,476.2422057136408,27,2589.8947453534065,1253.2689624043178,0.41183440014719963,533.8630489329527,0,18,188,completed,915c0814346eca542b3e711e8983f46ba678b840de977543eae0ceb5a86ff99c,B,baseline,True,iterations,True,12,"[0.5, 0.75, 1.0]",5,partial,1,16,5,4,0.5,3,1.4,False,concurrent,06d868f693a728ac1102e913d6ba675227fc8ef9ccd5c18031507f8350390552,,True,incomplete_service,Not all customers served
0.5,0.5,21,GREEDY,0,rc101_21,RC1,272a3e58d53d4ba9516f01506164cf8a9b98bfeeb8dbd1fd62f6557e4c98e3a1,100,21,f4b729450b2911296fb332aa2b29aacf3be08754cc2c811f83ebe8617dc4124b,4208fd31438639b8f67328ae68f1c1d5b20c3c87949003fe710e9a91367b453d,0,531,0,0,False,77,66,34,106,30.92532738473017,77,0,False,True,0,0.01752310001756996,0,0.003308536791251445,0.6886792452830188,0.0027082000160589814,0,0.006033574987668544,0.66,0,0,249.59469886928886,17,2041.0716073921913,656.8281549191812,0.3507048998726532,2089.33369373852,0,21,427,completed,9186e46c5b46b0452bfb60b27d5619ee60d816530ac3fad05b597e8cd57920a7,B,baseline,True,iterations,True,12,"[0.5, 0.75, 1.0]",5,partial,1,16,5,4,0.5,3,1.4,False,concurrent,06d868f693a728ac1102e913d6ba675227fc8ef9ccd5c18031507f8350390552,,True,incomplete_service,Not all customers served
0.75,0.75,4,COORDINATED_MPC_MCTS,0,rc208_21,RC2,848ac4428c45536e665596eb3031d4cf06747a109edbb2a5ab6498422157954d,100,21,bb62f751bd2f92a5591ef85431c7691fc4adc788ee2ff693b2b4e87903071c0a,74093c977e1e35339e82d3290c0b8c5426e5ee209805a2a904e5961042626368,1,93,0,0,False,0,59,41,79,22.973939080357425,0,0,False,True,0,0.49200019997078925,1488,0.11163115189882301,4.139240506329114,0.12397079996298999,1329,0.1895514999167062,0.59,0,0,142.01972310381515,16,1355.462405741088,788.998461687862,8.818861000007018,1752.4410367939595,4,4,14,completed,91a39b8078b2e3b6e3afc910bffb094cf18d180e39bb9fbb4bb7ff427d8c8bba,B,baseline,True,iterations,True,12,"[0.5, 0.75, 1.0]",5,partial,1,16,5,4,0.5,3,1.4,False,concurrent,06d868f693a728ac1102e913d6ba675227fc8ef9ccd5c18031507f8350390552,,True,incomplete_service,Not all customers served
0.75,0.75,4,MPC_MCTS_H1,0,rc208_21,RC2,848ac4428c45536e665596eb3031d4cf06747a109edbb2a5ab6498422157954d,100,21,bb62f751bd2f92a5591ef85431c7691fc4adc788ee2ff693b2b4e87903071c0a,74093c977e1e35339e82d3290c0b8c5426e5ee209805a2a904e5961042626368,1,92,0,0,False,3,70,30,80,13.942290333799484,3,0,False,True,0,0.06915899994783103,1472,0.01944901124224998,0.9375,0.018164050008635968,1367,0.033470484992722045,0.7,0,0,92.87041794214934,6,975.9603233659639,515.9467663452741,1.5559208993799984,2064.1077493926864,4,4,12,completed,92ce6ced8ac83b178f4a6c4a989fbc225d042f6dbea8dc3455cc35245212e478,B,baseline,True,iterations,True,12,"[0.5, 0.75, 1.0]",5,partial,1,16,1,4,0.5,3,1.4,False,concurrent,06d868f693a728ac1102e913d6ba675227fc8ef9ccd5c18031507f8350390552,,True,incomplete_service,Not all customers served
0.25,0.25,3,COORDINATED_MPC_MCTS,0,r211_21,R2,79349433753cf23f69aef92bb7e6c6847b15e700badf73129a68b6d1e4915201,100,21,f5f653fdaa766d74cd1a39f415cfd36e8b89d8dc0495415d6d46521b2921f804,0aa31b7ce20ed412ee459bdc59888e96081e5e6b29d99890639c9619361f1e73,0,63,0,0,False,0,54,46,60,17.32506067351749,0,0,False,True,0,0.380464099929668,1008,0.11538524000983065,4.3,0.1282649000058882,961,0.20238767005503178,0.54,0,0,35.91300612879294,5,935.5532763699446,326.4818738981176,6.923114400589839,1476.6484026038065,3,3,1,completed,92e0874c7d7588bd97a21c4bce60b9875ca6b6866337bc3b99c200cfe92f333a,B,baseline,True,iterations,True,12,"[0.5, 0.75, 1.0]",5,partial,1,16,5,4,0.5,3,1.4,False,concurrent,06d868f693a728ac1102e913d6ba675227fc8ef9ccd5c18031507f8350390552,,True,incomplete_service,Not all customers served
0.0,0.0,20,GREEDY,0,r101_21,R1,0e5a3dffffbd3c516b528ef32ba1a488b817d2f151fc3e8c81023814de1c103a,100,21,eff55182b21377e4bea8207e9200f55561609fca70ed7b70d688aaf23af4b5ae,04df60229cc511103837dd4d6020caf6c0d4703c46a731afe23bfb54aa021a95,1,231,0,0,False,35,6,94,13,20.374756370430177,35,0,False,True,0,0.03723819996230304,0,0.0117108307671375,0.46153846153846156,0.009053300018422306,0,0.02532171995844689,0.06,0,0,0.0,0,122.24853822258106,0.0,0.1522407999727875,4417.751461777419,0,5,205,completed,92f6fc5a9f94326c84a023a8ba40cbae512ee05d9c6483a817888b8e45f2ac78,B,baseline,True,iterations,True,12,"[0.5, 0.75, 1.0]",5,partial,1,16,5,4,0.5,3,1.4,False,concurrent,06d868f693a728ac1102e913d6ba675227fc8ef9ccd5c18031507f8350390552,,True,incomplete_service,Not all customers served
0.75,0.75,14,COORDINATED_MPC_MCTS,0,c109_21,C1,c139ad52f11e291a5e17b4aa03bc1f1d6ca704b7b2c1a1cec53489d1e749664f,100,21,0d2eb63aa77ae4820451c6700ab15c2313f31fb84696cb2d6ac992ec86825cd2,32423b9b729ecfdc9cd98ec42254928efe6a167b6e297bbe196186ffe41c1a43,1,249,0,0,False,14,79,21,106,22.892642078730812,14,0,False,True,0,1.3339654000010341,3984,0.09861271509039655,3.6226415094339623,0.07539459998952225,3397,0.16031949999160133,0.79,0,0,3112.261053458433,24,1808.5187242197342,918.0711072148769,10.452947799582034,4912.102866031336,14,14,132,completed,93027ff588ee799c03fd9acdb0712d42f0742fb8e1cf46417ef5daa19eb6d7ae,B,baseline,True,iterations,True,12,"[0.5, 0.75, 1.0]",5,partial,1,16,5,4,0.5,3,1.4,False,concurrent,06d868f693a728ac1102e913d6ba675227fc8ef9ccd5c18031507f8350390552,,True,incomplete_service,Not all customers served
0.25,0.25,18,MPC_MCTS_H1,0,rc108_21,RC1,e0bbd077f766d20a9e4c89f20604194bd7854b957653654cc6daa8fc729da355,100,21,1333cad9230e74ac53b5ae0fe8dcbb5fc0c14a6a9f561abf1324c241738de4cc,0b5c817017c6d2b45ce451be8d24f81bcafd21e8394471518856f85f34bcc33d,0,445,0,0,False,57,83,17,109,21.016467310865774,57,0,False,True,0,0.20593390008434653,7120,0.038140894494814066,0.7889908256880734,0.019556300016120076,5879,0.09137736009433864,0.83,0,0,153.8854948975688,16,1744.3667868018592,404.96182867781266,4.157357499934733,1561.200834193065,18,18,328,completed,932fd0f2895810398d5e81e02b263ffb13407c7a4fd5a997de68e2eda0bc93b1,B,baseline,True,iterations,True,12,"[0.5, 0.75, 1.0]",5,partial,1,16,1,4,0.5,3,1.4,False,concurrent,06d868f693a728ac1102e913d6ba675227fc8ef9ccd5c18031507f8350390552,,True,incomplete_service,Not all customers served
0.25,0.25,18,GREEDY,0,rc108_21,RC1,e0bbd077f766d20a9e4c89f20604194bd7854b957653654cc6daa8fc729da355,100,21,1333cad9230e74ac53b5ae0fe8dcbb5fc0c14a6a9f561abf1324c241738de4cc,0b5c817017c6d2b45ce451be8d24f81bcafd21e8394471518856f85f34bcc33d,0,286,0,0,False,57,65,35,107,35.539637891667134,57,0,False,True,0,0.026284100022166967,0,0.0034315878531904283,0.719626168224299,0.002443999983370304,0,0.0069019800052046686,0.65,0,0,391.9405269173715,19,2310.0764629583637,1031.422439256241,0.3671799002913758,967.9830101242645,0,18,184,completed,933f379f9568c194b569b38d427a2f7936d09085a8c8e55b5865483534db0525,B,baseline,True,iterations,True,12,"[0.5, 0.75, 1.0]",5,partial,1,16,5,4,0.5,3,1.4,False,concurrent,06d868f693a728ac1102e913d6ba675227fc8ef9ccd5c18031507f8350390552,,True,incomplete_service,Not all customers served
0.25,0.25,4,MPC_MCTS_H1,0,rc208_21,RC2,848ac4428c45536e665596eb3031d4cf06747a109edbb2a5ab6498422157954d,100,21,bb62f751bd2f92a5591ef85431c7691fc4adc788ee2ff693b2b4e87903071c0a,73627a54354afa91d48dfd888c225b6f1b4395ff85944a7a8cd75a1bce4d001b,1,96,0,0,False,3,70,30,81,12.172111816171798,3,0,False,True,0,0.057206799974665046,1536,0.017820411108802132,0.9259259259259259,0.01625800004694611,1392,0.02786599996034056,0.7,0,0,86.71647558999386,6,852.0478271320259,481.75819772218813,1.4434532998129725,2189.347752153267,4,4,16,completed,94807b2b9f455a447916e7be206c5dc4800bc5bb346006a31a79ee34e81363b2,B,baseline,True,iterations,True,12,"[0.5, 0.75, 1.0]",5,partial,1,16,1,4,0.5,3,1.4,False,concurrent,06d868f693a728ac1102e913d6ba675227fc8ef9ccd5c18031507f8350390552,,True,incomplete_service,Not all customers served
0.0,0.0,5,COORDINATED_MPC_MCTS,0,c201_21,C2,cc755a6ec3edab8c320bf901f0c3bd34cea80123cf831b0059ea01c13c96bf1d,100,21,7709cf25d863e433db5f930daea8f385c3be3136daa80a5ec82080b243a85230,103c0d716a2f4b602f30375bfa4cccae4360f00ad3385b70f9970a903fc4ec01,0,49,0,0,False,1,22,78,31,24.36157307758613,1,0,False,True,0,0.47014500002842396,784,0.09428654192766596,4.225806451612903,0.08916149998549372,689,0.185967699973844,0.22,0,0,576.947459472002,7,535.9546077068949,253.0471313473693,2.9228827997576445,13837.456390596897,5,5,15,completed,95fb43e6e3598b3bdc86ddcfc75af313a71ed59a5fece016163ca3611c8e7bf5,B,baseline,True,iterations,True,12,"[0.5, 0.75, 1.0]",5,partial,1,16,5,4,0.5,3,1.4,False,concurrent,06d868f693a728ac1102e913d6ba675227fc8ef9ccd5c18031507f8350390552,,True,incomplete_service,Not all customers served
0.5,0.5,4,GREEDY,0,rc208_21,RC2,848ac4428c45536e665596eb3031d4cf06747a109edbb2a5ab6498422157954d,100,21,bb62f751bd2f92a5591ef85431c7691fc4adc788ee2ff693b2b4e87903071c0a,c3840b8eb1ceda6b05ea4797b1f027de1fd0871c6a4db6c39c3347507094beff,1,76,0,0,False,3,55,45,73,37.46147262836671,3,0,False,True,0,0.010736099909991026,0,0.0028466835653103172,0.9178082191780822,0.0021069999784231186,0,0.008153700013644979,0.55,0,0,285.426606783919,12,2060.380994560169,1585.7033710217722,0.20780790026765317,944.1923986559125,0,4,5,completed,965bf07c61f46e6c777a23899aa6410d31d5aae966e29f057af7ff58ba290178,B,baseline,True,iterations,True,12,"[0.5, 0.75, 1.0]",5,partial,1,16,5,4,0.5,3,1.4,False,concurrent,06d868f693a728ac1102e913d6ba675227fc8ef9ccd5c18031507f8350390552,,True,incomplete_service,Not all customers served
0.0,0.0,20,COORDINATED_MPC_MCTS,0,r101_21,R1,0e5a3dffffbd3c516b528ef32ba1a488b817d2f151fc3e8c81023814de1c103a,100,21,eff55182b21377e4bea8207e9200f55561609fca70ed7b70d688aaf23af4b5ae,8fa755383c62f788101e49512c1ea0164977bec5c3d41bd23fc79de6e5fd801d,0,350,0,0,False,22,61,39,97,23.914637586827336,22,0,False,True,0,1.1571114000398666,5600,0.0601175731952907,2.9896907216494846,0.03545920003671199,3952,0.11315574003383502,0.61,0,0,266.31012702048974,32,1458.7928927964674,554.8127646260203,5.831404599943198,2174.6977909010816,20,20,237,completed,968fc939a035c1e26daedf5bd27ed052cf887605a0f4d65cd4e857eb245c8cef,B,baseline,True,iterations,True,12,"[0.5, 0.75, 1.0]",5,partial,1,16,5,4,0.5,3,1.4,False,concurrent,06d868f693a728ac1102e913d6ba675227fc8ef9ccd5c18031507f8350390552,,True,incomplete_service,Not all customers served
0.75,0.75,18,COORDINATED_MPC_MCTS,0,rc108_21,RC1,e0bbd077f766d20a9e4c89f20604194bd7854b957653654cc6daa8fc729da355,100,21,1333cad9230e74ac53b5ae0fe8dcbb5fc0c14a6a9f561abf1324c241738de4cc,902f8085095247d3e5f32b1372ac8cf5658be2b045d2c8ccb56f304ed28e9126,0,285,0,0,False,24,82,18,122,24.867675808550363,24,0,False,True,0,1.7929245000705123,4560,0.08594504261454262,3.081967213114754,0.047317200049292296,3499,0.14940355491125945,0.82,0,0,395.6910598601434,30,2039.1494163011298,1041.292262789851,10.4852951989742,806.7256908246321,18,18,155,completed,994dc98eb33fb861d23b78ad100bff07bc6cc708cc99bcad934c7b55cbdcc4f6,B,baseline,True,iterations,True,12,"[0.5, 0.75, 1.0]",5,partial,1,16,5,4,0.5,3,1.4,False,concurrent,06d868f693a728ac1102e913d6ba675227fc8ef9ccd5c18031507f8350390552,,True,incomplete_service,Not all customers served
0.5,0.5,3,MPC_MCTS_H1,0,r211_21,R2,79349433753cf23f69aef92bb7e6c6847b15e700badf73129a68b6d1e4915201,100,21,f5f653fdaa766d74cd1a39f415cfd36e8b89d8dc0495415d6d46521b2921f804,2cdb77057c156f3f085166321a255400be0f429d147082ce57781704fa810469,0,78,0,0,False,2,64,36,68,12.189641299739344,2,0,False,True,0,0.06278020003810525,1248,0.016047627942444867,0.9558823529411765,0.014176400029100478,1168,0.0258394600066822,0.64,0,0,20.872368406736605,2,780.137043183318,189.7488036976055,1.091238700086251,1556.784013358155,3,3,9,completed,9ac8858b443b4af475070c3309d33f8812ec9308d913459e73546c38e0ecc639,B,baseline,True,iterations,True,12,"[0.5, 0.75, 1.0]",5,partial,1,16,1,4,0.5,3,1.4,False,concurrent,06d868f693a728ac1102e913d6ba675227fc8ef9ccd5c18031507f8350390552,,True,incomplete_service,Not all customers served
0.25,0.25,18,COORDINATED_MPC_MCTS,0,rc108_21,RC1,e0bbd077f766d20a9e4c89f20604194bd7854b957653654cc6daa8fc729da355,100,21,1333cad9230e74ac53b5ae0fe8dcbb5fc0c14a6a9f561abf1324c241738de4cc,2935022cbf9162afdea42efb9825be1f8e828b4500a1c35744296a60aca1a15f,1,366,0,0,False,24,83,17,114,24.074070006795978,24,0,False,True,0,2.0413115998962894,5856,0.10033338946972467,3.245614035087719,0.05933079996611923,4719,0.16233948998851683,0.83,0,0,302.85521793404547,26,1998.1478105640663,796.9874156159091,11.438006399548613,1060.1201207874174,18,18,239,completed,9d80b2868a6f86ae5eedccda84007e8887ddb049ff2a461da1a0b1fadbdc88a2,B,baseline,True,iterations,True,12,"[0.5, 0.75, 1.0]",5,partial,1,16,5,4,0.5,3,1.4,False,concurrent,06d868f693a728ac1102e913d6ba675227fc8ef9ccd5c18031507f8350390552,,True,incomplete_service,Not all customers served
0.0,0.0,14,GREEDY,0,c109_21,C1,c139ad52f11e291a5e17b4aa03bc1f1d6ca704b7b2c1a1cec53489d1e749664f,100,21,0d2eb63aa77ae4820451c6700ab15c2313f31fb84696cb2d6ac992ec86825cd2,d47668d0890d164c18dce0cdbd17966417796d72cb54be4bdf0207aa6739f7f2,0,291,0,0,False,36,82,18,115,26.152290190168166,36,0,False,True,0,0.023715000017546117,0,0.0027515243516182124,0.8608695652173913,0.0018282999517396092,0,0.006407440034672616,0.82,0,0,3916.651823041352,20,2144.4877955937895,1155.354520071195,0.3164253004360944,3862.860381364859,0,14,175,completed,9dae476224e82660ddcdbd2139baf8dcd12f58b6ecfc70613292ba4097db5877,B,baseline,True,iterations,True,12,"[0.5, 0.75, 1.0]",5,partial,1,16,5,4,0.5,3,1.4,False,concurrent,06d868f693a728ac1102e913d6ba675227fc8ef9ccd5c18031507f8350390552,,True,incomplete_service,Not all customers served
0.0,0.0,20,MPC_MCTS_H1,0,r101_21,R1,0e5a3dffffbd3c516b528ef32ba1a488b817d2f151fc3e8c81023814de1c103a,100,21,eff55182b21377e4bea8207e9200f55561609fca70ed7b70d688aaf23af4b5ae,8fa755383c62f788101e49512c1ea0164977bec5c3d41bd23fc79de6e5fd801d,0,198,0,0,False,36,5,95,11,15.765216525092399,36,0,False,True,0,0.18078219995368272,3168,0.051587590905414385,0.45454545454545453,0.026670100050978363,935,0.14346734998980537,0.05,0,0,0.0,0,78.82608262546199,0.0,0.5674634999595582,4465.377226099202,4,4,173,completed,9e0748efb4476c67a36108c3fd06c8622392c25a4f5f8d00ed7901a0cbd0e51f,B,baseline,True,iterations,True,12,"[0.5, 0.75, 1.0]",5,partial,1,16,1,4,0.5,3,1.4,False,concurrent,06d868f693a728ac1102e913d6ba675227fc8ef9ccd5c18031507f8350390552,,True,incomplete_service,Not all customers served
0.75,0.75,3,COORDINATED_MPC_MCTS,0,r211_21,R2,79349433753cf23f69aef92bb7e6c6847b15e700badf73129a68b6d1e4915201,100,21,f5f653fdaa766d74cd1a39f415cfd36e8b89d8dc0495415d6d46521b2921f804,74aed83667a10bfc1cf90b71867225e176cd3fa351de838932a9f4c25afb0941,0,71,0,0,False,0,58,42,64,15.718194544218443,0,0,False,True,0,0.3180824000155553,1136,0.11457163281920657,4.25,0.13553984998725355,1042,0.22372133504832148,0.58,0,0,40.26532184664346,4,911.6552835646697,366.0483804240315,7.3325845004292205,1452.5515540967217,3,3,6,completed,9e1c5abbba734d949bfeef03b69aee46cdbbed5eb7dc6afaacfe5df9698da421,B,baseline,True,iterations,True,12,"[0.5, 0.75, 1.0]",5,partial,1,16,5,4,0.5,3,1.4,False,concurrent,06d868f693a728ac1102e913d6ba675227fc8ef9ccd5c18031507f8350390552,,True,incomplete_service,Not all customers served
0.0,0.0,13,MPC_MCTS_H1,0,c101_21,C1,c5cda6ca63a7d518902cf4b02d98b4aa0f373aaa0658d5c666d1c46d38871cb9,100,21,18cb8c56a43219b437afb391f11d42a3c7d8056ed895f0cb721b15683964ccb8,9f3943c6e9db0957b5231ae2bb104b93505aba3d5e68fdefc46a70aabfea4cce,0,169,0,0,False,30,34,66,38,21.249332146496062,30,0,False,True,0,0.18281780008692294,2704,0.03727261842792168,0.8947368421052632,0.023100849997717887,2025,0.1289136249979492,0.34,0,0,1.5672641440335007,1,722.4772929808661,0.46231980649955773,1.4163595002610236,11909.142357638098,13,13,121,completed,9e231b86776865c3d13f140cacd2f99eebabde3f2845755ab572aa4af5138c87,B,baseline,True,iterations,True,12,"[0.5, 0.75, 1.0]",5,partial,1,16,1,4,0.5,3,1.4,False,concurrent,06d868f693a728ac1102e913d6ba675227fc8ef9ccd5c18031507f8350390552,,True,incomplete_service,Not all customers served
0.0,0.0,4,MPC_MCTS_H1,0,rc208_21,RC2,848ac4428c45536e665596eb3031d4cf06747a109edbb2a5ab6498422157954d,100,21,bb62f751bd2f92a5591ef85431c7691fc4adc788ee2ff693b2b4e87903071c0a,5d2960c3eb87d5d225d3fc2ff65b121090b55eaf78f683d5d3dfb1828be193cd,0,98,0,0,False,3,68,32,83,15.528940455044582,3,0,False,True,0,0.05739849992096424,1568,0.019353334932217758,0.9397590361445783,0.017098199925385416,1440,0.037767910026013825,0.68,0,0,113.19832261727379,11,1055.9679509430316,628.8795700959655,1.6063267993740737,1988.9965248718195,4,4,15,completed,a04f8aa60108bbf21065ebd5898a297831d26e7fbc877c2301b9c4fac1081e57,B,baseline,True,iterations,True,12,"[0.5, 0.75, 1.0]",5,partial,1,16,1,4,0.5,3,1.4,False,concurrent,06d868f693a728ac1102e913d6ba675227fc8ef9ccd5c18031507f8350390552,,True,incomplete_service,Not all customers served
0.5,0.5,20,COORDINATED_MPC_MCTS,0,r101_21,R1,0e5a3dffffbd3c516b528ef32ba1a488b817d2f151fc3e8c81023814de1c103a,100,21,eff55182b21377e4bea8207e9200f55561609fca70ed7b70d688aaf23af4b5ae,e6ffe2a03869204eb90e766259ffdebbfc9bb40918834a4df48100fe9a14ee12,1,325,0,0,False,19,56,44,95,26.759909298258464,19,0,False,True,0,1.1078996000578627,5200,0.06155353158491811,2.736842105263158,0.044536100002005696,3746,0.13256868005264544,0.56,0,0,223.68874721215408,33,1498.554920702474,466.0182233586543,5.84758550056722,2207.538241781454,20,20,216,completed,a0c8b234ba42c00a54e1105436a88ebb7f49b1bbe2260f4d5f1195678a3122e4,B,baseline,True,iterations,True,12,"[0.5, 0.75, 1.0]",5,partial,1,16,5,4,0.5,3,1.4,False,concurrent,06d868f693a728ac1102e913d6ba675227fc8ef9ccd5c18031507f8350390552,,True,incomplete_service,Not all customers served
0.25,0.25,4,INDEPENDENT_MPC_MCTS,0,r201_21,R2,777cdc28fef020cd4df5ada1700f1a95d97eee53d26f5b26958b67cfd8cc51f2,100,21,a7a9d0da162b6556e18050cf8850d4508fc9c75572cd0fad769a8f8e9e43bc1b,157d81c11dcc2aad2112a6fef229ddf73a9f85e541fa8258b823d8916d0712de,1,57,0,0,False,2,43,57,54,20.525229041544193,2,0,False,True,0,0.4119122000411153,912,0.08775858518331209,4.037037037037037,0.08904130000155419,904,0.1605674400227143,0.43,0,0,51.56425610841963,10,882.5848487864004,322.27660067762264,4.738963599898852,2401.639276523444,0,4,0,completed,a1386244eed33c6a5f6572b22136af4a06653e33c0d9bdc8d9e99892fc817055,B,baseline,True,iterations,True,12,"[0.5, 0.75, 1.0]",5,partial,1,16,5,4,0.5,3,1.4,False,concurrent,06d868f693a728ac1102e913d6ba675227fc8ef9ccd5c18031507f8350390552,,True,incomplete_service,Not all customers served
0.75,0.75,5,GREEDY,0,c201_21,C2,cc755a6ec3edab8c320bf901f0c3bd34cea80123cf831b0059ea01c13c96bf1d,100,21,7709cf25d863e433db5f930daea8f385c3be3136daa80a5ec82080b243a85230,5c7ded9ecafad9eebf45185639ae3efa6fc854eb6ba2d25f9d5aa04b06a63232,0,123,0,0,False,5,78,22,98,18.931483153929133,5,0,False,True,0,0.008412499912083149,0,0.0019207948911459927,0.9285714285714286,0.0015514000551775098,0,0.004002560046501456,0.78,0,0,2616.7710074651686,13,1476.6556860064725,1147.7065822215654,0.18823789933230728,5836.573306528358,0,5,27,completed,a153314f4eb6920c21c23bbd605964f4c7295e828057ba0817691a971bc113b9,B,baseline,True,iterations,True,12,"[0.5, 0.75, 1.0]",5,partial,1,16,5,4,0.5,3,1.4,False,concurrent,06d868f693a728ac1102e913d6ba675227fc8ef9ccd5c18031507f8350390552,,True,incomplete_service,Not all customers served
0.25,0.25,4,COORDINATED_MPC_MCTS,0,rc208_21,RC2,848ac4428c45536e665596eb3031d4cf06747a109edbb2a5ab6498422157954d,100,21,bb62f751bd2f92a5591ef85431c7691fc4adc788ee2ff693b2b4e87903071c0a,157677d86f2840296a0c72d7813dbadc67ed7165b2756aca612650cdaefac1d9,0,99,0,0,False,0,66,34,85,19.347895929500424,0,0,False,True,0,0.5844400000059977,1584,0.1263785988174598,4.294117647058823,0.13397979992441833,1487,0.20877405996434387,0.66,0,0,119.22249480115086,15,1276.961131347028,662.347193339727,10.742180899484083,1780.414022296833,4,4,14,completed,a16691e9d2761683311267abcdbfc099184e87a7a0f4392c97f50b2cb624e3c1,B,baseline,True,iterations,True,12,"[0.5, 0.75, 1.0]",5,partial,1,16,5,4,0.5,3,1.4,False,concurrent,06d868f693a728ac1102e913d6ba675227fc8ef9ccd5c18031507f8350390552,,True,incomplete_service,Not all customers served
0.75,0.75,5,GREEDY,0,c201_21,C2,cc755a6ec3edab8c320bf901f0c3bd34cea80123cf831b0059ea01c13c96bf1d,100,21,7709cf25d863e433db5f930daea8f385c3be3136daa80a5ec82080b243a85230,2735a913aa344c597a519f875312064a8a801d059a230acb5af78d2edab4499a,1,109,0,0,False,6,64,36,82,19.784383052120784,6,0,False,True,0,0.006966299959458411,0,0.0020240304875187576,0.8902439024390244,0.0017480000387877226,0,0.005046844965545463,0.64,0,0,1800.50232117128,9,1266.2005153357302,789.6940005137194,0.16597049997653812,8123.297163492989,0,5,31,completed,a1cc27b602d6f9c1c178aea2c7ba76b3a6e09e0c22e2e83fd02e2b2a8e27a292,B,baseline,True,iterations,True,12,"[0.5, 0.75, 1.0]",5,partial,1,16,5,4,0.5,3,1.4,False,concurrent,06d868f693a728ac1102e913d6ba675227fc8ef9ccd5c18031507f8350390552,,True,incomplete_service,Not all customers served
0.0,0.0,14,MPC_MCTS_H1,0,c109_21,C1,c139ad52f11e291a5e17b4aa03bc1f1d6ca704b7b2c1a1cec53489d1e749664f,100,21,0d2eb63aa77ae4820451c6700ab15c2313f31fb84696cb2d6ac992ec86825cd2,772e17d3661de946cca2532a7e6d18350219b042e34b6364143b5ca3e5a0ff8f,1,264,0,0,False,36,57,43,71,20.358801856881197,36,0,False,True,0,0.1571366999996826,4224,0.04300161690326591,0.8028169014084507,0.019201099989004433,3561,0.1333439500303939,0.57,0,0,347.01041818121155,7,1160.4517058422282,102.36295521569663,3.0531148001318797,10432.653541022364,14,14,186,completed,a2e478d14527368691df389e0115929ac82d12519d2e3526b9a0d3426595e37f,B,baseline,True,iterations,True,12,"[0.5, 0.75, 1.0]",5,partial,1,16,1,4,0.5,3,1.4,False,concurrent,06d868f693a728ac1102e913d6ba675227fc8ef9ccd5c18031507f8350390552,,True,incomplete_service,Not all customers served
0.75,0.75,19,GREEDY,0,r112_21,R1,004d91650145be584ea6392f9bac9bef40e22a63e0f25f4e87e04fdbd2278b0c,100,21,5d2d688393ea73d7304b019a41e95c98d2c011a287aa79b62d31a9462396f3d0,0f7bfe3567e1c09510a8313e06c4bb38d3def13ead0ef913d08392b1f2fc427b,0,307,0,0,False,63,78,22,127,30.776659047834737,63,0,False,True,0,0.03485900000669062,0,0.003059796848715701,0.7716535433070866,0.0020195000106468797,0,0.007116119971033184,0.78,0,0,571.6509119446476,27,2400.5794057311095,1242.7193737927123,0.388594199786894,617.7696823242427,0,19,183,completed,a3e52f06110d6a5160bb727a1f8e247c7d80cb78c87dfa5290f3c9eda0a8278a,B,baseline,True,iterations,True,12,"[0.5, 0.75, 1.0]",5,partial,1,16,5,4,0.5,3,1.4,False,concurrent,06d868f693a728ac1102e913d6ba675227fc8ef9ccd5c18031507f8350390552,,True,incomplete_service,Not all customers served
0.0,0.0,18,MPC_MCTS_H1,0,rc108_21,RC1,e0bbd077f766d20a9e4c89f20604194bd7854b957653654cc6daa8fc729da355,100,21,1333cad9230e74ac53b5ae0fe8dcbb5fc0c14a6a9f561abf1324c241738de4cc,5e664a2843d902efea06443f5bf10f056e54f3c0945dbe7ba524521c8ced5723,0,412,0,0,False,58,78,22,102,21.655221027595314,58,0,False,True,0,0.19632160000037402,6592,0.03719791372571433,0.7843137254901961,0.017195550026372075,5435,0.1144878949329722,0.78,0,0,119.85856376430569,18,1689.1072401524345,315.41727306396234,3.7941872000228614,1700.8657087401152,18,18,298,completed,a5be4ebd9cf25c63a55dc3961d424ba1184c54f8587d03d92716a7270f389919,B,baseline,True,iterations,True,12,"[0.5, 0.75, 1.0]",5,partial,1,16,1,4,0.5,3,1.4,False,concurrent,06d868f693a728ac1102e913d6ba675227fc8ef9ccd5c18031507f8350390552,,True,incomplete_service,Not all customers served
0.75,0.75,19,COORDINATED_MPC_MCTS,0,r112_21,R1,004d91650145be584ea6392f9bac9bef40e22a63e0f25f4e87e04fdbd2278b0c,100,21,5d2d688393ea73d7304b019a41e95c98d2c011a287aa79b62d31a9462396f3d0,0f7bfe3567e1c09510a8313e06c4bb38d3def13ead0ef913d08392b1f2fc427b,0,483,0,0,False,35,85,15,126,21.814336484355046,35,0,False,True,0,1.9446900999173522,7728,0.12062048174751301,3.0555555555555554,0.07469415001105517,6272,0.1934623499691952,0.85,0,0,376.82768642194173,30,1854.218601170179,819.190622656395,15.19818070018664,1194.2625835576432,19,19,349,completed,a5fcbfb9f9dc94e24716ca7b13f2bfb0173e86fda139565f5ac761ef6881d961,B,baseline,True,iterations,True,12,"[0.5, 0.75, 1.0]",5,partial,1,16,5,4,0.5,3,1.4,False,concurrent,06d868f693a728ac1102e913d6ba675227fc8ef9ccd5c18031507f8350390552,,True,incomplete_service,Not all customers served
0.0,0.0,21,MPC_MCTS_H1,0,rc101_21,RC1,272a3e58d53d4ba9516f01506164cf8a9b98bfeeb8dbd1fd62f6557e4c98e3a1,100,21,f4b729450b2911296fb332aa2b29aacf3be08754cc2c811f83ebe8617dc4124b,d7f793efca1a287c6053bb0e05d9cc416cf3f6c49bff344cacb15de3f1f4abbb,0,447,0,0,False,79,43,57,56,29.292930218797654,79,0,False,True,0,0.21029680001083761,7152,0.05705645714936379,0.7678571428571429,0.033977649989537895,5288,0.15785610003513284,0.43,0,0,31.414727945374107,8,1259.5959994082991,82.67033669835291,3.195161600364372,3261.4171362640654,21,21,375,completed,a657343175b5403505d07292896c66bfef0d1915628e6c5ba3945b3d92cafc2d,B,baseline,True,iterations,True,12,"[0.5, 0.75, 1.0]",5,partial,1,16,1,4,0.5,3,1.4,False,concurrent,06d868f693a728ac1102e913d6ba675227fc8ef9ccd5c18031507f8350390552,,True,incomplete_service,Not all customers served
0.75,0.75,4,MPC_MCTS_H1,0,rc208_21,RC2,848ac4428c45536e665596eb3031d4cf06747a109edbb2a5ab6498422157954d,100,21,bb62f751bd2f92a5591ef85431c7691fc4adc788ee2ff693b2b4e87903071c0a,2f7b000240fed028b7debc2a2faf31c9fa1b2819792fcdec206619408c344da1,0,99,0,0,False,3,65,35,82,19.39559810774424,3,0,False,True,0,0.06570110004395247,1584,0.01862099389943135,0.926829268292683,0.01667345000896603,1418,0.03542098496109248,0.65,0,0,143.86502826884254,12,1260.7138770033757,799.2501570491252,1.5269214997533709,1785.4210947277816,4,4,18,completed,a688723af7b0ee7f9795508e14227046889d0bfd0fa7583bd88e82046ed2d77b,B,baseline,True,iterations,True,12,"[0.5, 0.75, 1.0]",5,partial,1,16,1,4,0.5,3,1.4,False,concurrent,06d868f693a728ac1102e913d6ba675227fc8ef9ccd5c18031507f8350390552,,True,incomplete_service,Not all customers served
0.5,0.5,13,INDEPENDENT_MPC_MCTS,0,c101_21,C1,c5cda6ca63a7d518902cf4b02d98b4aa0f373aaa0658d5c666d1c46d38871cb9,100,21,18cb8c56a43219b437afb391f11d42a3c7d8056ed895f0cb721b15683964ccb8,36effcf880a9fa96164abaa2767519ebec30a23ad53c3bff371f65280f13c403,0,125,0,0,False,7,62,38,99,27.448597679503823,4,0,False,True,0,0.7830145999323577,2000,0.0387393979877798,2.898989898989899,0.029066900024190545,1793,0.06884867997141554,0.62,0,0,2869.146330140253,31,1701.813056129237,846.3558495988948,3.8352004007901996,4552.579697601997,0,13,19,completed,a6a9b02f407a5dd7e3c00d7ddb0bcb9f372cac9315d931febb448d746917d595,B,baseline,True,iterations,True,12,"[0.5, 0.75, 1.0]",5,partial,1,16,5,4,0.5,3,1.4,False,concurrent,06d868f693a728ac1102e913d6ba675227fc8ef9ccd5c18031507f8350390552,,True,incomplete_service,Not all customers served
0.25,0.25,5,COORDINATED_MPC_MCTS,0,c201_21,C2,cc755a6ec3edab8c320bf901f0c3bd34cea80123cf831b0059ea01c13c96bf1d,100,21,7709cf25d863e433db5f930daea8f385c3be3136daa80a5ec82080b243a85230,40e550760756b49583f79e9ae48ce47dd7dcb11def1d09d7cd595b305e86fd82,1,63,0,0,False,1,32,68,45,21.1494036323597,1,0,False,True,0,0.5144455999834463,1008,0.08807877556213903,4.222222222222222,0.08496699994429946,889,0.13407699994277208,0.32,0,0,823.8554766282807,10,676.7809162355104,361.34012132819333,3.963544900296256,12555.177403890933,5,5,16,completed,a6bdbaf03fa5f91b2893c32fd7eb2b41b6d2ae92df3311436ee1f5bee92d5a59,B,baseline,True,iterations,True,12,"[0.5, 0.75, 1.0]",5,partial,1,16,5,4,0.5,3,1.4,False,concurrent,06d868f693a728ac1102e913d6ba675227fc8ef9ccd5c18031507f8350390552,,True,incomplete_service,Not all customers served
0.0,0.0,5,COORDINATED_MPC_MCTS,0,c208_21,C2,6238a471231c4a029781b0059d2394708f055df07192948a8e1e1f462a7ccbea,100,21,711258b6e16dd832319ba5a781e77cc16979b839c32bebf76d9b717a7cbd1531,b5aa2aef02d555f49fa5fbd7be7b50a683d35315b5fd301cc24a1446434e6bf8,1,42,0,0,False,1,21,79,24,17.88500376120773,1,0,False,True,0,0.6765096000162885,672,0.10476617081925117,3.9166666666666665,0.07110659999307245,573,0.1589108649466652,0.21,0,0,252.9723636183588,1,375.5850789853624,110.46828105605188,2.5143880996620283,14416.140402331745,5,5,15,completed,a7649ad04d94a88a015fc1eb3802ae6c7a4fd94b0c4e881e6c7af97bdbc36c74,B,baseline,True,iterations,True,12,"[0.5, 0.75, 1.0]",5,partial,1,16,5,4,0.5,3,1.4,False,concurrent,06d868f693a728ac1102e913d6ba675227fc8ef9ccd5c18031507f8350390552,,True,incomplete_service,Not all customers served
0.25,0.25,5,COORDINATED_MPC_MCTS,0,c201_21,C2,cc755a6ec3edab8c320bf901f0c3bd34cea80123cf831b0059ea01c13c96bf1d,100,21,7709cf25d863e433db5f930daea8f385c3be3136daa80a5ec82080b243a85230,7bcd7fc0b0af16772f2f5da85457dbb7d9caebf8ebbe2ef6eecc0acee10a1e2b,0,58,0,0,False,3,26,74,40,27.122799588891247,3,0,False,True,0,0.45922219997737557,928,0.0750243275106186,4.25,0.056624400021974,830,0.1242526499496306,0.26,0,0,853.1362228062022,12,705.1927893111724,374.1825538623694,3.000973100424744,13026.195766803366,5,5,15,completed,a8ce94900feacc4efe078723b318471149b83365ccb9d63a4456d01b6af7b09c,B,baseline,True,iterations,True,12,"[0.5, 0.75, 1.0]",5,partial,1,16,5,4,0.5,3,1.4,False,concurrent,06d868f693a728ac1102e913d6ba675227fc8ef9ccd5c18031507f8350390552,,True,incomplete_service,Not all customers served
0.25,0.25,13,MPC_MCTS_H1,0,c101_21,C1,c5cda6ca63a7d518902cf4b02d98b4aa0f373aaa0658d5c666d1c46d38871cb9,100,21,18cb8c56a43219b437afb391f11d42a3c7d8056ed895f0cb721b15683964ccb8,0098b9cb2908f5de14437ed2ab26a745cabdc6171c51da42147a621cce0ef0e0,1,173,0,0,False,30,45,55,54,18.103441424453198,30,0,False,True,0,0.16875079995952547,2768,0.029488553713437997,0.8518518518518519,0.018820300057996064,2093,0.07413829002762205,0.45,0,0,189.4920668143546,3,814.6548641003939,55.8973648419925,1.5923819005256519,10623.971626498473,13,13,112,completed,ab38dd59fb3e208464b24e86b39b47296c7480db53d5d53fe692e78aa06d695a,B,baseline,True,iterations,True,12,"[0.5, 0.75, 1.0]",5,partial,1,16,1,4,0.5,3,1.4,False,concurrent,06d868f693a728ac1102e913d6ba675227fc8ef9ccd5c18031507f8350390552,,True,incomplete_service,Not all customers served
0.0,0.0,20,INDEPENDENT_MPC_MCTS,0,r101_21,R1,0e5a3dffffbd3c516b528ef32ba1a488b817d2f151fc3e8c81023814de1c103a,100,21,eff55182b21377e4bea8207e9200f55561609fca70ed7b70d688aaf23af4b5ae,8fa755383c62f788101e49512c1ea0164977bec5c3d41bd23fc79de6e5fd801d,0,191,0,0,False,21,61,39,98,25.04420617999452,21,0,False,True,0,1.1783251999877393,3056,0.048776541838935594,2.7346938775510203,0.02535414998419583,2496,0.10996463999035759,0.61,0,0,234.80624264645863,33,1527.696576979666,489.17967218012217,4.780101100215688,1748.706465440869,0,20,77,completed,ac3ce02e82934ddf3488886c92d0703e4e271b23bef9f094cb6b5e9e0fed6273,B,baseline,True,iterations,True,12,"[0.5, 0.75, 1.0]",5,partial,1,16,5,4,0.5,3,1.4,False,concurrent,06d868f693a728ac1102e913d6ba675227fc8ef9ccd5c18031507f8350390552,,True,incomplete_service,Not all customers served
0.5,0.5,5,MPC_MCTS_H1,0,rc201_21,RC2,05de9a222789707ffcce07b31776e71b0ca87b7f72f5c0d115af11e39f2a2841,100,21,897b06b0a5232b4a55582c72c913db9299981a7e26d5f99ab9087c2a494b608a,46d5d69e00a7883bc754189d322c4b7c21ff2e66b5cee0d7fa965b9582ae68da,1,51,0,0,False,5,31,69,35,25.865479094584035,5,0,False,True,0,0.05567879998125136,816,0.017137237155943046,0.8857142857142857,0.014668200048618019,668,0.03365914005553346,0.31,0,0,0.0,0,801.829851932105,0.0,0.5998033004580066,3664.452973760268,5,5,15,completed,acb50429d7bfab5169acf649b99077c35b17f01d1316a66d2a80071feff438ae,B,baseline,True,iterations,True,12,"[0.5, 0.75, 1.0]",5,partial,1,16,1,4,0.5,3,1.4,False,concurrent,06d868f693a728ac1102e913d6ba675227fc8ef9ccd5c18031507f8350390552,,True,incomplete_service,Not all customers served
0.0,0.0,18,INDEPENDENT_MPC_MCTS,0,rc108_21,RC1,e0bbd077f766d20a9e4c89f20604194bd7854b957653654cc6daa8fc729da355,100,21,1333cad9230e74ac53b5ae0fe8dcbb5fc0c14a6a9f561abf1324c241738de4cc,5e664a2843d902efea06443f5bf10f056e54f3c0945dbe7ba524521c8ced5723,0,228,0,0,False,22,71,29,123,26.775055177091208,20,0,False,True,0,2.156714400043711,3648,0.07062310975412195,2.5447154471544717,0.02853590005543083,2872,0.1333235600148327,0.71,0,0,348.6066117284267,35,1901.0289175734756,917.385820337965,8.686642499757,642.5859421828693,0,18,104,completed,ace7d34d02241f2bf59a8888ae725718a16ef96925e5b41cde25c16dd29828fd,B,baseline,True,iterations,True,12,"[0.5, 0.75, 1.0]",5,partial,1,16,5,4,0.5,3,1.4,False,concurrent,06d868f693a728ac1102e913d6ba675227fc8ef9ccd5c18031507f8350390552,,True,incomplete_service,Not all customers served
0.25,0.25,5,GREEDY,0,rc201_21,RC2,05de9a222789707ffcce07b31776e71b0ca87b7f72f5c0d115af11e39f2a2841,100,21,897b06b0a5232b4a55582c72c913db9299981a7e26d5f99ab9087c2a494b608a,8eb9a86c50f8b35f4859b78c97c81d7e7f84df5067b747c21a7bd71d8d264d14,0,69,0,0,False,5,45,55,57,40.98716173008978,5,0,False,True,0,0.05026240006554872,0,0.003100708780581491,0.8947368421052632,0.001967600081115961,0,0.005756739969365292,0.45,0,0,165.43948654338416,6,1844.4222778540402,1181.7106181670297,0.176740400493145,2340.138235602576,0,5,13,completed,ad95d26dd516d69f8638defcf63682ac43e5dd3e8167f7cca55fe536853e652a,B,baseline,True,iterations,True,12,"[0.5, 0.75, 1.0]",5,partial,1,16,5,4,0.5,3,1.4,False,concurrent,06d868f693a728ac1102e913d6ba675227fc8ef9ccd5c18031507f8350390552,,True,incomplete_service,Not all customers served
0.25,0.25,4,INDEPENDENT_MPC_MCTS,0,r201_21,R2,777cdc28fef020cd4df5ada1700f1a95d97eee53d26f5b26958b67cfd8cc51f2,100,21,a7a9d0da162b6556e18050cf8850d4508fc9c75572cd0fad769a8f8e9e43bc1b,9a5bbe4a2f314e39748e37b41bd217744c894b302e6fa18968cccfa04dcb789e,0,68,0,0,False,0,46,54,57,21.739438788245298,0,0,False,True,0,0.42059510003309697,1088,0.08136038069833855,3.789473684210526,0.08804229996167123,1002,0.15207571997307232,0.46,0,0,50.788965880752045,8,1000.0141842592838,317.4310367547003,4.637541699805297,2392.5609364033444,0,4,10,completed,adcbc7cc8758a27d04c58c776f77d7e3f41111bdc68e3e375ad72532276a43f4,B,baseline,True,iterations,True,12,"[0.5, 0.75, 1.0]",5,partial,1,16,5,4,0.5,3,1.4,False,concurrent,06d868f693a728ac1102e913d6ba675227fc8ef9ccd5c18031507f8350390552,,True,incomplete_service,Not all customers served
0.5,0.5,5,GREEDY,0,rc201_21,RC2,05de9a222789707ffcce07b31776e71b0ca87b7f72f5c0d115af11e39f2a2841,100,21,897b06b0a5232b4a55582c72c913db9299981a7e26d5f99ab9087c2a494b608a,3111702a772029549ac38fd4867734ba646a0cf02b6e64b701af3f948a5afea7,0,76,0,0,False,5,49,51,63,38.58195696559905,5,0,False,True,0,0.014423599932342768,0,0.0018625111108468402,0.8888888888888888,0.0014754000585526228,0,0.004935179976746439,0.49,0,0,161.39429252608235,8,1890.5158913143534,1152.8163751863024,0.11733819998335093,2258.089816159564,0,5,14,completed,ae46e9529748feb43828ed1c9607c7fdcad1535fbe6df8f63cb4961c7ce3f265,B,baseline,True,iterations,True,12,"[0.5, 0.75, 1.0]",5,partial,1,16,5,4,0.5,3,1.4,False,concurrent,06d868f693a728ac1102e913d6ba675227fc8ef9ccd5c18031507f8350390552,,True,incomplete_service,Not all customers served
0.25,0.25,5,GREEDY,0,c201_21,C2,cc755a6ec3edab8c320bf901f0c3bd34cea80123cf831b0059ea01c13c96bf1d,100,21,7709cf25d863e433db5f930daea8f385c3be3136daa80a5ec82080b243a85230,40e550760756b49583f79e9ae48ce47dd7dcb11def1d09d7cd595b305e86fd82,1,125,0,0,False,5,78,22,100,20.70014986455944,5,0,False,True,0,0.008136199903674424,0,0.001978682997869328,0.93,0.0016826000064611435,0,0.004805715038673951,0.78,0,0,3018.209324450316,15,1614.6116894356362,1323.776019495753,0.19786829978693277,5297.178986114046,0,5,27,completed,af083536b13ab5fcd1f37b89c4bc4fd084703c5eaa1a0c68d041788775b0e541,B,baseline,True,iterations,True,12,"[0.5, 0.75, 1.0]",5,partial,1,16,5,4,0.5,3,1.4,False,concurrent,06d868f693a728ac1102e913d6ba675227fc8ef9ccd5c18031507f8350390552,,True,incomplete_service,Not all customers served
0.5,0.5,5,GREEDY,0,c208_21,C2,6238a471231c4a029781b0059d2394708f055df07192948a8e1e1f462a7ccbea,100,21,711258b6e16dd832319ba5a781e77cc16979b839c32bebf76d9b717a7cbd1531,11d316cdbce3ab6cb783e760d42063e1777c9f48f3c5247e3bd68a444579a9b6,1,100,0,0,False,5,58,42,75,23.540480398454733,5,0,False,True,0,0.010129100061021745,0,0.002438633331718544,0.9066666666666666,0.0018338999943807721,0,0.0073256499599665395,0.58,0,0,1905.7019659593507,10,1365.3478631103744,832.1842646110701,0.1828974998788908,8458.950170930277,0,5,27,completed,afc6b9762fbad27ac7a9abda9c80a7bca97a548f62108f56a7cd6628c3d20629,B,baseline,True,iterations,True,12,"[0.5, 0.75, 1.0]",5,partial,1,16,5,4,0.5,3,1.4,False,concurrent,06d868f693a728ac1102e913d6ba675227fc8ef9ccd5c18031507f8350390552,,True,incomplete_service,Not all customers served
0.75,0.75,20,INDEPENDENT_MPC_MCTS,0,r101_21,R1,0e5a3dffffbd3c516b528ef32ba1a488b817d2f151fc3e8c81023814de1c103a,100,21,eff55182b21377e4bea8207e9200f55561609fca70ed7b70d688aaf23af4b5ae,bc91328f26af1c85836e9c4efcc3a5710c79d039e204ea52be3648fae7bccd3b,0,185,0,0,False,20,71,29,102,23.946240276066867,17,0,False,True,0,0.9494824999710545,2960,0.04013237353259077,2.235294117647059,0.022400350018870085,2436,0.10084834499866692,0.71,0,0,282.99841113399907,28,1700.1830596007476,589.5800231958315,4.093502100324258,1484.8846492568218,0,20,66,completed,b00f9f1160fdc6201b7c274941da12c49e607d0a20ac86c772a3288f749db5e5,B,baseline,True,iterations,True,12,"[0.5, 0.75, 1.0]",5,partial,1,16,5,4,0.5,3,1.4,False,concurrent,06d868f693a728ac1102e913d6ba675227fc8ef9ccd5c18031507f8350390552,,True,incomplete_service,Not all customers served
0.0,0.0,20,MPC_MCTS_H1,0,r101_21,R1,0e5a3dffffbd3c516b528ef32ba1a488b817d2f151fc3e8c81023814de1c103a,100,21,eff55182b21377e4bea8207e9200f55561609fca70ed7b70d688aaf23af4b5ae,04df60229cc511103837dd4d6020caf6c0d4703c46a731afe23bfb54aa021a95,1,198,0,0,False,36,5,95,11,15.765216525092399,36,0,False,True,0,0.18893459998071194,3168,0.05533726363104175,0.45454545454545453,0.0338931999867782,935,0.14553515001898631,0.05,0,0,0.0,0,78.82608262546199,0.0,0.6087098999414593,4465.377226099202,4,4,173,completed,b02807433282e1fad1d04789feb4a37c200e97c0d9d6781382166b3ba96c977b,B,baseline,True,iterations,True,12,"[0.5, 0.75, 1.0]",5,partial,1,16,1,4,0.5,3,1.4,False,concurrent,06d868f693a728ac1102e913d6ba675227fc8ef9ccd5c18031507f8350390552,,True,incomplete_service,Not all customers served
0.5,0.5,3,INDEPENDENT_MPC_MCTS,0,r211_21,R2,79349433753cf23f69aef92bb7e6c6847b15e700badf73129a68b6d1e4915201,100,21,f5f653fdaa766d74cd1a39f415cfd36e8b89d8dc0495415d6d46521b2921f804,2cdb77057c156f3f085166321a255400be0f429d147082ce57781704fa810469,0,52,0,0,False,0,45,55,50,18.670284069227144,0,0,False,True,0,0.33952789998147637,832,0.1007546079857275,4.2,0.11494449997553602,807,0.17882306492538189,0.45,0,0,43.93582940483659,4,840.1627831152215,399.4166309530599,5.0377303992863744,1588.0262413482187,0,3,0,completed,b092708cffe60459bb1d1b3739f4cad454eb321139ebeec3b4475ad1d5bd1ae2,B,baseline,True,iterations,True,12,"[0.5, 0.75, 1.0]",5,partial,1,16,5,4,0.5,3,1.4,False,concurrent,06d868f693a728ac1102e913d6ba675227fc8ef9ccd5c18031507f8350390552,,True,incomplete_service,Not all customers served
0.5,0.5,5,MPC_MCTS_H1,0,c208_21,C2,6238a471231c4a029781b0059d2394708f055df07192948a8e1e1f462a7ccbea,100,21,711258b6e16dd832319ba5a781e77cc16979b839c32bebf76d9b717a7cbd1531,dd13850e5a4f0617eae79cd862fe9bb53d2688907365f5f526dec3b80f6ee63e,0,48,0,0,False,5,25,75,29,14.310436560821023,5,0,False,True,0,0.0853030999423936,768,0.02413026551748144,0.8620689655172413,0.01690509996842593,658,0.06011604005470869,0.25,0,0,0.0,0,357.76091402052555,0.0,0.6997777000069618,14313.13393882514,5,5,18,completed,b0cfe3a8ac4afb713e15877abf7918ee25985c42d73b13c848148d53c2e1352a,B,baseline,True,iterations,True,12,"[0.5, 0.75, 1.0]",5,partial,1,16,1,4,0.5,3,1.4,False,concurrent,06d868f693a728ac1102e913d6ba675227fc8ef9ccd5c18031507f8350390552,,True,incomplete_service,Not all customers served
0.0,0.0,5,GREEDY,0,rc201_21,RC2,05de9a222789707ffcce07b31776e71b0ca87b7f72f5c0d115af11e39f2a2841,100,21,897b06b0a5232b4a55582c72c913db9299981a7e26d5f99ab9087c2a494b608a,24780f40ef3eacd4e382295beb5437b431fdc6c31ac8b7366f42b65ac6f89e24,1,89,0,0,False,5,57,43,73,39.16227284467477,5,0,False,True,0,0.013641199911944568,0,0.002284319176695833,0.9041095890410958,0.0018717999337241054,0,0.005245239939540621,0.57,0,0,201.94862298917968,10,2232.2495521464616,1442.4901642084262,0.16675529989879578,1795.801824864358,0,5,17,completed,b0ec2f9cbfd5280ada7e5d57fe8115a98fed52df9bd48009d45db237e2140aaa,B,baseline,True,iterations,True,12,"[0.5, 0.75, 1.0]",5,partial,1,16,5,4,0.5,3,1.4,False,concurrent,06d868f693a728ac1102e913d6ba675227fc8ef9ccd5c18031507f8350390552,,True,incomplete_service,Not all customers served
0.25,0.25,4,INDEPENDENT_MPC_MCTS,0,rc208_21,RC2,848ac4428c45536e665596eb3031d4cf06747a109edbb2a5ab6498422157954d,100,21,bb62f751bd2f92a5591ef85431c7691fc4adc788ee2ff693b2b4e87903071c0a,157677d86f2840296a0c72d7813dbadc67ed7165b2756aca612650cdaefac1d9,0,94,0,0,False,0,69,31,91,20.92875414016878,0,0,False,True,0,0.5897255999734625,1504,0.11057857471098612,4.428571428571429,0.11789950006641448,1496,0.17155524995177984,0.69,0,0,178.13315802838338,21,1444.0840356716458,989.628655713241,10.062650298699737,1313.6099394483613,0,4,0,completed,b14bd5dd703d348c510b4c90162dead65d24a4b541159d7fa601b6848f6e114e,B,baseline,True,iterations,True,12,"[0.5, 0.75, 1.0]",5,partial,1,16,5,4,0.5,3,1.4,False,concurrent,06d868f693a728ac1102e913d6ba675227fc8ef9ccd5c18031507f8350390552,,True,incomplete_service,Not all customers served
0.25,0.25,5,COORDINATED_MPC_MCTS,0,c208_21,C2,6238a471231c4a029781b0059d2394708f055df07192948a8e1e1f462a7ccbea,100,21,711258b6e16dd832319ba5a781e77cc16979b839c32bebf76d9b717a7cbd1531,fb27dcf59c91312144527d5be3fa853bdbd6eea855c8c832c3bb50e3e7f60981,0,46,0,0,False,2,22,78,28,20.314389820386666,2,0,False,True,0,0.6023974999552593,736,0.10158698572610904,3.75,0.06668245000764728,638,0.17964375008596103,0.22,0,0,201.88532704725262,3,446.9165760485066,88.15953146168236,2.844435600331053,14292.331418780253,5,5,16,completed,b1afded7bafcbbf8e130da665251357a499e1029949118a4a9116ebf5bdd0593,B,baseline,True,iterations,True,12,"[0.5, 0.75, 1.0]",5,partial,1,16,5,4,0.5,3,1.4,False,concurrent,06d868f693a728ac1102e913d6ba675227fc8ef9ccd5c18031507f8350390552,,True,incomplete_service,Not all customers served
0.5,0.5,5,INDEPENDENT_MPC_MCTS,0,c201_21,C2,cc755a6ec3edab8c320bf901f0c3bd34cea80123cf831b0059ea01c13c96bf1d,100,21,7709cf25d863e433db5f930daea8f385c3be3136daa80a5ec82080b243a85230,9ab599bea8692723939603e1b081946a4ebd7f76a1d26675553a2d7862c98003,0,39,0,0,False,0,31,69,35,19.486011139382033,0,0,False,True,0,0.3866203000070527,624,0.07720058286629085,4.142857142857143,0.07087269995827228,617,0.13495917995460321,0.31,0,0,406.38124106384,3,604.066345320843,178.2373864315088,2.7020204003201798,11732.497085234229,0,5,0,completed,b1d2499e2c5483f65db80516d6b5427b1388e997bfba47df025bcdc671b81a5f,B,baseline,True,iterations,True,12,"[0.5, 0.75, 1.0]",5,partial,1,16,5,4,0.5,3,1.4,False,concurrent,06d868f693a728ac1102e913d6ba675227fc8ef9ccd5c18031507f8350390552,,True,incomplete_service,Not all customers served
0.25,0.25,4,GREEDY,0,r201_21,R2,777cdc28fef020cd4df5ada1700f1a95d97eee53d26f5b26958b67cfd8cc51f2,100,21,a7a9d0da162b6556e18050cf8850d4508fc9c75572cd0fad769a8f8e9e43bc1b,157d81c11dcc2aad2112a6fef229ddf73a9f85e541fa8258b823d8916d0712de,1,60,0,0,False,3,36,64,48,33.58881134965588,3,0,False,True,0,0.005877100047655404,0,0.002079645826597698,0.8541666666666666,0.001867150014732033,0,0.0048480049590580165,0.36,0,0,116.28639348956881,6,1209.1972085876116,726.789959309805,0.0998229996766895,2314.516397922819,0,4,14,completed,b34ac003b798b5303f4955e131599f39ab6e5bb28acb165390aa969b2ea27211,B,baseline,True,iterations,True,12,"[0.5, 0.75, 1.0]",5,partial,1,16,5,4,0.5,3,1.4,False,concurrent,06d868f693a728ac1102e913d6ba675227fc8ef9ccd5c18031507f8350390552,,True,incomplete_service,Not all customers served
0.5,0.5,5,INDEPENDENT_MPC_MCTS,0,c208_21,C2,6238a471231c4a029781b0059d2394708f055df07192948a8e1e1f462a7ccbea,100,21,711258b6e16dd832319ba5a781e77cc16979b839c32bebf76d9b717a7cbd1531,11d316cdbce3ab6cb783e760d42063e1777c9f48f3c5247e3bd68a444579a9b6,1,25,0,0,False,2,18,82,21,24.16056652167102,2,0,False,True,0,0.5192877999506891,400,0.07867162855940737,3.5238095238095237,0.06053220003377646,394,0.1572480999166146,0.18,0,0,51.463964623389124,2,434.89019739007836,22.473346997113154,1.652104199747555,12568.025567888752,0,5,0,completed,b365ed11d0872fe47b291cdb3c496f5ab60d3521449c15797bb97dec96f0629c,B,baseline,True,iterations,True,12,"[0.5, 0.75, 1.0]",5,partial,1,16,5,4,0.5,3,1.4,False,concurrent,06d868f693a728ac1102e913d6ba675227fc8ef9ccd5c18031507f8350390552,,True,incomplete_service,Not all customers served
0.5,0.5,14,INDEPENDENT_MPC_MCTS,0,c109_21,C1,c139ad52f11e291a5e17b4aa03bc1f1d6ca704b7b2c1a1cec53489d1e749664f,100,21,0d2eb63aa77ae4820451c6700ab15c2313f31fb84696cb2d6ac992ec86825cd2,e17a6cd3c034df267ce886dc17221778388b31875d35653ff5c2051cfa9a1a7a,1,143,0,0,False,10,74,26,112,22.687465788249913,10,0,False,True,0,1.3440474000526592,2288,0.06806219464072326,3.232142857142857,0.05664125003386289,2035,0.13250246001989546,0.74,0,0,2696.983184464711,31,1678.8724683304936,795.5702609040445,7.622965799761005,4173.347311844675,0,14,24,completed,b3b455d295b798e47f7a32154ba93aa9e905c19b29182d8b497c29f3a74c2576,B,baseline,True,iterations,True,12,"[0.5, 0.75, 1.0]",5,partial,1,16,5,4,0.5,3,1.4,False,concurrent,06d868f693a728ac1102e913d6ba675227fc8ef9ccd5c18031507f8350390552,,True,incomplete_service,Not all customers served
0.0,0.0,3,GREEDY,0,r211_21,R2,79349433753cf23f69aef92bb7e6c6847b15e700badf73129a68b6d1e4915201,100,21,f5f653fdaa766d74cd1a39f415cfd36e8b89d8dc0495415d6d46521b2921f804,5f017e5268000e11c453d90f02178251b7a6348c6876e92aef9080c985ff70de,1,55,0,0,False,2,43,57,51,35.79920358810969,2,0,False,True,0,0.05329139996320009,0,0.003942621563670828,0.9215686274509803,0.002139599993824959,0,0.010920550033915788,0.43,0,0,101.89079307206403,4,1539.3657542887167,926.2799370187639,0.20107369974721223,928.743452639219,0,3,5,completed,b494c9b8237e84dbf928e574f46b3460ceb9d344f47731fd0179208626279628,B,baseline,True,iterations,True,12,"[0.5, 0.75, 1.0]",5,partial,1,16,5,4,0.5,3,1.4,False,concurrent,06d868f693a728ac1102e913d6ba675227fc8ef9ccd5c18031507f8350390552,,True,incomplete_service,Not all customers served
0.25,0.25,19,COORDINATED_MPC_MCTS,0,r112_21,R1,004d91650145be584ea6392f9bac9bef40e22a63e0f25f4e87e04fdbd2278b0c,100,21,5d2d688393ea73d7304b019a41e95c98d2c011a287aa79b62d31a9462396f3d0,fe5a81f8226b5fa2b97fb340d4f6218e5e8a99894f38350fa48163b4ff1248f3,0,374,0,0,False,20,81,19,111,21.097683947974524,20,0,False,True,0,2.462753999978304,5984,0.10056363333327074,3.099099099099099,0.0522160999244079,4690,0.17075575003400445,0.81,0,0,317.36919502122396,24,1708.9123997859365,689.9330326548347,11.162563299993053,1451.2901875439302,19,19,250,completed,b59cf04254abf618c00c3a1d9f39cfd9c1529e433adf7ac1d3a2f1a2feafcaaa,B,baseline,True,iterations,True,12,"[0.5, 0.75, 1.0]",5,partial,1,16,5,4,0.5,3,1.4,False,concurrent,06d868f693a728ac1102e913d6ba675227fc8ef9ccd5c18031507f8350390552,,True,incomplete_service,Not all customers served
0.75,0.75,20,MPC_MCTS_H1,0,r101_21,R1,0e5a3dffffbd3c516b528ef32ba1a488b817d2f151fc3e8c81023814de1c103a,100,21,eff55182b21377e4bea8207e9200f55561609fca70ed7b70d688aaf23af4b5ae,bc91328f26af1c85836e9c4efcc3a5710c79d039e204ea52be3648fae7bccd3b,0,332,0,0,False,70,47,53,62,22.748064867954383,70,0,False,True,0,0.19742810004390776,5312,0.03720972903688709,0.7741935483870968,0.023803049989510328,3804,0.13227498002233903,0.47,0,0,22.04192194176632,4,1069.159048793856,45.92067071201316,2.3070032002869993,2931.691080956775,20,20,261,completed,b63eae499f797590e753b82a09b615673f996ff4c7229372edfa2933c7292bd4,B,baseline,True,iterations,True,12,"[0.5, 0.75, 1.0]",5,partial,1,16,1,4,0.5,3,1.4,False,concurrent,06d868f693a728ac1102e913d6ba675227fc8ef9ccd5c18031507f8350390552,,True,incomplete_service,Not all customers served
0.75,0.75,13,INDEPENDENT_MPC_MCTS,0,c101_21,C1,c5cda6ca63a7d518902cf4b02d98b4aa0f373aaa0658d5c666d1c46d38871cb9,100,21,18cb8c56a43219b437afb391f11d42a3c7d8056ed895f0cb721b15683964ccb8,84f34fd06fac25b59de209fb55a691c40bd8d2473b063086839fd033f32ef971,0,182,0,0,False,7,62,38,102,27.16605462531192,6,0,False,True,0,0.8867465000366792,2912,0.04193285098253731,2.4019607843137254,0.029392600001301616,2017,0.08929582002456278,0.62,0,0,2563.541687487124,28,1684.2953867693388,756.2069874593285,4.277150800218806,5407.629191057019,0,13,79,completed,b6b2b51dffa74daeea491165f7a4a9d1d3bbdc712c67f05c595a7e04d27d8632,B,baseline,True,iterations,True,12,"[0.5, 0.75, 1.0]",5,partial,1,16,5,4,0.5,3,1.4,False,concurrent,06d868f693a728ac1102e913d6ba675227fc8ef9ccd5c18031507f8350390552,,True,incomplete_service,Not all customers served
0.5,0.5,13,MPC_MCTS_H1,0,c101_21,C1,c5cda6ca63a7d518902cf4b02d98b4aa0f373aaa0658d5c666d1c46d38871cb9,100,21,18cb8c56a43219b437afb391f11d42a3c7d8056ed895f0cb721b15683964ccb8,4e661d4e64a2bbaa7874fb3820e0387024b5c87feca70615229167d74eb8485e,1,188,0,0,False,30,43,57,57,17.806829621933847,30,0,False,True,0,0.1423056999919936,3008,0.029477421043179276,0.7543859649122807,0.017307100002653897,2242,0.0748070400208233,0.43,0,0,46.870445102768876,1,765.6936737431555,13.826090000816777,1.6802129994612187,11062.584812702788,13,13,131,completed,b7bcd51b3b4fbb4bbb344bc90421b2c3eadd7bd3764b64759256632925644fdd,B,baseline,True,iterations,True,12,"[0.5, 0.75, 1.0]",5,partial,1,16,1,4,0.5,3,1.4,False,concurrent,06d868f693a728ac1102e913d6ba675227fc8ef9ccd5c18031507f8350390552,,True,incomplete_service,Not all customers served
0.0,0.0,20,COORDINATED_MPC_MCTS,0,r101_21,R1,0e5a3dffffbd3c516b528ef32ba1a488b817d2f151fc3e8c81023814de1c103a,100,21,eff55182b21377e4bea8207e9200f55561609fca70ed7b70d688aaf23af4b5ae,04df60229cc511103837dd4d6020caf6c0d4703c46a731afe23bfb54aa021a95,1,363,0,0,False,19,61,39,99,25.591095988301124,19,0,False,True,0,1.3192980999592692,5808,0.06949573838048512,2.909090909090909,0.04893060005269945,4111,0.09395794003503397,0.61,0,0,249.85805592251052,33,1561.0568552863685,520.5376165052303,6.880078099668026,2083.6898554533627,20,20,249,completed,b80ec950fa9ec8a05bd32ee9f0f52288907dd69a86f0b0e04be7c668fbd0a297,B,baseline,True,iterations,True,12,"[0.5, 0.75, 1.0]",5,partial,1,16,5,4,0.5,3,1.4,False,concurrent,06d868f693a728ac1102e913d6ba675227fc8ef9ccd5c18031507f8350390552,,True,incomplete_service,Not all customers served
0.75,0.75,21,MPC_MCTS_H1,0,rc101_21,RC1,272a3e58d53d4ba9516f01506164cf8a9b98bfeeb8dbd1fd62f6557e4c98e3a1,100,21,f4b729450b2911296fb332aa2b29aacf3be08754cc2c811f83ebe8617dc4124b,124b32150113c20aa0ba911bbdfc93d6ba23d7fde8a5b3a7ceec073afe94721d,0,450,0,0,False,81,62,38,94,27.69403064638815,81,0,False,True,0,0.2045636000111699,7200,0.038704771278525125,0.776595744680851,0.0272345999837853,5675,0.0981387200357858,0.62,0,0,176.9887572668388,15,1717.0299000760654,465.7598875443127,3.638248500181362,2164.633629180079,21,21,352,completed,b9bc0526459d2d004d4b4c439e223ceaf6605fb89441f573c74b29093299ac17,B,baseline,True,iterations,True,12,"[0.5, 0.75, 1.0]",5,partial,1,16,1,4,0.5,3,1.4,False,concurrent,06d868f693a728ac1102e913d6ba675227fc8ef9ccd5c18031507f8350390552,,True,incomplete_service,Not all customers served
0.75,0.75,5,MPC_MCTS_H1,0,c201_21,C2,cc755a6ec3edab8c320bf901f0c3bd34cea80123cf831b0059ea01c13c96bf1d,100,21,7709cf25d863e433db5f930daea8f385c3be3136daa80a5ec82080b243a85230,2735a913aa344c597a519f875312064a8a801d059a230acb5af78d2edab4499a,1,55,0,0,False,5,29,71,36,13.822289412187647,5,0,False,True,0,0.06186730007175356,880,0.01899271110434913,0.8611111111111112,0.013239549996796995,773,0.04735424998216331,0.29,0,0,294.89974265007066,2,400.84639295344175,129.3419923903819,0.6837375997565687,13624.61232217228,5,5,19,completed,bb70715d16ac1312fbff3120eb222651f90e7781a76fe09c43cb9ca1a4ecfee6,B,baseline,True,iterations,True,12,"[0.5, 0.75, 1.0]",5,partial,1,16,1,4,0.5,3,1.4,False,concurrent,06d868f693a728ac1102e913d6ba675227fc8ef9ccd5c18031507f8350390552,,True,incomplete_service,Not all customers served
0.75,0.75,5,INDEPENDENT_MPC_MCTS,0,c208_21,C2,6238a471231c4a029781b0059d2394708f055df07192948a8e1e1f462a7ccbea,100,21,711258b6e16dd832319ba5a781e77cc16979b839c32bebf76d9b717a7cbd1531,525955bc337b3c51bffb4b3b48407cdd0f44c9e740873daae0e767b71b383965,1,79,0,0,False,1,57,43,74,18.98746805935074,1,0,False,True,0,0.481208199984394,1264,0.10530143783496995,4.581081081081081,0.10600590001558885,1257,0.1725713699532207,0.57,0,0,1790.4321041380076,17,1082.2856793829922,781.8480804096104,7.792306399787776,6723.613156340448,0,5,0,completed,bb88757310c14afd29034e13031ad06fd036bee57a1fe5181ed93c9650c6dfa2,B,baseline,True,iterations,True,12,"[0.5, 0.75, 1.0]",5,partial,1,16,5,4,0.5,3,1.4,False,concurrent,06d868f693a728ac1102e913d6ba675227fc8ef9ccd5c18031507f8350390552,,True,incomplete_service,Not all customers served
0.0,0.0,5,COORDINATED_MPC_MCTS,0,c201_21,C2,cc755a6ec3edab8c320bf901f0c3bd34cea80123cf831b0059ea01c13c96bf1d,100,21,7709cf25d863e433db5f930daea8f385c3be3136daa80a5ec82080b243a85230,fed814bc083a4aaf9f9195508d9f7fedadc0751e68d66ff900dc97eb39c30e53,1,51,0,0,False,2,27,73,33,19.60447980696136,2,0,False,True,0,0.5480020999675617,816,0.097868730299965,4.303030303030303,0.08967600006144494,715,0.15148324002511798,0.27,0,0,380.8146373417355,4,529.3209547879568,167.02396374637522,3.229668099898845,13590.222865646097,5,5,15,completed,bbcba748efbebbead6a47652b15d6bcfaf3e8166769e569e448eb15093b15d56,B,baseline,True,iterations,True,12,"[0.5, 0.75, 1.0]",5,partial,1,16,5,4,0.5,3,1.4,False,concurrent,06d868f693a728ac1102e913d6ba675227fc8ef9ccd5c18031507f8350390552,,True,incomplete_service,Not all customers served
0.25,0.25,4,GREEDY,0,r201_21,R2,777cdc28fef020cd4df5ada1700f1a95d97eee53d26f5b26958b67cfd8cc51f2,100,21,a7a9d0da162b6556e18050cf8850d4508fc9c75572cd0fad769a8f8e9e43bc1b,9a5bbe4a2f314e39748e37b41bd217744c894b302e6fa18968cccfa04dcb789e,0,60,0,0,False,3,32,68,43,33.16555840031318,3,0,False,True,0,0.016733900061808527,0,0.002447748835588437,0.8372093023255814,0.0017880999948829412,0,0.00577497004996985,0.32,0,0,87.93750151445816,5,1061.2978688100218,549.6093844653635,0.1052531999303028,2530.7646296755206,0,4,19,completed,bbe2a7b8d320f83d59f30e1eee6903aafc19f3acc0c5208c481adee6c45e1b24,B,baseline,True,iterations,True,12,"[0.5, 0.75, 1.0]",5,partial,1,16,5,4,0.5,3,1.4,False,concurrent,06d868f693a728ac1102e913d6ba675227fc8ef9ccd5c18031507f8350390552,,True,incomplete_service,Not all customers served
0.5,0.5,14,MPC_MCTS_H1,0,c109_21,C1,c139ad52f11e291a5e17b4aa03bc1f1d6ca704b7b2c1a1cec53489d1e749664f,100,21,0d2eb63aa77ae4820451c6700ab15c2313f31fb84696cb2d6ac992ec86825cd2,2d7481bfe4584024e0281b0a46ab0ff8e28b7fd483d4cba8197537b8598bf6c3,0,237,0,0,False,35,62,38,81,19.132030315867873,35,0,False,True,0,0.11952840001322329,3792,0.029045580256799305,0.8271604938271605,0.016903500072658062,3158,0.08641249989159405,0.62,0,0,1147.430128853654,13,1186.1858795838082,338.4749642636147,2.3526920008007437,9024.459578402022,14,14,148,completed,bbed8a6249448574c6d1e573e8bbbe090af2a306d1c204e4ec3392a94c914337,B,baseline,True,iterations,True,12,"[0.5, 0.75, 1.0]",5,partial,1,16,1,4,0.5,3,1.4,False,concurrent,06d868f693a728ac1102e913d6ba675227fc8ef9ccd5c18031507f8350390552,,True,incomplete_service,Not all customers served
0.5,0.5,18,INDEPENDENT_MPC_MCTS,0,rc108_21,RC1,e0bbd077f766d20a9e4c89f20604194bd7854b957653654cc6daa8fc729da355,100,21,1333cad9230e74ac53b5ae0fe8dcbb5fc0c14a6a9f561abf1324c241738de4cc,712f27d0f39696897704f36dac63cde2fe4a60e55acc74db6d5ca37ad084c922,1,209,0,0,False,14,82,18,130,25.021301254886794,14,0,False,True,0,1.8472865000367165,3344,0.0648964207780619,2.876923076923077,0.035639100009575486,2861,0.1292923050059471,0.82,0,0,331.1500071479059,37,2051.746702900717,871.4473872313314,8.436534701148048,446.01789656184627,0,18,72,completed,bc35362834744cd07fe8ebee60e755597fef27db3ab539d4e12b612c7f88d93b,B,baseline,True,iterations,True,12,"[0.5, 0.75, 1.0]",5,partial,1,16,5,4,0.5,3,1.4,False,concurrent,06d868f693a728ac1102e913d6ba675227fc8ef9ccd5c18031507f8350390552,,True,incomplete_service,Not all customers served
0.75,0.75,4,COORDINATED_MPC_MCTS,0,r201_21,R2,777cdc28fef020cd4df5ada1700f1a95d97eee53d26f5b26958b67cfd8cc51f2,100,21,a7a9d0da162b6556e18050cf8850d4508fc9c75572cd0fad769a8f8e9e43bc1b,0194e556b422aac66c7322a0d07138512f9d914377c33e93e850bfc5367155dc,0,68,0,0,False,1,46,54,56,20.274424706551994,1,0,False,True,0,0.3484891999978572,1088,0.09187636606969006,3.857142857142857,0.10200120002264157,983,0.17822387503110804,0.46,0,0,70.5548352611297,7,932.6235365013916,440.96772038206063,5.145076499902643,2534.9816301890764,4,4,11,completed,bd694da01a7ded9e98eaeea0a7af790d8b5f812e0bfd1dd6e752a51867f878d6,B,baseline,True,iterations,True,12,"[0.5, 0.75, 1.0]",5,partial,1,16,5,4,0.5,3,1.4,False,concurrent,06d868f693a728ac1102e913d6ba675227fc8ef9ccd5c18031507f8350390552,,True,incomplete_service,Not all customers served
0.0,0.0,5,GREEDY,0,c208_21,C2,6238a471231c4a029781b0059d2394708f055df07192948a8e1e1f462a7ccbea,100,21,711258b6e16dd832319ba5a781e77cc16979b839c32bebf76d9b717a7cbd1531,e93a70281fab3433719f8ee17f709770edcb491ca95c39d8e6a0bfc725ad893f,0,119,0,0,False,5,71,29,91,22.230992198441765,5,0,False,True,0,0.02094290009699762,0,0.0023501890105103234,0.9340659340659341,0.0015734999906271696,0,0.006584799964912236,0.71,0,0,2645.1251666326007,15,1578.4004460893652,1155.0764919793016,0.21386719995643944,6336.474387278035,0,5,28,completed,bd7bc79e3a61badefe8c21defde16942bfb33a584573788f419935bf6ca0a3c7,B,baseline,True,iterations,True,12,"[0.5, 0.75, 1.0]",5,partial,1,16,5,4,0.5,3,1.4,False,concurrent,06d868f693a728ac1102e913d6ba675227fc8ef9ccd5c18031507f8350390552,,True,incomplete_service,Not all customers served
0.25,0.25,5,MPC_MCTS_H1,0,c208_21,C2,6238a471231c4a029781b0059d2394708f055df07192948a8e1e1f462a7ccbea,100,21,711258b6e16dd832319ba5a781e77cc16979b839c32bebf76d9b717a7cbd1531,0064d2b34e20900a5d6c569880db6bf20a40a8a517e7388cc4f3ef315f2b7e50,1,50,0,0,False,5,28,72,31,12.574616576805786,5,0,False,True,0,0.08778409997466952,800,0.02530825162126172,0.9032258064516129,0.017221300047822297,702,0.06745269999373704,0.28,0,0,0.0,0,352.08926415056203,0.0,0.7845558002591133,14058.304342504514,5,5,17,completed,be190b14ddc0ba76e423e429d6821138ebe5b978c8e70417e31a7fc4d6e8bd69,B,baseline,True,iterations,True,12,"[0.5, 0.75, 1.0]",5,partial,1,16,1,4,0.5,3,1.4,False,concurrent,06d868f693a728ac1102e913d6ba675227fc8ef9ccd5c18031507f8350390552,,True,incomplete_service,Not all customers served
0.25,0.25,13,GREEDY,0,c101_21,C1,c5cda6ca63a7d518902cf4b02d98b4aa0f373aaa0658d5c666d1c46d38871cb9,100,21,18cb8c56a43219b437afb391f11d42a3c7d8056ed895f0cb721b15683964ccb8,b4dd210800af2327e50b1c367da8c45ffee39f9411da6f8ee1e27b60cb2c6d4a,0,281,0,0,False,30,72,28,103,22.25242048017923,30,0,False,True,0,0.02384190005250275,0,0.0028472456366764112,0.8058252427184466,0.0021161000477150083,0,0.0057018199237063435,0.72,0,0,2165.492986214668,16,1602.1742745729046,638.7884915087515,0.29326630057767034,5820.3327392124265,0,13,180,completed,be3c64aa4592a93f23f8409a5488418f1f2830010235bca6ac16b6cd31df7ac7,B,baseline,True,iterations,True,12,"[0.5, 0.75, 1.0]",5,partial,1,16,5,4,0.5,3,1.4,False,concurrent,06d868f693a728ac1102e913d6ba675227fc8ef9ccd5c18031507f8350390552,,True,incomplete_service,Not all customers served
0.5,0.5,13,MPC_MCTS_H1,0,c101_21,C1,c5cda6ca63a7d518902cf4b02d98b4aa0f373aaa0658d5c666d1c46d38871cb9,100,21,18cb8c56a43219b437afb391f11d42a3c7d8056ed895f0cb721b15683964ccb8,36effcf880a9fa96164abaa2767519ebec30a23ad53c3bff371f65280f13c403,0,184,0,0,False,30,45,55,58,18.8187204817877,30,0,False,True,0,0.12229039997328073,2944,0.02231114138126502,0.7931034482758621,0.016423349967226386,2142,0.05865796498255801,0.45,0,0,129.57873073528313,3,846.8424216804466,38.223814376189715,1.294046200113371,10611.61004183187,13,13,123,completed,bf1451c7664a05178d6f1b1d43f9c2e07606b9b67198f349d4e623f9feac9ae9,B,baseline,True,iterations,True,12,"[0.5, 0.75, 1.0]",5,partial,1,16,1,4,0.5,3,1.4,False,concurrent,06d868f693a728ac1102e913d6ba675227fc8ef9ccd5c18031507f8350390552,,True,incomplete_service,Not all customers served
0.25,0.25,20,INDEPENDENT_MPC_MCTS,0,r101_21,R1,0e5a3dffffbd3c516b528ef32ba1a488b817d2f151fc3e8c81023814de1c103a,100,21,eff55182b21377e4bea8207e9200f55561609fca70ed7b70d688aaf23af4b5ae,49631cc39c480f20aa8e02c62fdbb8295fc5c394a839806d469f8edcbb2f5036,0,205,0,0,False,23,63,37,99,23.227272767374973,21,0,False,True,0,1.1224943000124767,3280,0.04846790302874088,2.515151515151515,0.02608059998601675,2687,0.09259983001975326,0.63,0,0,234.96805832491148,26,1463.3181843446234,489.51678817689896,4.798322399845347,1848.040526634045,0,20,96,completed,bff962c1007ea6f87ffb672325e106886de8c5f1e0648138de59e90a9719983d,B,baseline,True,iterations,True,12,"[0.5, 0.75, 1.0]",5,partial,1,16,5,4,0.5,3,1.4,False,concurrent,06d868f693a728ac1102e913d6ba675227fc8ef9ccd5c18031507f8350390552,,True,incomplete_service,Not all customers served
0.25,0.25,14,COORDINATED_MPC_MCTS,0,c109_21,C1,c139ad52f11e291a5e17b4aa03bc1f1d6ca704b7b2c1a1cec53489d1e749664f,100,21,0d2eb63aa77ae4820451c6700ab15c2313f31fb84696cb2d6ac992ec86825cd2,c9f0638cdea90c6230480f3b1160a404326f68aac0e23a1641258f7434eb3263,0,271,0,0,False,11,74,26,105,22.251995788836613,11,0,False,True,0,1.6444709999486804,4336,0.09374208190655779,3.4952380952380953,0.06504170002881438,3623,0.17344376000110057,0.74,0,0,2854.287680971871,30,1646.6476883739094,841.9727672483394,9.842918600188568,5613.213556724783,14,14,153,completed,c03f538e19abb9dda5b0379aabe791dd129a90401002aa67ceda2978718042b4,B,baseline,True,iterations,True,12,"[0.5, 0.75, 1.0]",5,partial,1,16,5,4,0.5,3,1.4,False,concurrent,06d868f693a728ac1102e913d6ba675227fc8ef9ccd5c18031507f8350390552,,True,incomplete_service,Not all customers served
0.5,0.5,4,COORDINATED_MPC_MCTS,0,r201_21,R2,777cdc28fef020cd4df5ada1700f1a95d97eee53d26f5b26958b67cfd8cc51f2,100,21,a7a9d0da162b6556e18050cf8850d4508fc9c75572cd0fad769a8f8e9e43bc1b,ccd29c5a103e1ac93923390020464a030079b329b720bcf2150a31fbf8d50840,1,69,0,0,False,1,42,58,57,21.97186018592674,1,0,False,True,0,0.4850168999982998,1104,0.09862484209844026,3.9649122807017543,0.09137759997975081,1017,0.18763938001357014,0.42,0,0,72.16840911043161,12,922.8181278089231,451.0525569401976,5.621615999611095,2574.549465393833,4,4,11,completed,c1fb645994bbbeb0b2eb271caef6f2e11ec55a81e0acea9975cef214aad28596,B,baseline,True,iterations,True,12,"[0.5, 0.75, 1.0]",5,partial,1,16,5,4,0.5,3,1.4,False,concurrent,06d868f693a728ac1102e913d6ba675227fc8ef9ccd5c18031507f8350390552,,True,incomplete_service,Not all customers served
0.0,0.0,4,GREEDY,0,rc208_21,RC2,848ac4428c45536e665596eb3031d4cf06747a109edbb2a5ab6498422157954d,100,21,bb62f751bd2f92a5591ef85431c7691fc4adc788ee2ff693b2b4e87903071c0a,5d2960c3eb87d5d225d3fc2ff65b121090b55eaf78f683d5d3dfb1828be193cd,0,81,0,0,False,4,58,42,74,33.4312881827148,4,0,False,True,0,0.012467299937270582,0,0.0028120324399473298,0.9459459459459459,0.0021983999758958817,0,0.00850899505894631,0.58,0,0,253.0511471293711,12,1939.0147145974584,1405.839706274284,0.2080904005561024,1067.9341382731698,0,4,7,completed,c20e687a0e37a501913d600668c69e377d3f020ec5713d30d8a0e38908b477d1,B,baseline,True,iterations,True,12,"[0.5, 0.75, 1.0]",5,partial,1,16,5,4,0.5,3,1.4,False,concurrent,06d868f693a728ac1102e913d6ba675227fc8ef9ccd5c18031507f8350390552,,True,incomplete_service,Not all customers served
0.25,0.25,5,COORDINATED_MPC_MCTS,0,rc201_21,RC2,05de9a222789707ffcce07b31776e71b0ca87b7f72f5c0d115af11e39f2a2841,100,21,897b06b0a5232b4a55582c72c913db9299981a7e26d5f99ab9087c2a494b608a,1cffd630a231ea07ac1a3e5805e5ed94bbc3dcd44c88cf467d0c267994048883,1,61,0,0,False,1,38,62,47,30.12155909511287,1,0,False,True,0,0.6219369999598712,976,0.08336073191380723,3.617021276595745,0.061111000017262995,876,0.1643894800450651,0.38,0,0,52.986092749285376,7,1144.6192456142892,378.4720910663241,3.9179543999489397,3194.0831923782966,5,5,11,completed,c29307e43d39fcdd4942dc8b3c59e3b44eea2a3f1617914d6e2567b477ec9a21,B,baseline,True,iterations,True,12,"[0.5, 0.75, 1.0]",5,partial,1,16,5,4,0.5,3,1.4,False,concurrent,06d868f693a728ac1102e913d6ba675227fc8ef9ccd5c18031507f8350390552,,True,incomplete_service,Not all customers served
0.5,0.5,5,GREEDY,0,c201_21,C2,cc755a6ec3edab8c320bf901f0c3bd34cea80123cf831b0059ea01c13c96bf1d,100,21,7709cf25d863e433db5f930daea8f385c3be3136daa80a5ec82080b243a85230,9ab599bea8692723939603e1b081946a4ebd7f76a1d26675553a2d7862c98003,0,120,0,0,False,5,75,25,95,18.68158778758952,5,0,False,True,0,0.006125499960035086,0,0.0015106515787345798,0.9263157894736842,0.0012456999393180013,0,0.003497359971515833,0.75,0,0,2615.522895783432,13,1401.119084069214,1147.1591648172948,0.14351189997978508,6183.358020147354,0,5,27,completed,c34c3e11d25171126ff56e56e13be7b7936e921b646be5477f3e62b2c8510930,B,baseline,True,iterations,True,12,"[0.5, 0.75, 1.0]",5,partial,1,16,5,4,0.5,3,1.4,False,concurrent,06d868f693a728ac1102e913d6ba675227fc8ef9ccd5c18031507f8350390552,,True,incomplete_service,Not all customers served
0.0,0.0,5,COORDINATED_MPC_MCTS,0,rc201_21,RC2,05de9a222789707ffcce07b31776e71b0ca87b7f72f5c0d115af11e39f2a2841,100,21,897b06b0a5232b4a55582c72c913db9299981a7e26d5f99ab9087c2a494b608a,24780f40ef3eacd4e382295beb5437b431fdc6c31ac8b7366f42b65ac6f89e24,1,62,0,0,False,1,37,63,46,29.90659272069144,1,0,False,True,0,0.6705776000162587,992,0.08709066085841345,3.391304347826087,0.07196114998077974,841,0.16547997505404055,0.37,0,0,34.68393674693982,7,1106.5439306655833,247.7424053352844,4.006170399487019,3269.0772321760273,5,5,13,completed,c42361d1e5f5a5a31684481165904bee90475c4cd4cf0cb601d3aeb001588b2e,B,baseline,True,iterations,True,12,"[0.5, 0.75, 1.0]",5,partial,1,16,5,4,0.5,3,1.4,False,concurrent,06d868f693a728ac1102e913d6ba675227fc8ef9ccd5c18031507f8350390552,,True,incomplete_service,Not all customers served
0.0,0.0,14,MPC_MCTS_H1,0,c109_21,C1,c139ad52f11e291a5e17b4aa03bc1f1d6ca704b7b2c1a1cec53489d1e749664f,100,21,0d2eb63aa77ae4820451c6700ab15c2313f31fb84696cb2d6ac992ec86825cd2,d47668d0890d164c18dce0cdbd17966417796d72cb54be4bdf0207aa6739f7f2,0,268,0,0,False,36,56,44,72,20.59976956223961,36,0,False,True,0,0.18584179994650185,4288,0.040160502779245794,0.7916666666666666,0.01832330005709082,3546,0.13608761997893454,0.56,0,0,409.45764324756374,7,1153.5870954854183,120.78396555975331,2.891556200105697,10396.9896001842,14,14,191,completed,c43c8ef6ffb3de60243aeb067d46c511111ec49fae3f6b775321d27ae87f69f9,B,baseline,True,iterations,True,12,"[0.5, 0.75, 1.0]",5,partial,1,16,1,4,0.5,3,1.4,False,concurrent,06d868f693a728ac1102e913d6ba675227fc8ef9ccd5c18031507f8350390552,,True,incomplete_service,Not all customers served
0.75,0.75,19,INDEPENDENT_MPC_MCTS,0,r112_21,R1,004d91650145be584ea6392f9bac9bef40e22a63e0f25f4e87e04fdbd2278b0c,100,21,5d2d688393ea73d7304b019a41e95c98d2c011a287aa79b62d31a9462396f3d0,08fc47ae114d4735230d770e069f38fb339e562e522a2245ffa363f9edf0fbf4,1,179,0,0,False,17,86,14,124,20.684720553321075,13,0,False,True,0,2.168822899926454,2864,0.07816946370181657,2.8548387096774195,0.036811099969781935,2543,0.17067906997981477,0.86,0,0,397.0485914791172,34,1778.8859675856124,863.1491119111242,9.693013499025255,630.6445321376467,0,19,40,completed,c520f91ac369e5c9134b1ed69fb0310548a9a89f8694cb11c4ad42962f04ad4b,B,baseline,True,iterations,True,12,"[0.5, 0.75, 1.0]",5,partial,1,16,5,4,0.5,3,1.4,False,concurrent,06d868f693a728ac1102e913d6ba675227fc8ef9ccd5c18031507f8350390552,,True,incomplete_service,Not all customers served
0.25,0.25,14,MPC_MCTS_H1,0,c109_21,C1,c139ad52f11e291a5e17b4aa03bc1f1d6ca704b7b2c1a1cec53489d1e749664f,100,21,0d2eb63aa77ae4820451c6700ab15c2313f31fb84696cb2d6ac992ec86825cd2,c9f0638cdea90c6230480f3b1160a404326f68aac0e23a1641258f7434eb3263,0,235,0,0,False,35,53,47,68,21.441716778773483,35,0,False,True,0,0.16111490002367646,3760,0.03924068088321399,0.8382352941176471,0.01956565002910793,3214,0.11230798001633957,0.53,0,0,825.5335093505513,10,1136.4109892749946,243.52020924795022,2.668366300058551,10198.369221702109,14,14,158,completed,c5a9ca28843af4cc2d0c71d1cd4d0c69f1df2c8d9a29544e03ef91ca59309fd0,B,baseline,True,iterations,True,12,"[0.5, 0.75, 1.0]",5,partial,1,16,1,4,0.5,3,1.4,False,concurrent,06d868f693a728ac1102e913d6ba675227fc8ef9ccd5c18031507f8350390552,,True,incomplete_service,Not all customers served
0.0,0.0,4,MPC_MCTS_H1,0,rc208_21,RC2,848ac4428c45536e665596eb3031d4cf06747a109edbb2a5ab6498422157954d,100,21,bb62f751bd2f92a5591ef85431c7691fc4adc788ee2ff693b2b4e87903071c0a,dafc79d6dc66aca14874262e74c85f2294ce4470f616926a593dc94fe97dbc58,1,96,0,0,False,3,68,32,79,15.438547844124363,3,0,False,True,0,0.08853019995149225,1536,0.019858369611121147,0.9493670886075949,0.017488399986177683,1404,0.035386809916235475,0.68,0,0,96.02138939855665,8,1049.8212534004567,533.4521633253147,1.5688111992785707,2014.1573572009875,4,4,16,completed,c5b6b2675e8450c512cc83f763aa0553272037e0e74790c64f85e8d2dc148335,B,baseline,True,iterations,True,12,"[0.5, 0.75, 1.0]",5,partial,1,16,1,4,0.5,3,1.4,False,concurrent,06d868f693a728ac1102e913d6ba675227fc8ef9ccd5c18031507f8350390552,,True,incomplete_service,Not all customers served
0.0,0.0,4,MPC_MCTS_H1,0,r201_21,R2,777cdc28fef020cd4df5ada1700f1a95d97eee53d26f5b26958b67cfd8cc51f2,100,21,a7a9d0da162b6556e18050cf8850d4508fc9c75572cd0fad769a8f8e9e43bc1b,ca718e6c1f232113a74e492dd795fc54cd65d683715461017e67b20391621b5c,0,47,0,0,False,4,31,69,34,14.327115051563842,4,0,False,True,0,0.09244100004434586,752,0.018732149999670905,0.9117647058823529,0.013852850010152906,626,0.04614513494307171,0.31,0,0,0.0,0,444.1405665984791,0.0,0.6368930999888107,3237.225355653888,4,4,12,completed,c84705c88b83cdce41466c0ef8d5b327d3413ac5abcf57f7125bb38ea778cf81,B,baseline,True,iterations,True,12,"[0.5, 0.75, 1.0]",5,partial,1,16,1,4,0.5,3,1.4,False,concurrent,06d868f693a728ac1102e913d6ba675227fc8ef9ccd5c18031507f8350390552,,True,incomplete_service,Not all customers served
0.75,0.75,3,INDEPENDENT_MPC_MCTS,0,r211_21,R2,79349433753cf23f69aef92bb7e6c6847b15e700badf73129a68b6d1e4915201,100,21,f5f653fdaa766d74cd1a39f415cfd36e8b89d8dc0495415d6d46521b2921f804,7615874873b4d86b98823a0ced6c9a443b862b0722d1beca6da86972950f4d7e,1,83,0,0,False,0,71,29,81,14.314107157266587,0,0,False,True,0,0.3473169000353664,1328,0.10458439506768583,4.407407407407407,0.11412230005953461,1317,0.18221879994962364,0.71,0,0,68.83959354786249,9,1016.3016081659276,625.8144867987498,8.471336000482552,1105.7612540501673,0,3,0,completed,c8b481da12b4b8bbb2b2b7828edac414504d8ffb9e61268141c6d423df5148b0,B,baseline,True,iterations,True,12,"[0.5, 0.75, 1.0]",5,partial,1,16,5,4,0.5,3,1.4,False,concurrent,06d868f693a728ac1102e913d6ba675227fc8ef9ccd5c18031507f8350390552,,True,incomplete_service,Not all customers served
0.75,0.75,3,MPC_MCTS_H1,0,r211_21,R2,79349433753cf23f69aef92bb7e6c6847b15e700badf73129a68b6d1e4915201,100,21,f5f653fdaa766d74cd1a39f415cfd36e8b89d8dc0495415d6d46521b2921f804,7615874873b4d86b98823a0ced6c9a443b862b0722d1beca6da86972950f4d7e,1,75,0,0,False,2,64,36,69,12.191709446373801,2,0,False,True,0,0.052931200014427304,1200,0.014646608699653028,0.9420289855072463,0.013707499951124191,1120,0.022109919996000788,0.64,0,0,20.007766987950816,2,780.2694045679233,181.88879079955288,1.010616000276059,1551.7138533236605,3,3,6,completed,ca4fa46438dfd231c9104859ae3060a62bb08cc801bc5d7a4ae5b45e2ba20260,B,baseline,True,iterations,True,12,"[0.5, 0.75, 1.0]",5,partial,1,16,1,4,0.5,3,1.4,False,concurrent,06d868f693a728ac1102e913d6ba675227fc8ef9ccd5c18031507f8350390552,,True,incomplete_service,Not all customers served
0.25,0.25,20,INDEPENDENT_MPC_MCTS,0,r101_21,R1,0e5a3dffffbd3c516b528ef32ba1a488b817d2f151fc3e8c81023814de1c103a,100,21,eff55182b21377e4bea8207e9200f55561609fca70ed7b70d688aaf23af4b5ae,85db80494c0861ecf832ea01feb322959cc9bc281f38c4259583c44c9976155d,1,237,0,0,False,19,58,42,100,25.285598900105704,18,0,False,True,0,1.0568894000025466,3792,0.046787442001514135,2.31,0.02435909997439012,2920,0.09513533502467908,0.58,0,0,213.72961160594005,37,1466.5647362061309,445.27002417904174,4.678744200151414,1934.1877951182664,0,20,122,completed,cad3d4c39635afa8a8adbcb7116573ab656c765b42f1229e7baa5350bcfaa729,B,baseline,True,iterations,True,12,"[0.5, 0.75, 1.0]",5,partial,1,16,5,4,0.5,3,1.4,False,concurrent,06d868f693a728ac1102e913d6ba675227fc8ef9ccd5c18031507f8350390552,,True,incomplete_service,Not all customers served
0.25,0.25,13,MPC_MCTS_H1,0,c101_21,C1,c5cda6ca63a7d518902cf4b02d98b4aa0f373aaa0658d5c666d1c46d38871cb9,100,21,18cb8c56a43219b437afb391f11d42a3c7d8056ed895f0cb721b15683964ccb8,b4dd210800af2327e50b1c367da8c45ffee39f9411da6f8ee1e27b60cb2c6d4a,0,170,0,0,False,30,40,60,49,19.950915602028015,30,0,False,True,0,0.16541220003273338,2720,0.03243387142690469,0.8367346938775511,0.019460099982097745,2055,0.09792988002300244,0.4,0,0,117.59522567125885,2,798.0366240811206,34.68885713016485,1.5892596999183297,11119.726833449273,13,13,115,completed,cb20ce073e68ed0a328ae8c61d264593d9bd114710cb90976c82ee164b0583c1,B,baseline,True,iterations,True,12,"[0.5, 0.75, 1.0]",5,partial,1,16,1,4,0.5,3,1.4,False,concurrent,06d868f693a728ac1102e913d6ba675227fc8ef9ccd5c18031507f8350390552,,True,incomplete_service,Not all customers served
0.75,0.75,3,COORDINATED_MPC_MCTS,0,r211_21,R2,79349433753cf23f69aef92bb7e6c6847b15e700badf73129a68b6d1e4915201,100,21,f5f653fdaa766d74cd1a39f415cfd36e8b89d8dc0495415d6d46521b2921f804,7615874873b4d86b98823a0ced6c9a443b862b0722d1beca6da86972950f4d7e,1,65,0,0,False,0,49,51,58,18.808355385961057,0,0,False,True,0,0.34655009990092367,1040,0.11568456551798716,4.241379310344827,0.13066800002707168,946,0.19026546500972472,0.49,0,0,64.37148126871114,7,921.6094139120919,585.1952842610103,6.709704800043255,1516.644796377244,3,3,6,completed,cc3dd9f6dfe18b0b67d68cc2a4beecdc06dc00cbb6e2ff7301d3e14b93415b20,B,baseline,True,iterations,True,12,"[0.5, 0.75, 1.0]",5,partial,1,16,5,4,0.5,3,1.4,False,concurrent,06d868f693a728ac1102e913d6ba675227fc8ef9ccd5c18031507f8350390552,,True,incomplete_service,Not all customers served
0.75,0.75,18,INDEPENDENT_MPC_MCTS,0,rc108_21,RC1,e0bbd077f766d20a9e4c89f20604194bd7854b957653654cc6daa8fc729da355,100,21,1333cad9230e74ac53b5ae0fe8dcbb5fc0c14a6a9f561abf1324c241738de4cc,f5bfab69310f526cba665db1aaf82bf73a394ea39454305566501c5c17665ff4,1,259,0,0,False,21,86,14,137,23.1418918670623,18,0,False,True,0,1.3756594998994842,4144,0.05678806569593802,2.5693430656934306,0.03146159998141229,3533,0.11337955999188115,0.86,0,0,341.9522508311277,35,1990.2027005673576,899.8743442924413,7.779965000343509,502.46896557843684,0,18,120,completed,cc4b610d817344944c970808de870c4e74fc2ff8d0763e3aff4d7e6962f39497,B,baseline,True,iterations,True,12,"[0.5, 0.75, 1.0]",5,partial,1,16,5,4,0.5,3,1.4,False,concurrent,06d868f693a728ac1102e913d6ba675227fc8ef9ccd5c18031507f8350390552,,True,incomplete_service,Not all customers served
0.25,0.25,5,INDEPENDENT_MPC_MCTS,0,c208_21,C2,6238a471231c4a029781b0059d2394708f055df07192948a8e1e1f462a7ccbea,100,21,711258b6e16dd832319ba5a781e77cc16979b839c32bebf76d9b717a7cbd1531,0064d2b34e20900a5d6c569880db6bf20a40a8a517e7388cc4f3ef315f2b7e50,1,22,0,0,False,1,15,85,18,24.398137004502804,1,0,False,True,0,0.5810384000651538,352,0.07864519445380817,3.2222222222222223,0.05005560000427067,347,0.18356012504664182,0.15,0,0,58.388627541993344,1,365.97205506754204,25.497217267246,1.415613500168547,12845.35289851269,0,5,1,completed,cc8ad15dcf03fae182db4555ba82d8aa1660c722eead514a7f01b1b0af5a0bb5,B,baseline,True,iterations,True,12,"[0.5, 0.75, 1.0]",5,partial,1,16,5,4,0.5,3,1.4,False,concurrent,06d868f693a728ac1102e913d6ba675227fc8ef9ccd5c18031507f8350390552,,True,incomplete_service,Not all customers served
0.25,0.25,4,GREEDY,0,rc208_21,RC2,848ac4428c45536e665596eb3031d4cf06747a109edbb2a5ab6498422157954d,100,21,bb62f751bd2f92a5591ef85431c7691fc4adc788ee2ff693b2b4e87903071c0a,157677d86f2840296a0c72d7813dbadc67ed7165b2756aca612650cdaefac1d9,0,76,0,0,False,3,54,46,71,34.4234853190584,3,0,False,True,0,0.020840900018811226,0,0.0026773154951999305,0.9014084507042254,0.0019549999851733446,0,0.0066288000089116395,0.54,0,0,227.79387450264534,11,1858.8682072291538,1265.5215250146964,0.19008940015919507,1213.3379182682006,0,4,7,completed,cd9e2e63488e83cc33602f5566aad39626ed1dea3668aca137545e80c48110d3,B,baseline,True,iterations,True,12,"[0.5, 0.75, 1.0]",5,partial,1,16,5,4,0.5,3,1.4,False,concurrent,06d868f693a728ac1102e913d6ba675227fc8ef9ccd5c18031507f8350390552,,True,incomplete_service,Not all customers served
0.25,0.25,19,INDEPENDENT_MPC_MCTS,0,r112_21,R1,004d91650145be584ea6392f9bac9bef40e22a63e0f25f4e87e04fdbd2278b0c,100,21,5d2d688393ea73d7304b019a41e95c98d2c011a287aa79b62d31a9462396f3d0,02c97ad1bd7856d2c9e50755ff77f837c888f8287bff020493bf538de0158c56,1,257,0,0,False,21,85,15,121,20.2820980394508,18,0,False,True,0,2.556910300045274,4112,0.08119022397205142,2.760330578512397,0.032908900058828294,3370,0.14755800005514175,0.85,0,0,303.59051101977207,27,1723.978333353318,659.9793717821132,9.82401710061822,1090.730888854928,0,19,126,completed,cea272e0d96ab6b624f698b91d5058c7ca93677149eb270be6c3438bc7284e2c,B,baseline,True,iterations,True,12,"[0.5, 0.75, 1.0]",5,partial,1,16,5,4,0.5,3,1.4,False,concurrent,06d868f693a728ac1102e913d6ba675227fc8ef9ccd5c18031507f8350390552,,True,incomplete_service,Not all customers served
0.25,0.25,14,INDEPENDENT_MPC_MCTS,0,c109_21,C1,c139ad52f11e291a5e17b4aa03bc1f1d6ca704b7b2c1a1cec53489d1e749664f,100,21,0d2eb63aa77ae4820451c6700ab15c2313f31fb84696cb2d6ac992ec86825cd2,d9a45d7b76deab6523566e4a3e0aa66f1c516147e49c1e06b8ce998f0a880202,1,166,0,0,False,9,75,25,115,20.679409986135692,8,0,False,True,0,1.5898733000503853,2656,0.06759314782532823,2.9217391304347826,0.041488699964247644,2444,0.12009563996689393,0.75,0,0,2542.921127609314,27,1550.9557489601768,750.1242264334261,7.773211999912746,4353.706009935778,0,14,50,completed,d0296da6c098e1bd9f4264ef7f58ab93c16242bb23002b3001c9c89b0266789e,B,baseline,True,iterations,True,12,"[0.5, 0.75, 1.0]",5,partial,1,16,5,4,0.5,3,1.4,False,concurrent,06d868f693a728ac1102e913d6ba675227fc8ef9ccd5c18031507f8350390552,,True,incomplete_service,Not all customers served
0.25,0.25,19,INDEPENDENT_MPC_MCTS,0,r112_21,R1,004d91650145be584ea6392f9bac9bef40e22a63e0f25f4e87e04fdbd2278b0c,100,21,5d2d688393ea73d7304b019a41e95c98d2c011a287aa79b62d31a9462396f3d0,fe5a81f8226b5fa2b97fb340d4f6218e5e8a99894f38350fa48163b4ff1248f3,0,233,0,0,False,25,82,18,131,21.652751369556512,20,0,False,True,0,2.5001090998994187,3728,0.07708626641369361,2.6717557251908395,0.03322179999668151,2943,0.1285769000533037,0.82,0,0,383.34073082414835,32,1775.525612303634,833.3494148351051,10.098300900193863,923.2207435338886,0,19,100,completed,d24179ea63a65b180d0248f9e18f7bf729259435128d4ab35464f793878a4b9b,B,baseline,True,iterations,True,12,"[0.5, 0.75, 1.0]",5,partial,1,16,5,4,0.5,3,1.4,False,concurrent,06d868f693a728ac1102e913d6ba675227fc8ef9ccd5c18031507f8350390552,,True,incomplete_service,Not all customers served
0.0,0.0,18,GREEDY,0,rc108_21,RC1,e0bbd077f766d20a9e4c89f20604194bd7854b957653654cc6daa8fc729da355,100,21,1333cad9230e74ac53b5ae0fe8dcbb5fc0c14a6a9f561abf1324c241738de4cc,5e664a2843d902efea06443f5bf10f056e54f3c0945dbe7ba524521c8ced5723,0,300,0,0,False,66,55,45,92,38.72068679114556,66,0,False,True,0,0.039292700006626546,0,0.0039696576131973416,0.717391304347826,0.0019837499712593853,0,0.013101080019259843,0.55,0,0,288.35570805675985,22,2129.637773513006,758.8308106756838,0.3652085004141554,1352.006518430234,0,18,205,completed,d28a6dc449431d0dde2302645ba1cecaa63fe9cac228a4172f5dd37e549c6736,B,baseline,True,iterations,True,12,"[0.5, 0.75, 1.0]",5,partial,1,16,5,4,0.5,3,1.4,False,concurrent,06d868f693a728ac1102e913d6ba675227fc8ef9ccd5c18031507f8350390552,,True,incomplete_service,Not all customers served
0.5,0.5,18,INDEPENDENT_MPC_MCTS,0,rc108_21,RC1,e0bbd077f766d20a9e4c89f20604194bd7854b957653654cc6daa8fc729da355,100,21,1333cad9230e74ac53b5ae0fe8dcbb5fc0c14a6a9f561abf1324c241738de4cc,f06925037622c36d6ce86689e326fd0209dc6a45ea5aba1420c90684a8e61222,0,209,0,0,False,14,83,17,138,24.48336565310523,14,0,False,True,0,1.8358265000861138,3344,0.06159129274917929,2.652173913043478,0.027725499938242137,2827,0.12497191504226067,0.83,0,0,332.87797013127164,38,2032.119349207734,875.9946582401885,8.499598399386741,487.58348183285506,0,18,70,completed,d28b7ca3cc4a683233d5526b3e22df18de7188900981e657aa313142e259bba4,B,baseline,True,iterations,True,12,"[0.5, 0.75, 1.0]",5,partial,1,16,5,4,0.5,3,1.4,False,concurrent,06d868f693a728ac1102e913d6ba675227fc8ef9ccd5c18031507f8350390552,,True,incomplete_service,Not all customers served
0.0,0.0,18,GREEDY,0,rc108_21,RC1,e0bbd077f766d20a9e4c89f20604194bd7854b957653654cc6daa8fc729da355,100,21,1333cad9230e74ac53b5ae0fe8dcbb5fc0c14a6a9f561abf1324c241738de4cc,7943efb4fd55c9d3ba1c1b7fa3b64c0fb4f5e53e2024153e1d72da889424e2d0,1,300,0,0,False,66,55,45,92,38.72068679114556,66,0,False,True,0,0.03936460008844733,0,0.003691036965313327,0.717391304347826,0.002013899968005717,0,0.012900434987386704,0.55,0,0,288.35570805675985,22,2129.637773513006,758.8308106756838,0.3395754008088261,1352.006518430234,0,18,205,completed,d380bd64a0d74ebc79bbdcc1c9af3f41fe10e56df5eec7c4aa047d3727a81484,B,baseline,True,iterations,True,12,"[0.5, 0.75, 1.0]",5,partial,1,16,5,4,0.5,3,1.4,False,concurrent,06d868f693a728ac1102e913d6ba675227fc8ef9ccd5c18031507f8350390552,,True,incomplete_service,Not all customers served
0.75,0.75,14,COORDINATED_MPC_MCTS,0,c109_21,C1,c139ad52f11e291a5e17b4aa03bc1f1d6ca704b7b2c1a1cec53489d1e749664f,100,21,0d2eb63aa77ae4820451c6700ab15c2313f31fb84696cb2d6ac992ec86825cd2,67bfa4e0433fcde6a2ed8464f386af88e0db55ac625244f57bc1daf6784c293d,0,269,0,0,False,12,73,27,111,23.913110938876162,12,0,False,True,0,1.3347387000685558,4304,0.09306385224110338,3.3603603603603602,0.07873860001564026,3592,0.14987439999822527,0.73,0,0,2948.5188515002565,29,1745.6570985379599,869.76957271394,10.330087598762475,5331.926047125071,14,14,153,completed,d3a2f510c86c7546a62af03e9e7351cb5c2b4985df6a4b568a52160d5fdd06b5,B,baseline,True,iterations,True,12,"[0.5, 0.75, 1.0]",5,partial,1,16,5,4,0.5,3,1.4,False,concurrent,06d868f693a728ac1102e913d6ba675227fc8ef9ccd5c18031507f8350390552,,True,incomplete_service,Not all customers served
0.5,0.5,18,COORDINATED_MPC_MCTS,0,rc108_21,RC1,e0bbd077f766d20a9e4c89f20604194bd7854b957653654cc6daa8fc729da355,100,21,1333cad9230e74ac53b5ae0fe8dcbb5fc0c14a6a9f561abf1324c241738de4cc,f06925037622c36d6ce86689e326fd0209dc6a45ea5aba1420c90684a8e61222,0,367,0,0,False,16,80,20,117,23.772951617428156,16,0,False,True,0,1.9471242000581697,5872,0.08985419487520957,3.1880341880341883,0.057051299954764545,4604,0.1474411600036546,0.8,0,0,339.22999649509785,28,1901.8361293942526,892.7105170923627,10.51294080039952,1024.3276420739933,18,18,241,completed,d3b4d25579f82ff603d83b282e3415de2c99dc92b26fe394e40db1cd05309672,B,baseline,True,iterations,True,12,"[0.5, 0.75, 1.0]",5,partial,1,16,5,4,0.5,3,1.4,False,concurrent,06d868f693a728ac1102e913d6ba675227fc8ef9ccd5c18031507f8350390552,,True,incomplete_service,Not all customers served
0.0,0.0,3,MPC_MCTS_H1,0,r211_21,R2,79349433753cf23f69aef92bb7e6c6847b15e700badf73129a68b6d1e4915201,100,21,f5f653fdaa766d74cd1a39f415cfd36e8b89d8dc0495415d6d46521b2921f804,35b8f854d7aa1716cf4fdf94372e30f81168181cae1876725bfd713af6b1ca7b,0,78,0,0,False,2,64,36,68,12.189641299739344,2,0,False,True,0,0.06081940000876784,1248,0.014489117645151803,0.9558823529411765,0.013207349984440953,1168,0.019596834917319936,0.64,0,0,20.872368406736605,2,780.137043183318,189.7488036976055,0.9852599998703226,1556.784013358155,3,3,9,completed,d42acf0f61c62c06682482e149042df7bc6ad659631790c611b87b838cea6d11,B,baseline,True,iterations,True,12,"[0.5, 0.75, 1.0]",5,partial,1,16,1,4,0.5,3,1.4,False,concurrent,06d868f693a728ac1102e913d6ba675227fc8ef9ccd5c18031507f8350390552,,True,incomplete_service,Not all customers served
0.75,0.75,5,INDEPENDENT_MPC_MCTS,0,c201_21,C2,cc755a6ec3edab8c320bf901f0c3bd34cea80123cf831b0059ea01c13c96bf1d,100,21,7709cf25d863e433db5f930daea8f385c3be3136daa80a5ec82080b243a85230,5c7ded9ecafad9eebf45185639ae3efa6fc854eb6ba2d25f9d5aa04b06a63232,0,70,0,0,False,2,52,48,66,19.958535857910764,2,0,False,True,0,0.3726895999861881,1120,0.08201212877986219,4.545454545454546,0.08234084997093305,1113,0.13603752493509091,0.52,0,0,1357.7974205876062,13,1037.8438646113598,595.5251844682484,5.4128004994709045,8527.97714798167,0,5,0,completed,d4c23fa7897b7215377f132a6540275df6728fd28d3202755fd6aba0eda6d369,B,baseline,True,iterations,True,12,"[0.5, 0.75, 1.0]",5,partial,1,16,5,4,0.5,3,1.4,False,concurrent,06d868f693a728ac1102e913d6ba675227fc8ef9ccd5c18031507f8350390552,,True,incomplete_service,Not all customers served
0.0,0.0,19,GREEDY,0,r112_21,R1,004d91650145be584ea6392f9bac9bef40e22a63e0f25f4e87e04fdbd2278b0c,100,21,5d2d688393ea73d7304b019a41e95c98d2c011a287aa79b62d31a9462396f3d0,b7a3be2f5950432dc5a3eb53c7d3358b7e433c080f09965d80c2d3c3bb3e7cc0,0,243,0,0,False,68,58,42,95,30.00878176486425,68,0,False,True,0,0.03702050005085766,0,0.0030150936781673837,0.7368421052631579,0.0014833000022917986,0,0.010847069928422555,0.58,0,0,302.1572427246004,20,1740.5093423621265,656.8635711404356,0.2864338994259015,1747.333414913273,0,19,146,completed,d4ecd257c5ec5e9303b2c128a760d4b2da0a8c664a393eb073e807af4349ba52,B,baseline,True,iterations,True,12,"[0.5, 0.75, 1.0]",5,partial,1,16,5,4,0.5,3,1.4,False,concurrent,06d868f693a728ac1102e913d6ba675227fc8ef9ccd5c18031507f8350390552,,True,incomplete_service,Not all customers served
0.75,0.75,20,COORDINATED_MPC_MCTS,0,r101_21,R1,0e5a3dffffbd3c516b528ef32ba1a488b817d2f151fc3e8c81023814de1c103a,100,21,eff55182b21377e4bea8207e9200f55561609fca70ed7b70d688aaf23af4b5ae,bc91328f26af1c85836e9c4efcc3a5710c79d039e204ea52be3648fae7bccd3b,0,339,0,0,False,25,77,23,101,21.07240014469525,25,0,False,True,0,0.88147200003732,5424,0.05766755644125993,2.4554455445544554,0.040793700027279556,3869,0.09628779999911785,0.77,0,0,262.81912335668403,24,1622.5748111415344,547.5398403264251,5.824423200567253,1824.700106885625,20,20,218,completed,d653e71fae4c5babe021385f3bea2c01b33ef69e1370325f37b7beaaf5c514c1,B,baseline,True,iterations,True,12,"[0.5, 0.75, 1.0]",5,partial,1,16,5,4,0.5,3,1.4,False,concurrent,06d868f693a728ac1102e913d6ba675227fc8ef9ccd5c18031507f8350390552,,True,incomplete_service,Not all customers served
0.5,0.5,5,COORDINATED_MPC_MCTS,0,c201_21,C2,cc755a6ec3edab8c320bf901f0c3bd34cea80123cf831b0059ea01c13c96bf1d,100,21,7709cf25d863e433db5f930daea8f385c3be3136daa80a5ec82080b243a85230,9ab599bea8692723939603e1b081946a4ebd7f76a1d26675553a2d7862c98003,0,68,0,0,False,0,40,60,50,20.067820829419386,0,0,False,True,0,0.2265641000121832,1088,0.06258448599139228,4.48,0.060951549967285246,990,0.10935072498978116,0.4,0,0,1128.059639062533,8,802.7128331767755,494.7629995888303,3.1292242995696142,11399.585985536483,5,5,15,completed,d6b72cf6bbe67c6480291e83f13f7ac82dbad97f62a6ee0cb717c30a307e884f,B,baseline,True,iterations,True,12,"[0.5, 0.75, 1.0]",5,partial,1,16,5,4,0.5,3,1.4,False,isolated,06d868f693a728ac1102e913d6ba675227fc8ef9ccd5c18031507f8350390552,,True,incomplete_service,Not all customers served
0.0,0.0,14,INDEPENDENT_MPC_MCTS,0,c109_21,C1,c139ad52f11e291a5e17b4aa03bc1f1d6ca704b7b2c1a1cec53489d1e749664f,100,21,0d2eb63aa77ae4820451c6700ab15c2313f31fb84696cb2d6ac992ec86825cd2,772e17d3661de946cca2532a7e6d18350219b042e34b6364143b5ca3e5a0ff8f,1,197,0,0,False,10,78,22,112,20.87345191831165,7,0,False,True,0,1.5953372999792919,3152,0.0705162142829587,3.1160714285714284,0.04886589996749535,2443,0.12940742502105418,0.78,0,0,2402.2428661830163,24,1628.1292496283086,708.6262142132791,7.897815999691375,4339.811845926668,0,14,81,completed,d7e1f93fae8c30cf48b68fdf15d1e6e64477efd6985a6e4d5465e591def3c3c5,B,baseline,True,iterations,True,12,"[0.5, 0.75, 1.0]",5,partial,1,16,5,4,0.5,3,1.4,False,concurrent,06d868f693a728ac1102e913d6ba675227fc8ef9ccd5c18031507f8350390552,,True,incomplete_service,Not all customers served
0.25,0.25,4,GREEDY,0,rc208_21,RC2,848ac4428c45536e665596eb3031d4cf06747a109edbb2a5ab6498422157954d,100,21,bb62f751bd2f92a5591ef85431c7691fc4adc788ee2ff693b2b4e87903071c0a,73627a54354afa91d48dfd888c225b6f1b4395ff85944a7a8cd75a1bce4d001b,1,76,0,0,False,3,54,46,71,34.4234853190584,3,0,False,True,0,0.01589200005400926,0,0.0026794295826874357,0.9014084507042254,0.0020113999489694834,0,0.008212100015953183,0.54,0,0,227.79387450264534,11,1858.8682072291538,1265.5215250146964,0.19023950037080795,1213.3379182682006,0,4,7,completed,d8a39f82a7ed5f98497508132c88925297c0bdebdc3207b8eb80b1ba9b79d9e0,B,baseline,True,iterations,True,12,"[0.5, 0.75, 1.0]",5,partial,1,16,5,4,0.5,3,1.4,False,concurrent,06d868f693a728ac1102e913d6ba675227fc8ef9ccd5c18031507f8350390552,,True,incomplete_service,Not all customers served
0.0,0.0,19,INDEPENDENT_MPC_MCTS,0,r112_21,R1,004d91650145be584ea6392f9bac9bef40e22a63e0f25f4e87e04fdbd2278b0c,100,21,5d2d688393ea73d7304b019a41e95c98d2c011a287aa79b62d31a9462396f3d0,b7a3be2f5950432dc5a3eb53c7d3358b7e433c080f09965d80c2d3c3bb3e7cc0,0,295,0,0,False,22,84,16,130,20.899246738055112,19,0,False,True,0,2.3353310000384226,4720,0.07166949769105906,2.5384615384615383,0.027914299978874624,3705,0.1478203099512029,0.84,0,0,317.8996137020364,34,1755.5367259966295,691.0861167435573,9.317034699837677,1063.979565662311,0,19,158,completed,d8d0816f446906a058449fcc62231488bdbc3e80336b8ee2ffbc35fa685a3cee,B,baseline,True,iterations,True,12,"[0.5, 0.75, 1.0]",5,partial,1,16,5,4,0.5,3,1.4,False,concurrent,06d868f693a728ac1102e913d6ba675227fc8ef9ccd5c18031507f8350390552,,True,incomplete_service,Not all customers served
0.75,0.75,3,GREEDY,0,r211_21,R2,79349433753cf23f69aef92bb7e6c6847b15e700badf73129a68b6d1e4915201,100,21,f5f653fdaa766d74cd1a39f415cfd36e8b89d8dc0495415d6d46521b2921f804,74aed83667a10bfc1cf90b71867225e176cd3fa351de838932a9f4c25afb0941,0,64,0,0,False,2,52,48,62,35.10169882482981,2,0,False,True,0,0.013303600018844008,0,0.002434538711132782,0.9354838709677419,0.0020446499693207443,0,0.006235614989418531,0.52,0,0,152.05658492654976,6,1825.28833889115,1382.3325902413612,0.1509414000902325,502.65507618230004,0,3,3,completed,d902f8c56ecaec6229ab0fe58ae77136c588f970dcc7bff072b1f54baf5e1829,B,baseline,True,iterations,True,12,"[0.5, 0.75, 1.0]",5,partial,1,16,5,4,0.5,3,1.4,False,concurrent,06d868f693a728ac1102e913d6ba675227fc8ef9ccd5c18031507f8350390552,,True,incomplete_service,Not all customers served
0.25,0.25,13,COORDINATED_MPC_MCTS,0,c101_21,C1,c5cda6ca63a7d518902cf4b02d98b4aa0f373aaa0658d5c666d1c46d38871cb9,100,21,18cb8c56a43219b437afb391f11d42a3c7d8056ed895f0cb721b15683964ccb8,b4dd210800af2327e50b1c367da8c45ffee39f9411da6f8ee1e27b60cb2c6d4a,0,220,0,0,False,7,66,34,102,24.31925088754505,7,0,False,True,0,1.39953960001003,3520,0.06962127647335258,3.088235294117647,0.04892660002224147,2680,0.11552461500396013,0.66,0,0,2356.065706968506,26,1605.0705585779733,695.0046333240432,7.101370200281963,5573.239992527201,13,13,115,completed,d9c86286d608ee5ee90e1b2fb8950a99886d6599566dba1efa7fa279ea19e6c4,B,baseline,True,iterations,True,12,"[0.5, 0.75, 1.0]",5,partial,1,16,5,4,0.5,3,1.4,False,concurrent,06d868f693a728ac1102e913d6ba675227fc8ef9ccd5c18031507f8350390552,,True,incomplete_service,Not all customers served
0.0,0.0,13,GREEDY,0,c101_21,C1,c5cda6ca63a7d518902cf4b02d98b4aa0f373aaa0658d5c666d1c46d38871cb9,100,21,18cb8c56a43219b437afb391f11d42a3c7d8056ed895f0cb721b15683964ccb8,1281b7078484367b77b747a736f2a8088abe257c6ea490019679ebe0e752b504,1,232,0,0,False,34,42,58,68,34.257664619085666,34,0,False,True,0,0.0201869000447914,0,0.003185816186220002,0.7205882352941176,0.0022943500662222505,0,0.009587960038334125,0.42,0,0,1887.622377099033,12,1438.8219140015979,556.8207602062043,0.2166355006629601,8961.55570889937,0,13,165,completed,da236079343c46536dff030478ba6093a8fb9d60944067841b5008248382215a,B,baseline,True,iterations,True,12,"[0.5, 0.75, 1.0]",5,partial,1,16,5,4,0.5,3,1.4,False,concurrent,06d868f693a728ac1102e913d6ba675227fc8ef9ccd5c18031507f8350390552,,True,incomplete_service,Not all customers served
0.25,0.25,3,MPC_MCTS_H1,0,r211_21,R2,79349433753cf23f69aef92bb7e6c6847b15e700badf73129a68b6d1e4915201,100,21,f5f653fdaa766d74cd1a39f415cfd36e8b89d8dc0495415d6d46521b2921f804,0aa31b7ce20ed412ee459bdc59888e96081e5e6b29d99890639c9619361f1e73,0,78,0,0,False,2,64,36,68,12.189641299739344,2,0,False,True,0,0.08095129998400807,1248,0.017292572053573915,0.9558823529411765,0.01578970003174618,1168,0.022977035015355793,0.64,0,0,20.872368406736605,2,780.137043183318,189.7488036976055,1.1758948996430263,1556.784013358155,3,3,9,completed,da9950e0613ef4ee312c546ef51ba289eecf0faeb41d09350998626414ce25e5,B,baseline,True,iterations,True,12,"[0.5, 0.75, 1.0]",5,partial,1,16,1,4,0.5,3,1.4,False,concurrent,06d868f693a728ac1102e913d6ba675227fc8ef9ccd5c18031507f8350390552,,True,incomplete_service,Not all customers served
0.5,0.5,21,MPC_MCTS_H1,0,rc101_21,RC1,272a3e58d53d4ba9516f01506164cf8a9b98bfeeb8dbd1fd62f6557e4c98e3a1,100,21,f4b729450b2911296fb332aa2b29aacf3be08754cc2c811f83ebe8617dc4124b,82f3da6e031cbf2e5e923979b300f29e52158d00f2c4f97a98cc5aafa473fabf,1,415,0,0,False,78,55,45,76,29.3531304573134,78,0,False,True,0,0.18281050003133714,6640,0.03895155000377839,0.75,0.02071559999603778,4774,0.1197256000014022,0.55,0,0,86.45901908828907,11,1614.422175152237,227.523734442866,2.9603178002871573,2709.012265764435,21,21,328,completed,dbdcccf80712d15c871b3a2f0669e39dbcc01b43b4a676e0e2cd030f6f2db8be,B,baseline,True,iterations,True,12,"[0.5, 0.75, 1.0]",5,partial,1,16,1,4,0.5,3,1.4,False,concurrent,06d868f693a728ac1102e913d6ba675227fc8ef9ccd5c18031507f8350390552,,True,incomplete_service,Not all customers served
0.75,0.75,5,MPC_MCTS_H1,0,c201_21,C2,cc755a6ec3edab8c320bf901f0c3bd34cea80123cf831b0059ea01c13c96bf1d,100,21,7709cf25d863e433db5f930daea8f385c3be3136daa80a5ec82080b243a85230,5c7ded9ecafad9eebf45185639ae3efa6fc854eb6ba2d25f9d5aa04b06a63232,0,48,0,0,False,5,26,74,29,13.040784095812512,5,0,False,True,0,0.05719459999818355,768,0.02101724136395958,0.896551724137931,0.014849900035187602,669,0.04577798000536858,0.26,0,0,0.0,0,339.0603864911253,0.0,0.6094999995548278,14251.298071284666,5,5,17,completed,dc758465f8d11eca0167b677a26f11d44977dca47dc589e3c8361467c8b2dff3,B,baseline,True,iterations,True,12,"[0.5, 0.75, 1.0]",5,partial,1,16,1,4,0.5,3,1.4,False,concurrent,06d868f693a728ac1102e913d6ba675227fc8ef9ccd5c18031507f8350390552,,True,incomplete_service,Not all customers served
0.0,0.0,14,COORDINATED_MPC_MCTS,0,c109_21,C1,c139ad52f11e291a5e17b4aa03bc1f1d6ca704b7b2c1a1cec53489d1e749664f,100,21,0d2eb63aa77ae4820451c6700ab15c2313f31fb84696cb2d6ac992ec86825cd2,772e17d3661de946cca2532a7e6d18350219b042e34b6364143b5ca3e5a0ff8f,1,244,0,0,False,9,76,24,100,20.614835068508793,9,0,False,True,0,1.7174194999970496,3904,0.09406346800271422,3.44,0.06957685004454106,3287,0.16094823497696759,0.76,0,0,2005.3472061735654,21,1566.7274652066683,591.5478484287803,9.406346800271422,6426.396827828462,14,14,133,completed,dc766eb176223833f12b924c1777f93560e6201e16a6999688780d3ca341a620,B,baseline,True,iterations,True,12,"[0.5, 0.75, 1.0]",5,partial,1,16,5,4,0.5,3,1.4,False,concurrent,06d868f693a728ac1102e913d6ba675227fc8ef9ccd5c18031507f8350390552,,True,incomplete_service,Not all customers served
0.25,0.25,19,MPC_MCTS_H1,0,r112_21,R1,004d91650145be584ea6392f9bac9bef40e22a63e0f25f4e87e04fdbd2278b0c,100,21,5d2d688393ea73d7304b019a41e95c98d2c011a287aa79b62d31a9462396f3d0,02c97ad1bd7856d2c9e50755ff77f837c888f8287bff020493bf538de0158c56,1,473,0,0,False,63,92,8,126,17.69685454968644,63,0,False,True,0,0.21169160003773868,7568,0.03639893808830825,0.7936507936507936,0.019075299962423742,6310,0.09969094998086803,0.92,0,0,209.01697955873402,22,1628.1106185711524,454.38473817116085,4.58626619912684,1568.3338612537752,19,19,340,completed,dd3f5b9a8d04a74ccb10a2b362e25040a36cca9c742c2f5bf97fdf024863408e,B,baseline,True,iterations,True,12,"[0.5, 0.75, 1.0]",5,partial,1,16,1,4,0.5,3,1.4,False,concurrent,06d868f693a728ac1102e913d6ba675227fc8ef9ccd5c18031507f8350390552,,True,incomplete_service,Not all customers served
0.75,0.75,5,MPC_MCTS_H1,0,c208_21,C2,6238a471231c4a029781b0059d2394708f055df07192948a8e1e1f462a7ccbea,100,21,711258b6e16dd832319ba5a781e77cc16979b839c32bebf76d9b717a7cbd1531,e4966eb4c8496bff6d22068a3d7694fcde338c56188ecd3da175acfa6602cee4,0,54,0,0,False,5,31,69,35,11.598254915095703,5,0,False,True,0,0.07421170000452548,864,0.02212557429115155,0.9142857142857143,0.01602810004260391,764,0.057619449973572046,0.31,0,0,158.1260981463797,1,359.5459023679668,69.05069788051514,0.7743951001903042,13605.604363372106,5,5,17,completed,dd6e4ce81134733a62fcb55f3e4e3bd87f4491a2151e8ffa292f63d02991826c,B,baseline,True,iterations,True,12,"[0.5, 0.75, 1.0]",5,partial,1,16,1,4,0.5,3,1.4,False,concurrent,06d868f693a728ac1102e913d6ba675227fc8ef9ccd5c18031507f8350390552,,True,incomplete_service,Not all customers served
0.25,0.25,3,COORDINATED_MPC_MCTS,0,r211_21,R2,79349433753cf23f69aef92bb7e6c6847b15e700badf73129a68b6d1e4915201,100,21,f5f653fdaa766d74cd1a39f415cfd36e8b89d8dc0495415d6d46521b2921f804,f6f4dc4d2aafffb8dddd0f15d73dbabcd328dc6169dacdc36da4fb3e70ae03d5,1,74,0,0,False,0,59,41,68,15.79317750277333,0,0,False,True,0,0.42389650002587587,1184,0.11674408234231283,4.205882352941177,0.13423789996886626,1099,0.20960650502238423,0.59,0,0,36.230100433699604,6,931.7974726636265,329.3645493972691,7.938597599277273,1432.2821991013673,3,3,6,completed,df8d734b6ca83ff6210e66adf686034d2c4a62e1264218eaa4b128a1c0aa70f3,B,baseline,True,iterations,True,12,"[0.5, 0.75, 1.0]",5,partial,1,16,5,4,0.5,3,1.4,False,concurrent,06d868f693a728ac1102e913d6ba675227fc8ef9ccd5c18031507f8350390552,,True,incomplete_service,Not all customers served
0.25,0.25,14,INDEPENDENT_MPC_MCTS,0,c109_21,C1,c139ad52f11e291a5e17b4aa03bc1f1d6ca704b7b2c1a1cec53489d1e749664f,100,21,0d2eb63aa77ae4820451c6700ab15c2313f31fb84696cb2d6ac992ec86825cd2,c9f0638cdea90c6230480f3b1160a404326f68aac0e23a1641258f7434eb3263,0,147,0,0,False,12,75,25,114,21.715599483062878,10,0,False,True,0,1.6612359998980537,2352,0.07462897719488594,3.1491228070175437,0.050763599982019514,2268,0.14792193000321271,0.75,0,0,2688.490995922634,26,1628.669961229716,793.06519053765,8.507703400216997,3773.6361891088136,0,14,32,completed,e0368a712493ab285fa9311726ae6e91a9278f31ea064a744e6e9e93c95d62de,B,baseline,True,iterations,True,12,"[0.5, 0.75, 1.0]",5,partial,1,16,5,4,0.5,3,1.4,False,concurrent,06d868f693a728ac1102e913d6ba675227fc8ef9ccd5c18031507f8350390552,,True,incomplete_service,Not all customers served
0.25,0.25,18,MPC_MCTS_H1,0,rc108_21,RC1,e0bbd077f766d20a9e4c89f20604194bd7854b957653654cc6daa8fc729da355,100,21,1333cad9230e74ac53b5ae0fe8dcbb5fc0c14a6a9f561abf1324c241738de4cc,2935022cbf9162afdea42efb9825be1f8e828b4500a1c35744296a60aca1a15f,1,429,0,0,False,57,86,14,116,20.759995239038286,57,0,False,True,0,0.19099139992613345,6864,0.03292194655534394,0.8017241379310345,0.020423300040420145,5515,0.07721727498574182,0.86,0,0,192.52373784320622,18,1785.3595905572924,506.64141537685845,3.818945800419897,1436.9940586294217,18,18,307,completed,e0bf8c9a77b8b86e74d340f5167243e4516146d7aa9c134dea366de2fd49b0da,B,baseline,True,iterations,True,12,"[0.5, 0.75, 1.0]",5,partial,1,16,1,4,0.5,3,1.4,False,concurrent,06d868f693a728ac1102e913d6ba675227fc8ef9ccd5c18031507f8350390552,,True,incomplete_service,Not all customers served
0.5,0.5,4,INDEPENDENT_MPC_MCTS,0,r201_21,R2,777cdc28fef020cd4df5ada1700f1a95d97eee53d26f5b26958b67cfd8cc51f2,100,21,a7a9d0da162b6556e18050cf8850d4508fc9c75572cd0fad769a8f8e9e43bc1b,86283904b0ad6c920ca8396f492194ad73646d92604f538ac8bc665d1e64e746,0,65,0,0,False,1,48,52,62,21.53962611578365,1,0,False,True,0,0.48198379995301366,1040,0.08354908871021302,4.032258064516129,0.09029970003757626,1020,0.16803716995054843,0.48,0,0,90.51270267488603,13,1033.9020535576153,565.7043917180376,5.180043500033207,2271.122921437212,0,4,0,completed,e0f5e64919a1c3738aac718c41da646c7c92cef15911d6651680bb4d4a2587d2,B,baseline,True,iterations,True,12,"[0.5, 0.75, 1.0]",5,partial,1,16,5,4,0.5,3,1.4,False,concurrent,06d868f693a728ac1102e913d6ba675227fc8ef9ccd5c18031507f8350390552,,True,incomplete_service,Not all customers served
0.25,0.25,3,GREEDY,0,r211_21,R2,79349433753cf23f69aef92bb7e6c6847b15e700badf73129a68b6d1e4915201,100,21,f5f653fdaa766d74cd1a39f415cfd36e8b89d8dc0495415d6d46521b2921f804,0aa31b7ce20ed412ee459bdc59888e96081e5e6b29d99890639c9619361f1e73,0,57,0,0,False,2,47,53,55,31.940622710509057,2,0,False,True,0,0.02718149998690933,0,0.0029325472698970277,0.9272727272727272,0.0022585999686270952,0,0.006917460006661709,0.47,0,0,94.37931155118122,4,1501.2092673939258,857.9937413743746,0.1612900998443365,934.4114210548925,0,3,3,completed,e1799528728a6c26881f5da4179e5933e03ea83511f2e6ab09e29ead2349d473,B,baseline,True,iterations,True,12,"[0.5, 0.75, 1.0]",5,partial,1,16,5,4,0.5,3,1.4,False,concurrent,06d868f693a728ac1102e913d6ba675227fc8ef9ccd5c18031507f8350390552,,True,incomplete_service,Not all customers served
0.75,0.75,21,MPC_MCTS_H1,0,rc101_21,RC1,272a3e58d53d4ba9516f01506164cf8a9b98bfeeb8dbd1fd62f6557e4c98e3a1,100,21,f4b729450b2911296fb332aa2b29aacf3be08754cc2c811f83ebe8617dc4124b,c8febc0a16a5803a20aec2fa43f5e006273b3a3175c87dfd3d9d2499ec9cefb1,1,462,0,0,False,77,63,37,92,28.843287397130126,77,0,False,True,0,0.16072509996592999,7392,0.03606802608144632,0.782608695652174,0.022163999965414405,5664,0.09218206495279448,0.63,0,0,171.0655119022805,17,1817.127106019198,450.1723997428434,3.318258399493061,2271.8857667585003,21,21,361,completed,e4bdc5bbfd1c48bd1145175803ab1e1bbae5db496eee4638c4b8a8e23faf5462,B,baseline,True,iterations,True,12,"[0.5, 0.75, 1.0]",5,partial,1,16,1,4,0.5,3,1.4,False,concurrent,06d868f693a728ac1102e913d6ba675227fc8ef9ccd5c18031507f8350390552,,True,incomplete_service,Not all customers served
0.25,0.25,20,GREEDY,0,r101_21,R1,0e5a3dffffbd3c516b528ef32ba1a488b817d2f151fc3e8c81023814de1c103a,100,21,eff55182b21377e4bea8207e9200f55561609fca70ed7b70d688aaf23af4b5ae,49631cc39c480f20aa8e02c62fdbb8295fc5c394a839806d469f8edcbb2f5036,0,477,0,0,False,70,58,42,105,25.364340588647586,70,0,False,True,0,0.025163899990729988,0,0.003576109525082367,0.6571428571428571,0.0024944000178948045,0,0.008236840041354294,0.58,0,0,257.4730376947246,23,1471.13175414156,536.4021618640096,0.3754915001336485,2291.3952081637153,0,20,376,completed,e59c473ec0a9d96d2354f0f223b9535758fbc7e17141a794334614744f7d1df5,B,baseline,True,iterations,True,12,"[0.5, 0.75, 1.0]",5,partial,1,16,5,4,0.5,3,1.4,False,concurrent,06d868f693a728ac1102e913d6ba675227fc8ef9ccd5c18031507f8350390552,,True,incomplete_service,Not all customers served
0.0,0.0,13,COORDINATED_MPC_MCTS,0,c101_21,C1,c5cda6ca63a7d518902cf4b02d98b4aa0f373aaa0658d5c666d1c46d38871cb9,100,21,18cb8c56a43219b437afb391f11d42a3c7d8056ed895f0cb721b15683964ccb8,9f3943c6e9db0957b5231ae2bb104b93505aba3d5e68fdefc46a70aabfea4cce,0,219,0,0,False,8,69,31,102,23.881444886022923,8,0,False,True,0,1.3900880999863148,3504,0.073087738240229,3.264705882352941,0.04747725004563108,2635,0.1497953249781855,0.69,0,0,2728.615040240559,26,1647.8196971355817,804.9011918113744,7.454949300503358,4903.922292148617,13,13,111,completed,e8177dd7768c6a0b505542666fa75b32072a8439cd6cdece5811454f2cbe85ce,B,baseline,True,iterations,True,12,"[0.5, 0.75, 1.0]",5,partial,1,16,5,4,0.5,3,1.4,False,concurrent,06d868f693a728ac1102e913d6ba675227fc8ef9ccd5c18031507f8350390552,,True,incomplete_service,Not all customers served
0.75,0.75,19,MPC_MCTS_H1,0,r112_21,R1,004d91650145be584ea6392f9bac9bef40e22a63e0f25f4e87e04fdbd2278b0c,100,21,5d2d688393ea73d7304b019a41e95c98d2c011a287aa79b62d31a9462396f3d0,08fc47ae114d4735230d770e069f38fb339e562e522a2245ffa363f9edf0fbf4,1,500,0,0,False,64,90,10,124,19.101489912677216,64,0,False,True,0,0.21363020001444966,8000,0.03874287096926222,0.8145161290322581,0.02129315002821386,6641,0.10179475504555736,0.9,0,0,283.18107384434035,22,1719.1340921409496,615.611030096392,4.804116000188515,1391.6971094090993,19,19,369,completed,e8317b0b4e23cdbcbe105f4f541faaa7957d8eca1b78455cbe111d89c00379aa,B,baseline,True,iterations,True,12,"[0.5, 0.75, 1.0]",5,partial,1,16,1,4,0.5,3,1.4,False,concurrent,06d868f693a728ac1102e913d6ba675227fc8ef9ccd5c18031507f8350390552,,True,incomplete_service,Not all customers served
0.5,0.5,4,GREEDY,0,r201_21,R2,777cdc28fef020cd4df5ada1700f1a95d97eee53d26f5b26958b67cfd8cc51f2,100,21,a7a9d0da162b6556e18050cf8850d4508fc9c75572cd0fad769a8f8e9e43bc1b,86283904b0ad6c920ca8396f492194ad73646d92604f538ac8bc665d1e64e746,0,70,0,0,False,3,45,55,57,35.38840387743666,3,0,False,True,0,0.018744100001640618,0,0.0025393859556827104,0.8947368421052632,0.001908999984152615,0,0.006671759998425841,0.45,0,0,169.03326793327562,6,1592.4781744846496,1056.4579245829725,0.1447449994739145,1788.4885575820736,0,4,15,completed,e88e42e34be5d1454b68fbaa6b37bc1ae50471e3082f9a9a299f7655b06aa953,B,baseline,True,iterations,True,12,"[0.5, 0.75, 1.0]",5,partial,1,16,5,4,0.5,3,1.4,False,concurrent,06d868f693a728ac1102e913d6ba675227fc8ef9ccd5c18031507f8350390552,,True,incomplete_service,Not all customers served
0.0,0.0,21,INDEPENDENT_MPC_MCTS,0,rc101_21,RC1,272a3e58d53d4ba9516f01506164cf8a9b98bfeeb8dbd1fd62f6557e4c98e3a1,100,21,f4b729450b2911296fb332aa2b29aacf3be08754cc2c811f83ebe8617dc4124b,d7f793efca1a287c6053bb0e05d9cc416cf3f6c49bff344cacb15de3f1f4abbb,0,325,0,0,False,29,78,22,119,28.25141112103439,26,0,False,True,0,1.7363481000065804,5200,0.05609005630435031,2.6470588235294117,0.024908200022764504,3955,0.07355336000910026,0.78,0,0,297.0214813534896,31,2203.6100674406825,781.6354772460253,6.674716700217687,1313.9572585252874,0,21,195,completed,e8b1e61c54e2728c366edd99a20976c3174e8e178dd00093c3dc9a161a5a2b7d,B,baseline,True,iterations,True,12,"[0.5, 0.75, 1.0]",5,partial,1,16,5,4,0.5,3,1.4,False,concurrent,06d868f693a728ac1102e913d6ba675227fc8ef9ccd5c18031507f8350390552,,True,incomplete_service,Not all customers served
0.5,0.5,20,GREEDY,0,r101_21,R1,0e5a3dffffbd3c516b528ef32ba1a488b817d2f151fc3e8c81023814de1c103a,100,21,eff55182b21377e4bea8207e9200f55561609fca70ed7b70d688aaf23af4b5ae,89afc6a13ace161299c804b89b155cfbb0ef27b628207f852fa9b81f88148862,0,485,0,0,False,70,65,35,107,24.386817758958976,70,0,False,True,0,0.023513399995863438,0,0.0030687999939894147,0.6822429906542056,0.0019304000306874514,0,0.0066856099758297125,0.65,0,0,256.98911781800456,19,1585.1431543323336,535.3939954541761,0.3283615993568674,2107.8677278496616,0,20,381,completed,eb0f862d8e98a0eabb9f5fb6d815b11873295e3030df27318e7b4f1bbd7ad381,B,baseline,True,iterations,True,12,"[0.5, 0.75, 1.0]",5,partial,1,16,5,4,0.5,3,1.4,False,concurrent,06d868f693a728ac1102e913d6ba675227fc8ef9ccd5c18031507f8350390552,,True,incomplete_service,Not all customers served
0.5,0.5,5,INDEPENDENT_MPC_MCTS,0,rc201_21,RC2,05de9a222789707ffcce07b31776e71b0ca87b7f72f5c0d115af11e39f2a2841,100,21,897b06b0a5232b4a55582c72c913db9299981a7e26d5f99ab9087c2a494b608a,46d5d69e00a7883bc754189d322c4b7c21ff2e66b5cee0d7fa965b9582ae68da,1,61,0,0,False,2,44,56,52,29.446555764263373,2,0,False,True,0,0.5265851999865845,976,0.0774672076871726,3.5961538461538463,0.07562935003079474,843,0.16975586996995842,0.44,0,0,45.189015716924274,5,1295.6484536275884,322.77868369231624,4.028294799732976,2968.2837531277714,0,5,7,completed,eb3e200430506ae42f3c0a4720b77c6e9aa9dd3f25c63438f24c2842285ff464,B,baseline,True,iterations,True,12,"[0.5, 0.75, 1.0]",5,partial,1,16,5,4,0.5,3,1.4,False,concurrent,06d868f693a728ac1102e913d6ba675227fc8ef9ccd5c18031507f8350390552,,True,incomplete_service,Not all customers served
0.5,0.5,5,GREEDY,0,c208_21,C2,6238a471231c4a029781b0059d2394708f055df07192948a8e1e1f462a7ccbea,100,21,711258b6e16dd832319ba5a781e77cc16979b839c32bebf76d9b717a7cbd1531,dd13850e5a4f0617eae79cd862fe9bb53d2688907365f5f526dec3b80f6ee63e,0,131,0,0,False,5,83,17,106,21.677803439184025,5,0,False,True,0,0.009711899911053479,0,0.001983208493944609,0.9339622641509434,0.0015042999875731766,0,0.0051244000205770135,0.83,0,0,3434.6276991660584,16,1799.257685452274,1499.8374232166193,0.21022010035812855,4246.114615381665,0,5,27,completed,ec689051e4b650e6e6e5441af1e4019792ffc19ce382464fff14b580bd5b60ac,B,baseline,True,iterations,True,12,"[0.5, 0.75, 1.0]",5,partial,1,16,5,4,0.5,3,1.4,False,concurrent,06d868f693a728ac1102e913d6ba675227fc8ef9ccd5c18031507f8350390552,,True,incomplete_service,Not all customers served
0.0,0.0,13,MPC_MCTS_H1,0,c101_21,C1,c5cda6ca63a7d518902cf4b02d98b4aa0f373aaa0658d5c666d1c46d38871cb9,100,21,18cb8c56a43219b437afb391f11d42a3c7d8056ed895f0cb721b15683964ccb8,1281b7078484367b77b747a736f2a8088abe257c6ea490019679ebe0e752b504,1,169,0,0,False,30,34,66,38,21.249332146496062,30,0,False,True,0,0.1632926999591291,2704,0.04082210000763696,0.8947368421052632,0.029033300059381872,2020,0.10093772505060762,0.34,0,0,1.5672641440335007,1,722.4772929808661,0.46231980649955773,1.5512398002902046,11909.142357638098,13,13,121,completed,ecafb8d3edc3ccbe2792f7f0acbb814450c67f2605ebf7f1d569dd1d88c4374c,B,baseline,True,iterations,True,12,"[0.5, 0.75, 1.0]",5,partial,1,16,1,4,0.5,3,1.4,False,concurrent,06d868f693a728ac1102e913d6ba675227fc8ef9ccd5c18031507f8350390552,,True,incomplete_service,Not all customers served
0.5,0.5,19,MPC_MCTS_H1,0,r112_21,R1,004d91650145be584ea6392f9bac9bef40e22a63e0f25f4e87e04fdbd2278b0c,100,21,5d2d688393ea73d7304b019a41e95c98d2c011a287aa79b62d31a9462396f3d0,f9720c646dd2848678be055d2f9c15a146d45ca197b2a30855c47a35ff7e9991,0,515,0,0,False,63,88,12,122,18.60266113838591,63,0,False,True,0,0.18263749999459833,8240,0.03967928770570787,0.7868852459016393,0.022161950008012354,6817,0.09758130002301185,0.88,0,0,225.31753578018728,23,1637.03418017796,489.82072995692886,4.84087310009636,1582.3597458635654,19,19,385,completed,ed28d30bcb76e15e1c14a8b51e33c37d6e4b8dd22264d47aa818fc5684faf668,B,baseline,True,iterations,True,12,"[0.5, 0.75, 1.0]",5,partial,1,16,1,4,0.5,3,1.4,False,concurrent,06d868f693a728ac1102e913d6ba675227fc8ef9ccd5c18031507f8350390552,,True,incomplete_service,Not all customers served
0.0,0.0,4,INDEPENDENT_MPC_MCTS,0,r201_21,R2,777cdc28fef020cd4df5ada1700f1a95d97eee53d26f5b26958b67cfd8cc51f2,100,21,a7a9d0da162b6556e18050cf8850d4508fc9c75572cd0fad769a8f8e9e43bc1b,ca718e6c1f232113a74e492dd795fc54cd65d683715461017e67b20391621b5c,0,58,0,0,False,2,45,55,55,17.686545733631483,2,0,False,True,0,0.43955340003594756,928,0.08577602727719667,4.1454545454545455,0.08803390001412481,920,0.17718256996013224,0.45,0,0,51.52089024642978,9,795.8945580134167,322.00556404018613,4.717681500245817,2501.9460223894303,0,4,0,completed,ed9bd33dfc31e6a68862134bc9b7f909ab7bf6a594b04e3c1652acbede5a6ac7,B,baseline,True,iterations,True,12,"[0.5, 0.75, 1.0]",5,partial,1,16,5,4,0.5,3,1.4,False,concurrent,06d868f693a728ac1102e913d6ba675227fc8ef9ccd5c18031507f8350390552,,True,incomplete_service,Not all customers served
0.5,0.5,21,MPC_MCTS_H1,0,rc101_21,RC1,272a3e58d53d4ba9516f01506164cf8a9b98bfeeb8dbd1fd62f6557e4c98e3a1,100,21,f4b729450b2911296fb332aa2b29aacf3be08754cc2c811f83ebe8617dc4124b,4208fd31438639b8f67328ae68f1c1d5b20c3c87949003fe710e9a91367b453d,0,453,0,0,False,78,57,43,77,26.519341577986232,78,0,False,True,0,0.16492210002616048,7248,0.03537531817851999,0.7532467532467533,0.02417839993722737,5345,0.10716267994139349,0.57,0,0,82.46845142874187,12,1511.6024699452153,217.02224060195226,2.7238994997460395,2824.5790632169283,21,21,363,completed,eef69e281ca8e3b244a4a1cb0970fdb9224a20d87c53de23cc43935beee4a463,B,baseline,True,iterations,True,12,"[0.5, 0.75, 1.0]",5,partial,1,16,1,4,0.5,3,1.4,False,concurrent,06d868f693a728ac1102e913d6ba675227fc8ef9ccd5c18031507f8350390552,,True,incomplete_service,Not all customers served
0.75,0.75,4,GREEDY,0,rc208_21,RC2,848ac4428c45536e665596eb3031d4cf06747a109edbb2a5ab6498422157954d,100,21,bb62f751bd2f92a5591ef85431c7691fc4adc788ee2ff693b2b4e87903071c0a,2f7b000240fed028b7debc2a2faf31c9fa1b2819792fcdec206619408c344da1,0,77,0,0,False,3,56,44,74,34.32595606789662,3,0,False,True,0,0.009382099960930645,0,0.0028555621691929126,0.918918918918919,0.0023060000385157764,0,0.007993020047433672,0.56,0,0,246.9054447924052,12,1922.2535398022108,1371.6969155133622,0.21131160052027553,1110.8410154053847,0,4,5,completed,ef283288a5e619fd4830e3de185eaa5cda071e2c3bea1bd8033296f1fad37e7c,B,baseline,True,iterations,True,12,"[0.5, 0.75, 1.0]",5,partial,1,16,5,4,0.5,3,1.4,False,concurrent,06d868f693a728ac1102e913d6ba675227fc8ef9ccd5c18031507f8350390552,,True,incomplete_service,Not all customers served
0.5,0.5,3,MPC_MCTS_H1,0,r211_21,R2,79349433753cf23f69aef92bb7e6c6847b15e700badf73129a68b6d1e4915201,100,21,f5f653fdaa766d74cd1a39f415cfd36e8b89d8dc0495415d6d46521b2921f804,08cc6ebb54fc6c6d644681f55d3a42e7e85c66ad22b41e8ca5f764f6a846cb51,1,78,0,0,False,2,64,36,68,12.189641299739344,2,0,False,True,0,0.12113570002838969,1248,0.016035783818498364,0.9558823529411765,0.013614650000818074,1168,0.022811535024084145,0.64,0,0,20.872368406736605,2,780.137043183318,189.7488036976055,1.0904332996578887,1556.784013358155,3,3,9,completed,eff9bea27cf75ebf89e77ecf00c41f0dbdc7aa1eaf889aae2b0d79359ff50be2,B,baseline,True,iterations,True,12,"[0.5, 0.75, 1.0]",5,partial,1,16,1,4,0.5,3,1.4,False,concurrent,06d868f693a728ac1102e913d6ba675227fc8ef9ccd5c18031507f8350390552,,True,incomplete_service,Not all customers served
0.5,0.5,4,INDEPENDENT_MPC_MCTS,0,r201_21,R2,777cdc28fef020cd4df5ada1700f1a95d97eee53d26f5b26958b67cfd8cc51f2,100,21,a7a9d0da162b6556e18050cf8850d4508fc9c75572cd0fad769a8f8e9e43bc1b,ccd29c5a103e1ac93923390020464a030079b329b720bcf2150a31fbf8d50840,1,62,0,0,False,1,49,51,59,18.81335136066897,1,0,False,True,0,0.38279049994889647,992,0.08780949491952246,4.0,0.09368629998061806,984,0.17542930993949993,0.49,0,0,69.45530493352595,9,921.8542166727796,434.09565583453724,5.180760200251825,2339.987363148009,0,4,0,completed,f04d6b4eb98c96832f83fff28bfe5db8264824de799786f4e502d6b5662f8384,B,baseline,True,iterations,True,12,"[0.5, 0.75, 1.0]",5,partial,1,16,5,4,0.5,3,1.4,False,concurrent,06d868f693a728ac1102e913d6ba675227fc8ef9ccd5c18031507f8350390552,,True,incomplete_service,Not all customers served
0.25,0.25,4,COORDINATED_MPC_MCTS,0,r201_21,R2,777cdc28fef020cd4df5ada1700f1a95d97eee53d26f5b26958b67cfd8cc51f2,100,21,a7a9d0da162b6556e18050cf8850d4508fc9c75572cd0fad769a8f8e9e43bc1b,157d81c11dcc2aad2112a6fef229ddf73a9f85e541fa8258b823d8916d0712de,1,64,0,0,False,2,43,57,52,22.713354446565916,2,0,False,True,0,0.5218422000762075,1024,0.10158104807263814,4.096153846153846,0.10996409994550049,901,0.18290956498822195,0.43,0,0,78.91373822207255,7,976.6742412023344,493.21086388795345,5.282214499777183,2497.6360120320023,4,4,10,completed,f2ed063d7a28dfd2002d9a1db70f086503b38c7550ed07a2d9ae0b459c4081aa,B,baseline,True,iterations,True,12,"[0.5, 0.75, 1.0]",5,partial,1,16,5,4,0.5,3,1.4,False,concurrent,06d868f693a728ac1102e913d6ba675227fc8ef9ccd5c18031507f8350390552,,True,incomplete_service,Not all customers served
0.5,0.5,21,COORDINATED_MPC_MCTS,0,rc101_21,RC1,272a3e58d53d4ba9516f01506164cf8a9b98bfeeb8dbd1fd62f6557e4c98e3a1,100,21,f4b729450b2911296fb332aa2b29aacf3be08754cc2c811f83ebe8617dc4124b,4208fd31438639b8f67328ae68f1c1d5b20c3c87949003fe710e9a91367b453d,0,410,0,0,False,21,78,22,113,27.83407545356151,21,0,False,True,0,1.1086510000750422,6560,0.04772898583133103,2.893805309734513,0.029905700008384883,4772,0.10034653998445713,0.78,0,0,313.34957673713865,31,2171.057885377798,824.6041493082596,5.393375398940407,1596.8722907515153,21,21,280,completed,f2eeb79d4eb77fe1b2c2273bd145d2b034082db98e7d660f6d94a5672604c602,B,baseline,True,iterations,True,12,"[0.5, 0.75, 1.0]",5,partial,1,16,5,4,0.5,3,1.4,False,isolated,06d868f693a728ac1102e913d6ba675227fc8ef9ccd5c18031507f8350390552,,True,incomplete_service,Not all customers served
0.5,0.5,21,INDEPENDENT_MPC_MCTS,0,rc101_21,RC1,272a3e58d53d4ba9516f01506164cf8a9b98bfeeb8dbd1fd62f6557e4c98e3a1,100,21,f4b729450b2911296fb332aa2b29aacf3be08754cc2c811f83ebe8617dc4124b,82f3da6e031cbf2e5e923979b300f29e52158d00f2c4f97a98cc5aafa473fabf,1,232,0,0,False,27,68,32,107,29.242655709784778,25,0,False,True,0,1.6109499000012875,3712,0.05656298131259837,2.3738317757009346,0.030002599931322038,2981,0.11409331002505474,0.68,0,0,237.46062587290845,27,1988.500588265365,624.8963838760749,6.052239000448026,1496.4132850872354,0,21,116,completed,f30139c763af6df378a357db2b82c255e91aa40d0ac68a178d6e3aac72d6ba80,B,baseline,True,iterations,True,12,"[0.5, 0.75, 1.0]",5,partial,1,16,5,4,0.5,3,1.4,False,concurrent,06d868f693a728ac1102e913d6ba675227fc8ef9ccd5c18031507f8350390552,,True,incomplete_service,Not all customers served
0.5,0.5,4,COORDINATED_MPC_MCTS,0,r201_21,R2,777cdc28fef020cd4df5ada1700f1a95d97eee53d26f5b26958b67cfd8cc51f2,100,21,a7a9d0da162b6556e18050cf8850d4508fc9c75572cd0fad769a8f8e9e43bc1b,86283904b0ad6c920ca8396f492194ad73646d92604f538ac8bc665d1e64e746,0,73,0,0,False,1,48,52,61,21.260457249888287,1,0,False,True,0,0.34350519999861717,1168,0.06655002623933871,3.9508196721311477,0.06799550005234778,1062,0.13280839996878058,0.48,0,0,81.00155545428835,10,1020.5019479946377,506.2597215893022,4.0595516005996615,2408.032498864263,4,4,11,completed,f4c695dd7b81cec93ef39bfccb47865c6ed7658f579bc6f5cdde96c5717415e4,B,baseline,True,iterations,True,12,"[0.5, 0.75, 1.0]",5,partial,1,16,5,4,0.5,3,1.4,False,isolated,06d868f693a728ac1102e913d6ba675227fc8ef9ccd5c18031507f8350390552,,True,incomplete_service,Not all customers served
0.75,0.75,4,MPC_MCTS_H1,0,r201_21,R2,777cdc28fef020cd4df5ada1700f1a95d97eee53d26f5b26958b67cfd8cc51f2,100,21,a7a9d0da162b6556e18050cf8850d4508fc9c75572cd0fad769a8f8e9e43bc1b,544fe5b05546136f58744f3f2fb415c655e05c8d388cb7c1b19bfeb8f8fa3724,1,51,0,0,False,3,34,66,38,14.311934504695728,3,0,False,True,0,0.055295799975283444,816,0.016284439473805066,0.8947368421052632,0.01559455000096932,685,0.02645518502104096,0.34,0,0,0.0,0,486.60577315965475,0.0,0.6188087000045925,3153.773478655235,4,4,13,completed,f4d41bd56c23652d482d7143340ff3ca9d604735a36579ccb4b57a36b35ea1b0,B,baseline,True,iterations,True,12,"[0.5, 0.75, 1.0]",5,partial,1,16,1,4,0.5,3,1.4,False,concurrent,06d868f693a728ac1102e913d6ba675227fc8ef9ccd5c18031507f8350390552,,True,incomplete_service,Not all customers served
0.75,0.75,5,COORDINATED_MPC_MCTS,0,c208_21,C2,6238a471231c4a029781b0059d2394708f055df07192948a8e1e1f462a7ccbea,100,21,711258b6e16dd832319ba5a781e77cc16979b839c32bebf76d9b717a7cbd1531,e4966eb4c8496bff6d22068a3d7694fcde338c56188ecd3da175acfa6602cee4,0,93,0,0,False,5,57,43,72,15.253171159358477,5,0,False,True,0,0.5410202000057325,1488,0.1169309652727356,4.402777777777778,0.12284815008752048,1356,0.19346574499504648,0.57,0,0,1316.3352205931164,10,869.4307560834332,574.8188736214482,8.419029499636963,9624.16422335082,5,5,21,completed,f557d6f699ab0cc0b800f0bbb7a8f998074e162949b449789059de5fcf9ee499,B,baseline,True,iterations,True,12,"[0.5, 0.75, 1.0]",5,partial,1,16,5,4,0.5,3,1.4,False,concurrent,06d868f693a728ac1102e913d6ba675227fc8ef9ccd5c18031507f8350390552,,True,incomplete_service,Not all customers served
0.75,0.75,19,MPC_MCTS_H1,0,r112_21,R1,004d91650145be584ea6392f9bac9bef40e22a63e0f25f4e87e04fdbd2278b0c,100,21,5d2d688393ea73d7304b019a41e95c98d2c011a287aa79b62d31a9462396f3d0,0f7bfe3567e1c09510a8313e06c4bb38d3def13ead0ef913d08392b1f2fc427b,0,452,0,0,False,63,90,10,120,19.287052033857726,63,0,False,True,0,0.20554340002126992,7232,0.03586371583902898,0.8583333333333333,0.019541149958968163,6121,0.1117777199600823,0.9,0,0,300.80024689938733,23,1735.8346830471955,653.9135802160595,4.3036459006834775,1379.8288575520853,19,19,320,completed,f599d852eee7f546e41cf7963e51323d2ca8d05c18ec52a91c1ab1540f5812c7,B,baseline,True,iterations,True,12,"[0.5, 0.75, 1.0]",5,partial,1,16,1,4,0.5,3,1.4,False,concurrent,06d868f693a728ac1102e913d6ba675227fc8ef9ccd5c18031507f8350390552,,True,incomplete_service,Not all customers served
0.25,0.25,5,GREEDY,0,c208_21,C2,6238a471231c4a029781b0059d2394708f055df07192948a8e1e1f462a7ccbea,100,21,711258b6e16dd832319ba5a781e77cc16979b839c32bebf76d9b717a7cbd1531,0064d2b34e20900a5d6c569880db6bf20a40a8a517e7388cc4f3ef315f2b7e50,1,135,0,0,False,5,81,19,106,23.556276946580695,5,0,False,True,0,0.02012719993945211,0,0.0027581386834839884,0.9245283018867925,0.002105250023305416,0,0.0071798249846324325,0.81,0,0,3351.3944442311586,18,1908.0584326730364,1463.4910236817286,0.2923627004493028,4400.547123095805,0,5,31,completed,f5ef948672203f0b0d4298244b45856f93a26a34426f3112255d3cc2c183afef,B,baseline,True,iterations,True,12,"[0.5, 0.75, 1.0]",5,partial,1,16,5,4,0.5,3,1.4,False,concurrent,06d868f693a728ac1102e913d6ba675227fc8ef9ccd5c18031507f8350390552,,True,incomplete_service,Not all customers served
0.75,0.75,4,COORDINATED_MPC_MCTS,0,r201_21,R2,777cdc28fef020cd4df5ada1700f1a95d97eee53d26f5b26958b67cfd8cc51f2,100,21,a7a9d0da162b6556e18050cf8850d4508fc9c75572cd0fad769a8f8e9e43bc1b,544fe5b05546136f58744f3f2fb415c655e05c8d388cb7c1b19bfeb8f8fa3724,1,68,0,0,False,0,42,58,54,24.398160540466446,0,0,False,True,0,0.26100830000359565,1088,0.09061072593666958,3.7037037037037037,0.10550165001768619,932,0.1923406799964141,0.42,0,0,52.15018195047159,10,1024.7227426995908,325.9386371904474,4.892979200580157,2486.78290576824,4,4,12,completed,f651178ca790bda4ea91e3a402064b66997201e261524da48102951c1f05afd4,B,baseline,True,iterations,True,12,"[0.5, 0.75, 1.0]",5,partial,1,16,5,4,0.5,3,1.4,False,concurrent,06d868f693a728ac1102e913d6ba675227fc8ef9ccd5c18031507f8350390552,,True,incomplete_service,Not all customers served
0.5,0.5,5,COORDINATED_MPC_MCTS,0,c208_21,C2,6238a471231c4a029781b0059d2394708f055df07192948a8e1e1f462a7ccbea,100,21,711258b6e16dd832319ba5a781e77cc16979b839c32bebf76d9b717a7cbd1531,dd13850e5a4f0617eae79cd862fe9bb53d2688907365f5f526dec3b80f6ee63e,0,49,0,0,False,2,21,79,28,22.469619885571806,2,0,False,True,0,0.5975251999916509,784,0.09060575000226631,3.5,0.07150469993939623,637,0.16037488001747985,0.21,0,0,119.57966175328457,3,471.86201759700793,52.21819290536444,2.5369610000634566,14419.347909376445,5,5,20,completed,f66160223052342c71ce41e6c04f77d9b15a9b7b0cad5bf54012857686153b59,B,baseline,True,iterations,True,12,"[0.5, 0.75, 1.0]",5,partial,1,16,5,4,0.5,3,1.4,False,concurrent,06d868f693a728ac1102e913d6ba675227fc8ef9ccd5c18031507f8350390552,,True,incomplete_service,Not all customers served
0.75,0.75,20,COORDINATED_MPC_MCTS,0,r101_21,R1,0e5a3dffffbd3c516b528ef32ba1a488b817d2f151fc3e8c81023814de1c103a,100,21,eff55182b21377e4bea8207e9200f55561609fca70ed7b70d688aaf23af4b5ae,64768a0b362b4df90b9bbea7cd1b686f3faee5dad37567373fc99f20d46e982e,1,372,0,0,False,24,66,34,109,24.49676730279564,24,0,False,True,0,1.0068450999679044,5952,0.0644034467885322,2.5137614678899083,0.047845999943092465,4384,0.12193187996745095,0.66,0,0,297.0493186490244,32,1616.7866419845122,618.8527471854676,7.01997569995001,1923.9052985966662,20,20,254,completed,f8cd4ea2dac46463c929ebed222bc235f932f0fc23b92f7fc4684124704a7a80,B,baseline,True,iterations,True,12,"[0.5, 0.75, 1.0]",5,partial,1,16,5,4,0.5,3,1.4,False,concurrent,06d868f693a728ac1102e913d6ba675227fc8ef9ccd5c18031507f8350390552,,True,incomplete_service,Not all customers served
0.25,0.25,5,INDEPENDENT_MPC_MCTS,0,rc201_21,RC2,05de9a222789707ffcce07b31776e71b0ca87b7f72f5c0d115af11e39f2a2841,100,21,897b06b0a5232b4a55582c72c913db9299981a7e26d5f99ab9087c2a494b608a,8eb9a86c50f8b35f4859b78c97c81d7e7f84df5067b747c21a7bd71d8d264d14,0,43,0,0,False,2,35,65,39,31.408379660904107,2,0,False,True,0,0.5380386000033468,688,0.0763359589723106,3.4871794871794872,0.053227700060233474,666,0.16366973994299772,0.35,0,0,38.567495975563936,3,1099.2932881316437,275.482114111171,2.9771023999201134,3154.5837756969913,0,5,0,completed,f9e655064b1f063a3df3773891e566c02324b6390deea1df2bf211595f420958,B,baseline,True,iterations,True,12,"[0.5, 0.75, 1.0]",5,partial,1,16,5,4,0.5,3,1.4,False,concurrent,06d868f693a728ac1102e913d6ba675227fc8ef9ccd5c18031507f8350390552,,True,incomplete_service,Not all customers served
0.0,0.0,19,MPC_MCTS_H1,0,r112_21,R1,004d91650145be584ea6392f9bac9bef40e22a63e0f25f4e87e04fdbd2278b0c,100,21,5d2d688393ea73d7304b019a41e95c98d2c011a287aa79b62d31a9462396f3d0,8295d0410094b698bb1c54618d5ed257b69747a0049ce469534d1f76ea3c407e,1,448,0,0,False,68,79,21,96,16.90943076643302,68,0,False,True,0,0.22192139993421733,7168,0.04110984686606874,0.8229166666666666,0.020033299981150776,5680,0.1063812249340117,0.79,0,0,54.33181919339765,14,1335.8450305482086,118.11265042042967,3.946545299142599,2145.8100030433634,19,19,336,completed,fa44976db4e3a680283bf0ff07e057e9daa9075fc28e06b337cb4391d04990e5,B,baseline,True,iterations,True,12,"[0.5, 0.75, 1.0]",5,partial,1,16,1,4,0.5,3,1.4,False,concurrent,06d868f693a728ac1102e913d6ba675227fc8ef9ccd5c18031507f8350390552,,True,incomplete_service,Not all customers served
0.75,0.75,19,INDEPENDENT_MPC_MCTS,0,r112_21,R1,004d91650145be584ea6392f9bac9bef40e22a63e0f25f4e87e04fdbd2278b0c,100,21,5d2d688393ea73d7304b019a41e95c98d2c011a287aa79b62d31a9462396f3d0,0f7bfe3567e1c09510a8313e06c4bb38d3def13ead0ef913d08392b1f2fc427b,0,235,0,0,False,17,89,11,137,20.104535132141695,16,0,False,True,0,2.0468666999367997,3760,0.07551220145984043,2.81021897810219,0.03726200002711266,3132,0.1289891600375995,0.89,0,0,419.90604473545665,37,1789.303626760611,912.8392276857753,10.345171599998139,695.5150012895363,0,19,90,completed,fbebf00a755906d42982b64c3490f9a15ead00521780517cd31e23991902c195,B,baseline,True,iterations,True,12,"[0.5, 0.75, 1.0]",5,partial,1,16,5,4,0.5,3,1.4,False,concurrent,06d868f693a728ac1102e913d6ba675227fc8ef9ccd5c18031507f8350390552,,True,incomplete_service,Not all customers served
0.0,0.0,4,COORDINATED_MPC_MCTS,0,r201_21,R2,777cdc28fef020cd4df5ada1700f1a95d97eee53d26f5b26958b67cfd8cc51f2,100,21,a7a9d0da162b6556e18050cf8850d4508fc9c75572cd0fad769a8f8e9e43bc1b,ed73795d1145a4954691f8f7aebe47c7b33ff7ac8c3d36cb80005eb120ab7b23,1,67,0,0,False,1,44,56,54,19.436613843740375,1,0,False,True,0,0.4883597999578342,1072,0.09354667593423208,3.8703703703703702,0.0990705500007607,984,0.16400433498783965,0.44,0,0,21.991048920265275,7,855.2110091245764,137.44405575165797,5.051520500448532,2667.751522368151,4,4,12,completed,fc17c08c3a2b28968d0e9b76a36a06a94b78c7dd0be58eb9dd00f9fca8e2b9df,B,baseline,True,iterations,True,12,"[0.5, 0.75, 1.0]",5,partial,1,16,5,4,0.5,3,1.4,False,concurrent,06d868f693a728ac1102e913d6ba675227fc8ef9ccd5c18031507f8350390552,,True,incomplete_service,Not all customers served
0.5,0.5,4,COORDINATED_MPC_MCTS,0,rc208_21,RC2,848ac4428c45536e665596eb3031d4cf06747a109edbb2a5ab6498422157954d,100,21,bb62f751bd2f92a5591ef85431c7691fc4adc788ee2ff693b2b4e87903071c0a,c3840b8eb1ceda6b05ea4797b1f027de1fd0871c6a4db6c39c3347507094beff,1,101,0,0,False,1,66,34,86,20.072704114391158,1,0,False,True,0,0.4879192999796942,1616,0.11227843488653212,4.151162790697675,0.12188544997479767,1479,0.19217600001138635,0.66,0,0,128.69708082868652,16,1324.7984715498164,714.9837823815918,9.655945400241762,1725.5040312728238,4,4,15,completed,fd9a87426d30607fca575a9d25a723fac104e79c62a295c13e99d7a3a51e0356,B,baseline,True,iterations,True,12,"[0.5, 0.75, 1.0]",5,partial,1,16,5,4,0.5,3,1.4,False,concurrent,06d868f693a728ac1102e913d6ba675227fc8ef9ccd5c18031507f8350390552,,True,incomplete_service,Not all customers served
0.25,0.25,13,INDEPENDENT_MPC_MCTS,0,c101_21,C1,c5cda6ca63a7d518902cf4b02d98b4aa0f373aaa0658d5c666d1c46d38871cb9,100,21,18cb8c56a43219b437afb391f11d42a3c7d8056ed895f0cb721b15683964ccb8,b4dd210800af2327e50b1c367da8c45ffee39f9411da6f8ee1e27b60cb2c6d4a,0,141,0,0,False,9,63,37,98,24.30723768419038,7,0,False,True,0,1.391580699943006,2256,0.05522584183407681,2.7551020408163267,0.032085749960970134,1818,0.10469023495097643,0.63,0,0,2061.4736760641563,23,1531.355974103994,608.104329222465,5.412132499739528,5586.602840971194,0,13,42,completed,fdc00c6a5a5af32b0f1e7b0d0328de408b52228164c2b09af513fde61cec807d,B,baseline,True,iterations,True,12,"[0.5, 0.75, 1.0]",5,partial,1,16,5,4,0.5,3,1.4,False,concurrent,06d868f693a728ac1102e913d6ba675227fc8ef9ccd5c18031507f8350390552,,True,incomplete_service,Not all customers served
0.0,0.0,14,COORDINATED_MPC_MCTS,0,c109_21,C1,c139ad52f11e291a5e17b4aa03bc1f1d6ca704b7b2c1a1cec53489d1e749664f,100,21,0d2eb63aa77ae4820451c6700ab15c2313f31fb84696cb2d6ac992ec86825cd2,d47668d0890d164c18dce0cdbd17966417796d72cb54be4bdf0207aa6739f7f2,0,261,0,0,False,7,75,25,106,20.15208028089985,7,0,False,True,0,1.761872599949129,4176,0.09650865660536648,3.5754716981132075,0.07466694997856393,3420,0.16051684992271475,0.75,0,0,2243.7199073145503,24,1511.4060210674886,661.8642794438201,10.229917600168847,6291.197404296157,14,14,148,completed,fef16b3e94073ef081285e64a13a5ab4a5850e2889d43e8908896c2ad39eba55,B,baseline,True,iterations,True,12,"[0.5, 0.75, 1.0]",5,partial,1,16,5,4,0.5,3,1.4,False,concurrent,06d868f693a728ac1102e913d6ba675227fc8ef9ccd5c18031507f8350390552,,True,incomplete_service,Not all customers served
