DoD_realized,DoD_target,K,algorithm,algorithm_seed,instance,instance_family,instance_sha256,number_of_customers,number_of_stations,reference_schedule_identifier,scenario_identifier,scenario_seed,agent_replans,battery_violations,capacity_violations,complete_service,conflicts_resolved,customers_served,customers_unserved,decision_epochs,distance_per_served_customer,duplicate_customer_proposal_conflicts,duplicate_service_violations,feasible,final_return_feasibility,hidden_information_violations,maximum_planning_time,mcts_iterations,mean_planning_time,mean_unique_intention_coverage,median_planning_time,nodes_expanded,p95_planning_time,service_ratio,symmetry_reused_replans,time_window_violations,total_charging_time,total_charging_visits,total_distance,total_energy_charged,total_planning_time,total_waiting_time,vehicle_activations_caused_by_coordinator,vehicles_activated,wait_selected,status,run_id,study,ablation_factor,action_space_reduction,budget_mode,cache_transitions,candidate_limit,charge_fractions,charge_target_limit,charging_mode,control_horizon,iterations,prediction_horizon,station_candidate_limit,time_limit,top_l,uct_c,parallel_agents,execution_profile,source_sha256,distance_complete,structural_valid,failure_class,reason
0.5,0.5,20,INDEPENDENT_MPC_MCTS,0,rc105_21,RC1,134f0830c819643a01a986e2f08fac34137009f7ce97b8b7835ce0a526e7684d,100,21,2f0796e341401148d1db17bcf6b366064b21fc9dfc5c37e17a5b2809be9b4a52,7b44f83570842845e2fa52e38444208a414d7999e74d5aeeda5650cbde802f16,0,172,0,0,False,20,73,27,112,27.00569768016911,18,0,False,True,0,1.4478816000046209,2752,0.05199737678464901,2.5535714285714284,0.02899510005954653,2540,0.08508578001055864,0.73,0,0,296.74906974099457,27,1971.415930652345,780.9186045815648,5.823706199880689,949.319184109091,0,20,52,completed,0036250803ee083ae3978b73c281b015d10a96031b132d9d8eaa2239ca4c2e41,A,baseline,True,iterations,True,12,"[0.5, 0.75, 1.0]",5,partial,1,16,5,4,0.5,3,1.4,False,concurrent,06d868f693a728ac1102e913d6ba675227fc8ef9ccd5c18031507f8350390552,,True,incomplete_service,Not all customers served
0.5,0.5,14,COORDINATED_MPC_MCTS,0,c106_21,C1,a5d4900c49c4260b61cef00bba87f757da7001cc27f7dd978b2f924c5a013128,100,21,c7fac516758ae3dce7093bede5792b6225e852bb763b60d8a2b2f6b0d42cca54,33666c09bc68a5b176174f03a4cab304cfc0ccbfb851bca9815fc2f2adc15274,0,259,0,0,False,8,62,38,94,26.628914467456156,8,0,False,True,0,1.139441000064835,4144,0.07422001170678104,3.127659574468085,0.05926109995925799,3245,0.11252063998836087,0.62,0,0,2161.814270133687,28,1650.9926969822816,637.7033245232114,6.976681100437418,7555.161151578388,14,14,155,completed,031514118350e2d18646481198c8aa6d582906c258d2b25fa19388bce1e3486f,A,baseline,True,iterations,True,12,"[0.5, 0.75, 1.0]",5,partial,1,16,5,4,0.5,3,1.4,False,concurrent,06d868f693a728ac1102e913d6ba675227fc8ef9ccd5c18031507f8350390552,,True,incomplete_service,Not all customers served
0.5,0.5,5,MPC_MCTS_H1,0,rc201_21,RC2,05de9a222789707ffcce07b31776e71b0ca87b7f72f5c0d115af11e39f2a2841,100,21,897b06b0a5232b4a55582c72c913db9299981a7e26d5f99ab9087c2a494b608a,3111702a772029549ac38fd4867734ba646a0cf02b6e64b701af3f948a5afea7,0,50,0,0,False,5,29,71,33,27.274458489346905,5,0,False,True,0,0.062160099972970784,800,0.01882088787246947,0.8787878787878788,0.01615809998475015,668,0.038542300066910666,0.29,0,0,0.0,0,790.9592961910603,0.0,0.6210892997914925,3696.4073983902845,5,5,16,completed,034a8eaa136c6dc31cfbb772d696e38e26cbed87ad60a76237ec6673d3c5f27b,A,baseline,True,iterations,True,12,"[0.5, 0.75, 1.0]",5,partial,1,16,1,4,0.5,3,1.4,False,concurrent,06d868f693a728ac1102e913d6ba675227fc8ef9ccd5c18031507f8350390552,,True,incomplete_service,Not all customers served
0.5,0.5,18,GREEDY,0,r102_21,R1,dde63ad2ae1adcd741a3ebb5cec5b9d266ed4ec8893c3ec08a84bb2bb85afdfd,100,21,7d7c0f84111045ebbfbd03f861e566b64bc2f177c95d89c2fc7bed15216e92bc,1e9136a2e97e1c9dcaf4345c5741c3c9fa24df6d695f45c566ef6fdebacf9957,0,340,0,0,False,57,52,48,87,26.593861876126184,57,0,False,True,0,0.020079099922440946,0,0.003268399995740974,0.6781609195402298,0.002232500002719462,0,0.009098639979492886,0.52,0,0,200.09438618432864,13,1382.8808175585616,416.8633045506847,0.28435079962946475,2037.02479625711,0,18,257,completed,052bc306533f9c38491c3dc067e6e839ba09141464687089fdeeef5157da0060,A,baseline,True,iterations,True,12,"[0.5, 0.75, 1.0]",5,partial,1,16,5,4,0.5,3,1.4,False,concurrent,06d868f693a728ac1102e913d6ba675227fc8ef9ccd5c18031507f8350390552,,True,incomplete_service,Not all customers served
0.5,0.5,6,INDEPENDENT_MPC_MCTS,0,c207_21,C2,5497fec1e51e3068076fc7b5049e7261e4d05edbf023efad771bc64e3e6651d4,100,21,7e3cd4e4722560cad11a46676663e8c5cd6fe22d670289db0fc02d1cdcf06386,c135fedb6638e8cc9f9efafc692a06a07e8375102f6494c5dfd9a0f59b09bd53,0,29,0,0,False,2,20,80,24,22.46232229215841,2,0,False,True,0,0.46742090000770986,464,0.06549357082985807,3.375,0.051729600003454834,457,0.10945677497074935,0.2,0,0,224.1146730086555,3,449.2464458431682,97.8666694360941,1.5718456999165937,15019.754610657108,0,6,0,completed,05f411da5f73fe17ac502b18df18d9fb0981a9df133cd3441ddfc690397bf53a,A,baseline,True,iterations,True,12,"[0.5, 0.75, 1.0]",5,partial,1,16,5,4,0.5,3,1.4,False,concurrent,06d868f693a728ac1102e913d6ba675227fc8ef9ccd5c18031507f8350390552,,True,incomplete_service,Not all customers served
0.5,0.5,4,COORDINATED_MPC_MCTS,0,r210_21,R2,0c17062cb1c84513442ae7e3e36f0e462414ef2942c285d4c508b831a1bfe352,100,21,d4737b3f8350e4db3f7513b9709dd6d7e1605c8ceb467bb50c4978b91328878e,969edfdfe8c907592d04ac07880942047f085d44273c447b70cd2fd11de8fee1,0,81,0,0,False,0,60,40,72,16.134956175792997,0,0,False,True,0,0.34041269996669143,1296,0.0942483666601927,4.236111111111111,0.10583125002449378,1189,0.17075898999464703,0.6,0,0,72.206696497726,10,968.0973705475799,451.2918531107875,6.785882399533875,2344.3761876231893,4,4,7,completed,0650a45f7cedfe701761119408d8c207559aa1087fd708e8b6683f3f06395c73,A,baseline,True,iterations,True,12,"[0.5, 0.75, 1.0]",5,partial,1,16,5,4,0.5,3,1.4,False,concurrent,06d868f693a728ac1102e913d6ba675227fc8ef9ccd5c18031507f8350390552,,True,incomplete_service,Not all customers served
0.5,0.5,15,INDEPENDENT_MPC_MCTS,0,c108_21,C1,00189c44d787f8b25948d49c96c05a9947f4bbec6ce34744abcc276fa326f000,100,21,64b462ef747967e2904dc547ef5ce2ddf35b2a418495b961e0eb7f81ead0dfa6,c19e71c21e1b9448c6b676e9fd6c9b8a6be0d1d94f75f7eebf9f37d136c0934a,0,200,0,0,False,13,73,27,109,21.716684541575706,10,0,False,True,0,1.5571894999593496,3200,0.06608704311469861,3.0091743119266057,0.04154729994479567,2800,0.11082164002582424,0.73,0,0,1640.22058682549,23,1585.3179715350266,483.84088106946604,7.203487699502148,6282.924248489179,0,15,89,completed,071afcbe37d3645dfb96ccc834f9c84cf1cad1a12a8cd4002bc171acca6a2fa7,A,baseline,True,iterations,True,12,"[0.5, 0.75, 1.0]",5,partial,1,16,5,4,0.5,3,1.4,False,concurrent,06d868f693a728ac1102e913d6ba675227fc8ef9ccd5c18031507f8350390552,,True,incomplete_service,Not all customers served
0.5,0.5,3,MPC_MCTS_H1,0,r207_21,R2,c8a1d5e6977912971c72ea7371a98c9db52a60456275bedbc315a6cf8660fec7,100,21,6550c7246691c71bcc7c3087a1b3af28eccde178dd30940fb181bcc16281da76,2dc246b4c2f051d796adbb8dcfb0353c9a770035dc14e2def5bc5a127ae97465,0,60,0,0,False,2,56,44,58,10.2002326386454,2,0,False,True,0,0.06361379998270422,960,0.014744893103789795,0.9655172413793104,0.013955599919427186,894,0.01950599501142278,0.56,0,0,0.0,0,571.2130277641423,0.0,0.8552038000198081,1858.8923553245643,3,3,1,completed,07d786316b65f1cdf52dd2235175495de588744b32a1384f1ebbd5f82ce1cc45,A,baseline,True,iterations,True,12,"[0.5, 0.75, 1.0]",5,partial,1,16,1,4,0.5,3,1.4,False,concurrent,06d868f693a728ac1102e913d6ba675227fc8ef9ccd5c18031507f8350390552,,True,incomplete_service,Not all customers served
0.46,0.5,15,COORDINATED_MPC_MCTS,0,r107_21,R1,5d697635eeb16c0747a102d8e507d247180ad407691ff1cdf28c10ed435ca5cd,100,21,9700e95c7f96ae7514383daaa43c18b01a5953ccb6a027488a66e5d872b77c49,99129e7ef900c88a73a618c8040c262748cd02586827b576193899b4ea9db7bf,0,268,0,0,False,10,83,17,117,18.331627873922038,10,0,False,True,0,2.1035398000385612,4288,0.08120831794654712,3.128205128205128,0.04727780004031956,3361,0.14180872002616482,0.83,0,0,354.87435489686465,28,1521.525113535529,788.609677548588,9.501373199746013,655.8517124047096,15,15,142,completed,086bc5921d7c05c4d1a5b9afe864eb7ccaf4a524fcf986bb9553b908b8bf6b2c,A,baseline,True,iterations,True,12,"[0.5, 0.75, 1.0]",5,partial,1,16,5,4,0.5,3,1.4,False,concurrent,06d868f693a728ac1102e913d6ba675227fc8ef9ccd5c18031507f8350390552,,True,incomplete_service,Not all customers served
0.5,0.5,18,MPC_MCTS_H1,0,r105_21,R1,e1af01644f1c12eb806238f6ecb363132ca46db2179c544eb61342b3c4b41665,100,21,34d53a851346335ea2cac4ececa1af06be724379047adfbe6640d1e845f7f1e4,70efb4e7ed9a1274700a6d7ca9ac33a1dc8a23a7ad27007258b82b11144147ab,0,368,0,0,False,57,43,57,62,19.719792213870008,57,0,False,True,0,0.15117189998272806,5888,0.04351064838438986,0.7580645161290323,0.03081665001809597,4410,0.10258021494955752,0.43,0,0,56.70027834225396,8,847.9510651964104,118.12557987969575,2.697660199832171,2729.2581738912218,18,18,299,completed,0aaef0b7b2ec5dd92cb4aa5ea23b5045765483297c6d1444ffcbb4e565478c76,A,baseline,True,iterations,True,12,"[0.5, 0.75, 1.0]",5,partial,1,16,1,4,0.5,3,1.4,False,concurrent,06d868f693a728ac1102e913d6ba675227fc8ef9ccd5c18031507f8350390552,,True,incomplete_service,Not all customers served
0.5,0.5,4,GREEDY,0,r205_21,R2,2769db71fea903b3fa3e4dbb13f24f1e42c4ccd207bd72fb8f7d5e87c70ad296,100,21,9c1d07ccacccc18ff94c19d7e2da475b31f6116a9a346dc161c559e377085545,7bad49d5aa6775832c41beb40fc63c271f5fbc1eeffbd5c32c0ac3cc5751f1c6,0,78,0,0,False,3,57,43,72,32.234951921729845,3,0,False,True,0,0.007795399986207485,0,0.0021561847259161165,0.9027777777777778,0.001993499987293035,0,0.00555545506067575,0.57,0,0,207.91139763807283,9,1837.3922595386011,1386.075984253819,0.1552453002659604,1384.6963428233253,0,4,8,completed,0b7be37b12b9c9b1f68fc3f38e29d238b1fbb51bdc12c33f5c74bab92e02763f,A,baseline,True,iterations,True,12,"[0.5, 0.75, 1.0]",5,partial,1,16,5,4,0.5,3,1.4,False,concurrent,06d868f693a728ac1102e913d6ba675227fc8ef9ccd5c18031507f8350390552,,True,incomplete_service,Not all customers served
0.23,0.5,15,INDEPENDENT_MPC_MCTS,0,r104_21,R1,1489accc1e713d3677c859d4c2c0280feafb50fd687bc72575f8c8ab7e116d72,100,21,ed175200f80ee7479fd3b3e7b6d5e65da85f170bd64d4caf9924626ff0b1dd8e,2385b0f87f40fa8010340f611c52ab16c6690a789802ce92ca20158dc356d01f,0,213,0,0,False,13,86,14,129,19.312260052197555,12,0,False,True,0,1.817377100000158,3408,0.06305058139860052,2.937984496124031,0.03198770002927631,2771,0.12686914000660177,0.86,0,0,336.78301214020206,33,1660.8543644889899,748.4066936448934,8.133525000419468,359.04101756545066,0,15,79,completed,0e3ddc0a0249c13678e370fe86e34ac70c3a49af50adeb26c09d84a67b8ad3e5,A,baseline,True,iterations,True,12,"[0.5, 0.75, 1.0]",5,partial,1,16,5,4,0.5,3,1.4,False,concurrent,06d868f693a728ac1102e913d6ba675227fc8ef9ccd5c18031507f8350390552,,True,incomplete_service,Not all customers served
0.49,0.5,15,INDEPENDENT_MPC_MCTS,0,r103_21,R1,818ec604cf330f06b383aa0913fef1d0d0e21e8d16acd2a39a11602b076add0b,100,21,65d622a16c02516e89b39c43adaee3579a46a8fe68f751a235ed564cfc8d5d07,3afaedabfb57e943f4a7eea08845a082f2f1637739c30331f631b99961e988bc,0,246,0,0,False,11,80,20,120,18.209005140945855,10,0,False,True,0,1.9704094999469817,3936,0.06500145499788536,2.7333333333333334,0.03363484999863431,3139,0.1119886299886275,0.8,0,0,310.6297429797925,31,1456.7204112756683,647.1452978745679,7.800174599746242,678.4171809953682,0,15,120,completed,0ee2cf8996f99cd3cbe37ea4ca80504234744ccd92c770559dbd050e67b3da67,A,baseline,True,iterations,True,12,"[0.5, 0.75, 1.0]",5,partial,1,16,5,4,0.5,3,1.4,False,concurrent,06d868f693a728ac1102e913d6ba675227fc8ef9ccd5c18031507f8350390552,,True,incomplete_service,Not all customers served
0.5,0.5,19,GREEDY,0,r112_21,R1,004d91650145be584ea6392f9bac9bef40e22a63e0f25f4e87e04fdbd2278b0c,100,21,5d2d688393ea73d7304b019a41e95c98d2c011a287aa79b62d31a9462396f3d0,f9720c646dd2848678be055d2f9c15a146d45ca197b2a30855c47a35ff7e9991,0,279,0,0,False,63,78,22,129,29.365283528327954,63,0,False,True,0,0.02323610009625554,0,0.00241818914980476,0.751937984496124,0.001615899964235723,0,0.0064877599710598515,0.78,0,0,554.2084930603077,28,2290.4921152095803,1204.801071870234,0.311946400324814,745.2993917301119,0,19,154,completed,112c883724190fe4e8137167313b4d2e85a4e5e1a1212427decc6e04781d3a40,A,baseline,True,iterations,True,12,"[0.5, 0.75, 1.0]",5,partial,1,16,5,4,0.5,3,1.4,False,concurrent,06d868f693a728ac1102e913d6ba675227fc8ef9ccd5c18031507f8350390552,,True,incomplete_service,Not all customers served
0.5,0.5,19,COORDINATED_MPC_MCTS,0,rc106_21,RC1,2f695d8c85a5c7b61447436690564c4aa4bf1748e93fc199d12628b109e58410,100,21,f84d96b2c70331805ca867e60652a328ca3360067013ee7180865e302ada73e4,a396df2a999027de91f9d9f2e6c35849a4bd36d1fc7cbd8fab9b442a380bed33,0,360,0,0,False,17,75,25,111,27.65054990619175,17,0,False,True,0,1.6043696000706404,5760,0.07475005404872669,3.063063063063063,0.04860360000748187,4262,0.1333126500248909,0.75,0,0,361.1632147784229,32,2073.791242964381,950.4295125747972,8.297255999408662,1228.8340239753827,19,19,234,completed,1285a66687153fb855d47c9675de89b80a1ab57e3974106cf09e9d46d3b982b0,A,baseline,True,iterations,True,12,"[0.5, 0.75, 1.0]",5,partial,1,16,5,4,0.5,3,1.4,False,concurrent,06d868f693a728ac1102e913d6ba675227fc8ef9ccd5c18031507f8350390552,,True,incomplete_service,Not all customers served
0.5,0.5,6,GREEDY,0,c207_21,C2,5497fec1e51e3068076fc7b5049e7261e4d05edbf023efad771bc64e3e6651d4,100,21,7e3cd4e4722560cad11a46676663e8c5cd6fe22d670289db0fc02d1cdcf06386,c135fedb6638e8cc9f9efafc692a06a07e8375102f6494c5dfd9a0f59b09bd53,0,93,0,0,False,7,41,59,56,23.6572000477882,7,0,False,True,0,0.00883940001949668,0,0.0019013714357112934,0.8571428571428571,0.001512999995611608,0,0.004900700005237013,0.41,0,0,1606.5650454207657,7,969.9452019593163,701.5567883933475,0.10647680039983243,14073.48975261992,0,6,39,completed,132db6dd3760d1005b4a57d648b5a41d0c2f0a26f28d3a7dfa53fe36748212cd,A,baseline,True,iterations,True,12,"[0.5, 0.75, 1.0]",5,partial,1,16,5,4,0.5,3,1.4,False,concurrent,06d868f693a728ac1102e913d6ba675227fc8ef9ccd5c18031507f8350390552,,True,incomplete_service,Not all customers served
0.5,0.5,3,COORDINATED_MPC_MCTS,0,r202_21,R2,d00cf7641d0077492d698a553888f9eb761c39ce58e6cdbe52f3065ea2664913,100,21,772e958316d91724464af2124eaef1daecef0e99c426cc876c5405c912d853dd,8fc9a9559cc48adfd3c65a7b018f464776e2ba5ad0037e972822e0e8975224e3,0,60,0,0,False,1,49,51,55,15.495565506777327,1,0,False,True,0,0.3000880000181496,960,0.08997467635622756,4.181818181818182,0.09929959999863058,881,0.16686376995639873,0.49,0,0,38.10072279908133,4,759.282709832089,293.0824830698564,4.948607199592516,1683.0728455818708,3,3,4,completed,13b7ba3664b3ca497667ef1f13703a9138de83490161f218da1b59e1b02dde8d,A,baseline,True,iterations,True,12,"[0.5, 0.75, 1.0]",5,partial,1,16,5,4,0.5,3,1.4,False,concurrent,06d868f693a728ac1102e913d6ba675227fc8ef9ccd5c18031507f8350390552,,True,incomplete_service,Not all customers served
0.24,0.5,3,INDEPENDENT_MPC_MCTS,0,r208_21,R2,059d15a56869460ab3b9f10314d49bd9e67897226500af852094ef785aa0b81b,100,21,6c11f53fff7eafb9a0d6caa5a4c9206fc0081bfabbd5250b3215a39fc25fde00,b451fb172d6bc95833f19c7a0d7d2d0490a2dbf98fe34969bc4d10ada5e648f0,0,131,0,0,False,0,88,12,123,14.575254449583191,0,0,False,True,0,0.3671009000390768,2096,0.09420250894263296,4.40650406504065,0.10063540004193783,1967,0.16951219000620762,0.88,0,0,109.67458472631427,32,1282.622391563321,783.3898909022447,11.586908599943854,719.8487566547169,0,3,8,completed,1598417821d47574500e682e96dc299636213fcdbdfd2fb9b903f092a697fcc4,A,baseline,True,iterations,True,12,"[0.5, 0.75, 1.0]",5,partial,1,16,5,4,0.5,3,1.4,False,concurrent,06d868f693a728ac1102e913d6ba675227fc8ef9ccd5c18031507f8350390552,,True,incomplete_service,Not all customers served
0.5,0.5,4,INDEPENDENT_MPC_MCTS,0,r206_21,R2,0f91dfe490289e1024c58a484c644645312279512619cf68832fa335c98ab5ce,100,21,a465a2e6be086eb9c600826cff3e0f0ea6314b645e1d2fd870788d44cd8a605d,11a45eecf3bb27e12da50358eb7a7e2c56967081dfb44cd6245b30dfb2742c76,0,84,0,0,False,1,64,36,81,15.526248683023613,1,0,False,True,0,0.5147890999214724,1344,0.09992282097888995,4.432098765432099,0.10794140002690256,1333,0.1755107999779284,0.64,0,0,78.46862161869454,16,993.6799157135113,461.58012716879136,8.093748499290086,2099.6735693729556,0,4,0,completed,18f0d323732111a861251b521d32e25f2d7513a14d4df1638f3a841143656dec,A,baseline,True,iterations,True,12,"[0.5, 0.75, 1.0]",5,partial,1,16,5,4,0.5,3,1.4,False,concurrent,06d868f693a728ac1102e913d6ba675227fc8ef9ccd5c18031507f8350390552,,True,incomplete_service,Not all customers served
0.5,0.5,5,GREEDY,0,c206_21,C2,ac0871bbee80d3df5e9c8fa8634b0cd26ed0af7f4fb52e090f548d313a0f7744,100,21,e7b309454c5f1b6caac7f1d5d48abea7e34e4e648601759173064ff091f0bd8f,938ef0b668f20a1acb59b05c08888792f986fcc7295ce1d259256ee79f51cb2f,0,68,0,0,False,5,28,72,40,30.023422724452217,5,0,False,True,0,0.009127700002864003,0,0.0020082274917513133,0.8,0.0016195499920286238,0,0.0041503549611661555,0.28,0,0,877.0960825577067,5,840.6558362846621,383.0113897631907,0.08032909967005253,12712.24808115763,0,5,30,completed,1cbc6c192fa4df97c68c37f99709ea216184221e89ee6af76fa51ec02c931ec7,A,baseline,True,iterations,True,12,"[0.5, 0.75, 1.0]",5,partial,1,16,5,4,0.5,3,1.4,False,concurrent,06d868f693a728ac1102e913d6ba675227fc8ef9ccd5c18031507f8350390552,,True,incomplete_service,Not all customers served
0.48,0.5,3,INDEPENDENT_MPC_MCTS,0,r203_21,R2,0f5bacb4f87f16261b4c8737e252e29dbb4793043442a2c986c2230801e4b880,100,21,030407b31043a45d49f59e803cea6948efae8eed6e5105a10ae7e1464db10a76,da9b4c7e26649fc954e23a266fc50ee5f166858bcba9bc714b6685b036262fd5,0,78,0,0,False,0,59,41,76,13.976034989894707,0,0,False,True,0,0.4041165999369696,1248,0.09769379211081143,4.276315789473684,0.112963649968151,1195,0.17451224999967963,0.59,0,0,72.49025992932938,16,824.5860644037878,453.06412455830866,7.424728200421669,1492.0107624953894,0,3,0,completed,1d01215149be10bed1a6053110d14b9b060e0d1f92e860dbbd6debb025ea88aa,A,baseline,True,iterations,True,12,"[0.5, 0.75, 1.0]",5,partial,1,16,5,4,0.5,3,1.4,False,concurrent,06d868f693a728ac1102e913d6ba675227fc8ef9ccd5c18031507f8350390552,,True,incomplete_service,Not all customers served
0.22,0.5,16,COORDINATED_MPC_MCTS,0,rc104_21,RC1,09b795b522387813ece99cd898ac3b43749173a1ff8c78c3cb6915fc17be19e3,100,21,36a38d372390d921fdc5f7dfd4bb389ead29fa202f615cca9716c2bb3e0ecb34,d59bf7c59b1196de9c27eb1587d3c5917d66cc8e2595e96846c29fe25ece4bf4,0,312,0,0,False,16,79,21,121,24.07851243108565,16,0,False,True,0,2.252112500020303,4992,0.09012742975268759,2.8677685950413223,0.05059949995484203,3952,0.15628969995304942,0.79,0,0,349.1069060675323,30,1902.2024820557663,918.702384388243,10.905419000075199,648.5269513671645,16,16,187,completed,1d4c7c53d31247e47931a6c6a351b48fc9bca8de68a3a41faf9b4bcda0354640,A,baseline,True,iterations,True,12,"[0.5, 0.75, 1.0]",5,partial,1,16,5,4,0.5,3,1.4,False,concurrent,06d868f693a728ac1102e913d6ba675227fc8ef9ccd5c18031507f8350390552,,True,incomplete_service,Not all customers served
0.5,0.5,17,INDEPENDENT_MPC_MCTS,0,r106_21,R1,c4429fe6cc8b839d155ab8d18e6e2aa1ebc4dc45e303a64bd0047e450ebb6050,100,21,f0aa72513eb20346942410320d1ed660344ab77d7475a01e79241c5df05db582,a40345d87c4285c81a5925499597055fb902585d7f45a7b233961a1a5ab147d4,0,214,0,0,False,16,74,26,116,20.925139596312427,13,0,False,True,0,1.6049834999721497,3424,0.05649209137231208,2.560344827586207,0.028233449964318424,2751,0.11912857502466068,0.74,0,0,281.1338082614816,28,1548.4603301271195,585.6954338780866,6.553082599188201,913.8003256063696,0,17,95,completed,1f3857f189d50d790b825ba20c551b43d03bdd5967d9ce5d7c13573a4f4f01d7,A,baseline,True,iterations,True,12,"[0.5, 0.75, 1.0]",5,partial,1,16,5,4,0.5,3,1.4,False,concurrent,06d868f693a728ac1102e913d6ba675227fc8ef9ccd5c18031507f8350390552,,True,incomplete_service,Not all customers served
0.46,0.5,16,INDEPENDENT_MPC_MCTS,0,rc103_21,RC1,37210a2a97e506806853ba15a82148c51b597f73a15dced2eb7abf7443d28be2,100,21,bb80f11635f579dea262d918073f619c1f56d7b1cc4ea5b22865805e495c6160,ef3fc2e62113de0cdefc1bb980556367eb1f1cd6d84827fc99524d9da9aaaef3,0,243,0,0,False,11,81,19,125,24.733693721971992,11,0,False,True,0,2.034468299942091,3888,0.06296058960352093,2.648,0.029930099961347878,2977,0.1031605599913746,0.81,0,0,326.12444444916076,31,2003.4291914797313,858.2222222346336,7.870073700440116,429.539473683901,0,16,115,completed,1f487b22f2a9a985c8eb91f244db328748ac56831a5a008ac9e3bf54eeb4c814,A,baseline,True,iterations,True,12,"[0.5, 0.75, 1.0]",5,partial,1,16,5,4,0.5,3,1.4,False,concurrent,06d868f693a728ac1102e913d6ba675227fc8ef9ccd5c18031507f8350390552,,True,incomplete_service,Not all customers served
0.5,0.5,21,MPC_MCTS_H1,0,rc101_21,RC1,272a3e58d53d4ba9516f01506164cf8a9b98bfeeb8dbd1fd62f6557e4c98e3a1,100,21,f4b729450b2911296fb332aa2b29aacf3be08754cc2c811f83ebe8617dc4124b,4208fd31438639b8f67328ae68f1c1d5b20c3c87949003fe710e9a91367b453d,0,453,0,0,False,78,57,43,77,26.519341577986232,78,0,False,True,0,0.16492210002616048,7248,0.03537531817851999,0.7532467532467533,0.02417839993722737,5345,0.10716267994139349,0.57,0,0,82.46845142874187,12,1511.6024699452153,217.02224060195226,2.7238994997460395,2824.5790632169283,21,21,363,completed,21d95e0e7b64828b191cbb8a0e9ae544f2d974f2ec78dad5b136d0079065fb91,A,baseline,True,iterations,True,12,"[0.5, 0.75, 1.0]",5,partial,1,16,1,4,0.5,3,1.4,False,concurrent,06d868f693a728ac1102e913d6ba675227fc8ef9ccd5c18031507f8350390552,,True,incomplete_service,Not all customers served
0.5,0.5,20,MPC_MCTS_H1,0,r101_21,R1,0e5a3dffffbd3c516b528ef32ba1a488b817d2f151fc3e8c81023814de1c103a,100,21,eff55182b21377e4bea8207e9200f55561609fca70ed7b70d688aaf23af4b5ae,89afc6a13ace161299c804b89b155cfbb0ef27b628207f852fa9b81f88148862,0,353,0,0,False,75,44,56,62,21.480341522560966,75,0,False,True,0,0.13960560003761202,5648,0.03262659032348423,0.7419354838709677,0.021751049964223057,4182,0.0878198400139808,0.44,0,0,17.290014096023658,5,945.1350269926826,36.02086270004929,2.0228486000560224,3089.267460022287,20,20,284,completed,230fed9e7d669b38244ffd908fe84cfab8ba9afb3badedc88dea01f96b66ff70,A,baseline,True,iterations,True,12,"[0.5, 0.75, 1.0]",5,partial,1,16,1,4,0.5,3,1.4,False,concurrent,06d868f693a728ac1102e913d6ba675227fc8ef9ccd5c18031507f8350390552,,True,incomplete_service,Not all customers served
0.5,0.5,18,MPC_MCTS_H1,0,r102_21,R1,dde63ad2ae1adcd741a3ebb5cec5b9d266ed4ec8893c3ec08a84bb2bb85afdfd,100,21,7d7c0f84111045ebbfbd03f861e566b64bc2f177c95d89c2fc7bed15216e92bc,1e9136a2e97e1c9dcaf4345c5741c3c9fa24df6d695f45c566ef6fdebacf9957,0,322,0,0,False,57,52,48,73,20.2264312394459,57,0,False,True,0,0.1485665999352932,5152,0.03301171232684681,0.7808219178082192,0.023855899926275015,3687,0.0927274800138546,0.52,0,0,51.19565700570768,11,1051.7744244511869,106.65761876189102,2.4098549998598173,2425.6371138979175,18,18,241,completed,2463d38d61cdfacb0741ab96e2ea06b547552e2b48ab31b35a7bad662e4446de,A,baseline,True,iterations,True,12,"[0.5, 0.75, 1.0]",5,partial,1,16,1,4,0.5,3,1.4,False,concurrent,06d868f693a728ac1102e913d6ba675227fc8ef9ccd5c18031507f8350390552,,True,incomplete_service,Not all customers served
0.5,0.5,4,GREEDY,0,rc208_21,RC2,848ac4428c45536e665596eb3031d4cf06747a109edbb2a5ab6498422157954d,100,21,bb62f751bd2f92a5591ef85431c7691fc4adc788ee2ff693b2b4e87903071c0a,8f25e277b285481ad0b29ab0591d4df1c15cc6d3384df60643a72bd985190993,0,68,0,0,False,3,49,51,65,34.97727934010543,3,0,False,True,0,0.01843089994508773,0,0.002780650771008088,0.9076923076923077,0.0019518999615684152,0,0.008180520031601187,0.49,0,0,213.3269227712773,10,1713.8866876651662,1185.1495709515407,0.18074230011552572,1422.786389563555,0,4,5,completed,27376c7186e0d22dd8a1cc140e9ce656e554a44fa2758de9d966e959fb4253b6,A,baseline,True,iterations,True,12,"[0.5, 0.75, 1.0]",5,partial,1,16,5,4,0.5,3,1.4,False,concurrent,06d868f693a728ac1102e913d6ba675227fc8ef9ccd5c18031507f8350390552,,True,incomplete_service,Not all customers served
0.24,0.5,3,GREEDY,0,r208_21,R2,059d15a56869460ab3b9f10314d49bd9e67897226500af852094ef785aa0b81b,100,21,6c11f53fff7eafb9a0d6caa5a4c9206fc0081bfabbd5250b3215a39fc25fde00,b451fb172d6bc95833f19c7a0d7d2d0490a2dbf98fe34969bc4d10ada5e648f0,0,48,0,0,False,2,36,64,46,39.563006942331235,2,0,False,True,0,0.00869539997074753,0,0.0024448717342001264,0.9130434782608695,0.001952350023202598,0,0.006116174976341426,0.36,0,0,150.21084069258305,6,1424.2682499239245,1072.9345763755932,0.11246409977320582,1065.5209093834928,0,3,3,completed,285439adb51de5949b869c049666a56dd06581f4a1c44529c59714a428ebf5f4,A,baseline,True,iterations,True,12,"[0.5, 0.75, 1.0]",5,partial,1,16,5,4,0.5,3,1.4,False,concurrent,06d868f693a728ac1102e913d6ba675227fc8ef9ccd5c18031507f8350390552,,True,incomplete_service,Not all customers served
0.5,0.5,4,INDEPENDENT_MPC_MCTS,0,r201_21,R2,777cdc28fef020cd4df5ada1700f1a95d97eee53d26f5b26958b67cfd8cc51f2,100,21,a7a9d0da162b6556e18050cf8850d4508fc9c75572cd0fad769a8f8e9e43bc1b,86283904b0ad6c920ca8396f492194ad73646d92604f538ac8bc665d1e64e746,0,65,0,0,False,1,48,52,62,21.53962611578365,1,0,False,True,0,0.48198379995301366,1040,0.08354908871021302,4.032258064516129,0.09029970003757626,1020,0.16803716995054843,0.48,0,0,90.51270267488603,13,1033.9020535576153,565.7043917180376,5.180043500033207,2271.122921437212,0,4,0,completed,28c2182ac05ecd69945acc028c1a1b2296cbec254de9645cfae202db525a684a,A,baseline,True,iterations,True,12,"[0.5, 0.75, 1.0]",5,partial,1,16,5,4,0.5,3,1.4,False,concurrent,06d868f693a728ac1102e913d6ba675227fc8ef9ccd5c18031507f8350390552,,True,incomplete_service,Not all customers served
0.5,0.5,18,COORDINATED_MPC_MCTS,0,rc108_21,RC1,e0bbd077f766d20a9e4c89f20604194bd7854b957653654cc6daa8fc729da355,100,21,1333cad9230e74ac53b5ae0fe8dcbb5fc0c14a6a9f561abf1324c241738de4cc,f06925037622c36d6ce86689e326fd0209dc6a45ea5aba1420c90684a8e61222,0,367,0,0,False,16,80,20,117,23.772951617428156,16,0,False,True,0,1.9471242000581697,5872,0.08985419487520957,3.1880341880341883,0.057051299954764545,4604,0.1474411600036546,0.8,0,0,339.22999649509785,28,1901.8361293942526,892.7105170923627,10.51294080039952,1024.3276420739933,18,18,241,completed,28dc8803d1d51d08662c83c66faa09bbf5c12895111d643ea805a996e6405fe1,A,baseline,True,iterations,True,12,"[0.5, 0.75, 1.0]",5,partial,1,16,5,4,0.5,3,1.4,False,concurrent,06d868f693a728ac1102e913d6ba675227fc8ef9ccd5c18031507f8350390552,,True,incomplete_service,Not all customers served
0.24,0.5,4,INDEPENDENT_MPC_MCTS,0,rc204_21,RC2,947224b4eaa54dab358f0ad7e598ad6b570889aff3c560ec829cff57800b7625,100,21,38e2ac12c33f773bfbc0fc1437fb99179d860ebe4d333725b866d553cf6aef8c,1aeb4341260f332e58b1c5ae43dcaa0a2c829aad932a2c189ecc6c955dae28f2,0,112,0,0,False,1,77,23,105,17.83354378836715,1,0,False,True,0,0.4729714000131935,1792,0.08725835999717847,4.161904761904762,0.09752519999165088,1651,0.16080110000912098,0.77,0,0,146.56457908972757,26,1373.1828717042706,771.392521524882,9.16212779970374,1506.117021807608,0,4,5,completed,29146406cd0726cd10957e0d1aace1fd83c46b516d30f788c4b14fc21eeef6fb,A,baseline,True,iterations,True,12,"[0.5, 0.75, 1.0]",5,partial,1,16,5,4,0.5,3,1.4,False,concurrent,06d868f693a728ac1102e913d6ba675227fc8ef9ccd5c18031507f8350390552,,True,incomplete_service,Not all customers served
0.5,0.5,4,GREEDY,0,r210_21,R2,0c17062cb1c84513442ae7e3e36f0e462414ef2942c285d4c508b831a1bfe352,100,21,d4737b3f8350e4db3f7513b9709dd6d7e1605c8ceb467bb50c4978b91328878e,969edfdfe8c907592d04ac07880942047f085d44273c447b70cd2fd11de8fee1,0,47,0,0,False,3,33,67,44,36.159424330404114,3,0,False,True,0,0.010869399993680418,0,0.002318286360770633,0.8636363636363636,0.0018893499509431422,0,0.005772364954464137,0.33,0,0,110.1393453662383,5,1193.2610029033358,688.3709085389894,0.10200459987390786,2366.599651730425,0,4,5,completed,29cabb63999a58ad4907ed79ac275fd9b0d704a42b14ccb995c0dd495389a195,A,baseline,True,iterations,True,12,"[0.5, 0.75, 1.0]",5,partial,1,16,5,4,0.5,3,1.4,False,concurrent,06d868f693a728ac1102e913d6ba675227fc8ef9ccd5c18031507f8350390552,,True,incomplete_service,Not all customers served
0.24,0.5,3,MPC_MCTS_H1,0,r208_21,R2,059d15a56869460ab3b9f10314d49bd9e67897226500af852094ef785aa0b81b,100,21,6c11f53fff7eafb9a0d6caa5a4c9206fc0081bfabbd5250b3215a39fc25fde00,b451fb172d6bc95833f19c7a0d7d2d0490a2dbf98fe34969bc4d10ada5e648f0,0,95,0,0,False,2,85,15,92,9.5829627451249,2,0,False,True,0,0.057134600006975234,1520,0.015389945655403173,0.967391304347826,0.014123300032224506,1436,0.024002105020917968,0.85,0,0,46.829694740428806,5,814.5518333356166,334.4978195744915,1.415875000297092,1285.7062224454603,3,3,2,completed,2a1e3c6b159b56f6af9301d321334f991053767ca10e7f0953b4f8e959f67e08,A,baseline,True,iterations,True,12,"[0.5, 0.75, 1.0]",5,partial,1,16,1,4,0.5,3,1.4,False,concurrent,06d868f693a728ac1102e913d6ba675227fc8ef9ccd5c18031507f8350390552,,True,incomplete_service,Not all customers served
0.5,0.5,17,INDEPENDENT_MPC_MCTS,0,r111_21,R1,19de756dae96333fb5c0533b056585371305c79aa2a65908cb9b3a0db9e97b21,100,21,0d78a4e457b3f0b6e92f6d00205cd6edbc9e2f99ac0903f5ad08bf50035f07c4,e141a5adeaa6b49ef65b326ec403c4006c8e14de001a0bf69125cd702586c312,0,184,0,0,False,9,70,30,104,21.010414765523816,8,0,False,True,0,1.430832999991253,2944,0.05201396730934413,2.6153846153846154,0.02062014996772632,2350,0.12575477000209487,0.7,0,0,254.9642873332593,25,1470.7290335866671,554.2701898549115,5.4094526001717895,1044.0164993108679,0,17,72,completed,2b3d5be259ec718361cb2f8bc6ac5466906354db669d1d57c19c6d0466696637,A,baseline,True,iterations,True,12,"[0.5, 0.75, 1.0]",5,partial,1,16,5,4,0.5,3,1.4,False,concurrent,06d868f693a728ac1102e913d6ba675227fc8ef9ccd5c18031507f8350390552,,True,incomplete_service,Not all customers served
0.5,0.5,18,GREEDY,0,rc108_21,RC1,e0bbd077f766d20a9e4c89f20604194bd7854b957653654cc6daa8fc729da355,100,21,1333cad9230e74ac53b5ae0fe8dcbb5fc0c14a6a9f561abf1324c241738de4cc,f06925037622c36d6ce86689e326fd0209dc6a45ea5aba1420c90684a8e61222,0,297,0,0,False,57,65,35,109,37.114741695863884,57,0,False,True,0,0.032782700029201806,0,0.0035897550277770797,0.7339449541284404,0.002466999925673008,0,0.009043340012431143,0.65,0,0,423.70770403576773,24,2412.4582102311524,1115.020273778336,0.3912832980277017,833.8340857330801,0,18,190,completed,2e255f3ddd59ac70d274a17fc9924e514e51440f9833d0d589165b2f6a64809c,A,baseline,True,iterations,True,12,"[0.5, 0.75, 1.0]",5,partial,1,16,5,4,0.5,3,1.4,False,concurrent,06d868f693a728ac1102e913d6ba675227fc8ef9ccd5c18031507f8350390552,,True,incomplete_service,Not all customers served
0.5,0.5,18,INDEPENDENT_MPC_MCTS,0,r110_21,R1,954faebe5d6e217277a6fdd482e8dc3469426cd7ee5f81d90033f41e2e19afd5,100,21,de33b318a4fce418a9400308046d736fe9c84b6001fe465f92e754f624e7e055,b5379adbfdf6b6743f7b0ba43e8b2ac16bd79c7e9e826066635127bb101378ba,0,253,0,0,False,19,73,27,105,19.484815792474055,15,0,False,True,0,1.5573941000038758,4048,0.06486587428620884,2.657142857142857,0.03385000000707805,3351,0.13081508004106576,0.73,0,0,184.56574099105583,23,1422.391552850606,410.1460910912352,6.810916800051928,1385.8933029014063,0,18,139,completed,3140bfbc2fb9d9a0a3501038d6ebfa8939d5a4ac07b49c563e6118b7855c8768,A,baseline,True,iterations,True,12,"[0.5, 0.75, 1.0]",5,partial,1,16,5,4,0.5,3,1.4,False,concurrent,06d868f693a728ac1102e913d6ba675227fc8ef9ccd5c18031507f8350390552,,True,incomplete_service,Not all customers served
0.24,0.5,4,MPC_MCTS_H1,0,rc204_21,RC2,947224b4eaa54dab358f0ad7e598ad6b570889aff3c560ec829cff57800b7625,100,21,38e2ac12c33f773bfbc0fc1437fb99179d860ebe4d333725b866d553cf6aef8c,1aeb4341260f332e58b1c5ae43dcaa0a2c829aad932a2c189ecc6c955dae28f2,0,113,0,0,False,3,77,23,90,10.988981070289006,3,0,False,True,0,0.0696357999695465,1808,0.0180358333267375,0.9111111111111111,0.016469550027977675,1614,0.031010830035666005,0.77,0,0,57.71285229634093,8,846.1515424122534,303.751854191268,1.623224999406375,2162.346300339721,4,4,24,completed,318203f3f8e8eef6ecc0cfadc1e629aa02deb32f52e80b2ede13943b533305a0,A,baseline,True,iterations,True,12,"[0.5, 0.75, 1.0]",5,partial,1,16,1,4,0.5,3,1.4,False,concurrent,06d868f693a728ac1102e913d6ba675227fc8ef9ccd5c18031507f8350390552,,True,incomplete_service,Not all customers served
0.5,0.5,14,COORDINATED_MPC_MCTS,0,c109_21,C1,c139ad52f11e291a5e17b4aa03bc1f1d6ca704b7b2c1a1cec53489d1e749664f,100,21,0d2eb63aa77ae4820451c6700ab15c2313f31fb84696cb2d6ac992ec86825cd2,2d7481bfe4584024e0281b0a46ab0ff8e28b7fd483d4cba8197537b8598bf6c3,0,299,0,0,False,11,78,22,115,22.735817464279826,11,0,False,True,0,1.530266399960965,4784,0.09312933652013865,3.4956521739130433,0.06993180001154542,3912,0.1533726400113664,0.78,0,0,3090.9180455954533,29,1773.3937622138264,911.7752346889242,10.709873699815944,4615.190509433785,14,14,178,completed,3211c0755b557083dbb9f7a3d0291a8d250c8befc02c3a90fd2c610bb3504956,A,baseline,True,iterations,True,12,"[0.5, 0.75, 1.0]",5,partial,1,16,5,4,0.5,3,1.4,False,concurrent,06d868f693a728ac1102e913d6ba675227fc8ef9ccd5c18031507f8350390552,,True,incomplete_service,Not all customers served
0.5,0.5,18,GREEDY,0,rc102_21,RC1,bc76c179fa7448eea5e7d4e8c2b39517a74d68d97f9b428ed0698aef974a71c5,100,21,2652a20c00e537c913ca45f591be401e53e98b2b14608da02c21649ed014071c,1cee4432ea6225b7dc7e3e4a001b76691706f8f44cdf6e6beeb6e8b544f89ad6,0,262,0,0,False,57,66,34,106,31.426539098419923,57,0,False,True,0,0.023267599986866117,0,0.0027045386729164507,0.7452830188679245,0.0018097500433214009,0,0.0064391750493086874,0.66,0,0,306.2855622822359,20,2074.151580495715,806.0146375848313,0.28668109932914376,1279.5628572220494,0,18,158,completed,34445ce9e36bf151a577f0793dab5a2a61676e282d127df6caddd73eb65884c5,A,baseline,True,iterations,True,12,"[0.5, 0.75, 1.0]",5,partial,1,16,5,4,0.5,3,1.4,False,concurrent,06d868f693a728ac1102e913d6ba675227fc8ef9ccd5c18031507f8350390552,,True,incomplete_service,Not all customers served
0.5,0.5,5,COORDINATED_MPC_MCTS,0,c208_21,C2,6238a471231c4a029781b0059d2394708f055df07192948a8e1e1f462a7ccbea,100,21,711258b6e16dd832319ba5a781e77cc16979b839c32bebf76d9b717a7cbd1531,dd13850e5a4f0617eae79cd862fe9bb53d2688907365f5f526dec3b80f6ee63e,0,49,0,0,False,2,21,79,28,22.469619885571806,2,0,False,True,0,0.5975251999916509,784,0.09060575000226631,3.5,0.07150469993939623,637,0.16037488001747985,0.21,0,0,119.57966175328457,3,471.86201759700793,52.21819290536444,2.5369610000634566,14419.347909376445,5,5,20,completed,354114d8f47bead39a07046e77c8c1fae616c149555a88c3e57440afb954c449,A,baseline,True,iterations,True,12,"[0.5, 0.75, 1.0]",5,partial,1,16,5,4,0.5,3,1.4,False,concurrent,06d868f693a728ac1102e913d6ba675227fc8ef9ccd5c18031507f8350390552,,True,incomplete_service,Not all customers served
0.5,0.5,13,COORDINATED_MPC_MCTS,0,c107_21,C1,50833205867a7b419f5b371783adeff20da79dc1cca18c8c120576ba08660cf5,100,21,85e34175b48da559ab170585a22374a16f0e772d14acdf59bce3153356c2184f,7f7dc71b89c051985a2f507a8312022b0f6620718ba4ead9e186353666821191,0,226,0,0,False,7,76,24,106,20.76761255140411,7,0,False,True,0,1.2623224999988452,3616,0.07279269528280909,3.4245283018867925,0.05304405000060797,2958,0.10993525001686066,0.76,0,0,2278.1070236454293,25,1578.3385539067124,672.0079715768227,7.716025699977763,4713.474347870397,13,13,112,completed,370e85b2fa8329144fe5257ec2cae56b72f29bf67117dc2cb4472f6442759a12,A,baseline,True,iterations,True,12,"[0.5, 0.75, 1.0]",5,partial,1,16,5,4,0.5,3,1.4,False,concurrent,06d868f693a728ac1102e913d6ba675227fc8ef9ccd5c18031507f8350390552,,True,incomplete_service,Not all customers served
0.24,0.5,4,GREEDY,0,rc204_21,RC2,947224b4eaa54dab358f0ad7e598ad6b570889aff3c560ec829cff57800b7625,100,21,38e2ac12c33f773bfbc0fc1437fb99179d860ebe4d333725b866d553cf6aef8c,1aeb4341260f332e58b1c5ae43dcaa0a2c829aad932a2c189ecc6c955dae28f2,0,57,0,0,False,3,41,59,54,33.720870422958754,3,0,False,True,0,0.011374800000339746,0,0.0024285648272510756,0.8703703703703703,0.0018770999740809202,0,0.007642385037615893,0.41,0,0,186.2597446724751,7,1382.5556873413088,980.3144456446058,0.13114250067155808,1861.1845679862163,0,4,5,completed,373c584111043ae8f46360e0f88fbde1fae99c9e6aabaca73dd2890431a2df14,A,baseline,True,iterations,True,12,"[0.5, 0.75, 1.0]",5,partial,1,16,5,4,0.5,3,1.4,False,concurrent,06d868f693a728ac1102e913d6ba675227fc8ef9ccd5c18031507f8350390552,,True,incomplete_service,Not all customers served
0.5,0.5,19,COORDINATED_MPC_MCTS,0,r109_21,R1,3b5daa4b35e310f961f84ecb074db0205997245a4879920308aee3e8446f3478,100,21,f95461d5f0c3cd4b04a8a3050103dbd5655b1f5f5ea50ebee4339e5a308b45f5,3994aeffc6ba551509aa46f7beae8646df5b3556904cf84cb39f734a28faecd9,0,356,0,0,False,21,72,28,103,23.447504379733616,21,0,False,True,0,1.978881400078535,5696,0.09269744563097297,3.3300970873786406,0.055936999968253076,4295,0.14699553993996212,0.72,0,0,318.8765857790733,28,1688.2203153408202,693.2099690849419,9.547836899990216,1451.0463288662884,19,19,237,completed,38a225b852f237207a4b337a0a15cdae0d6c418cd7f171ee370eb60987f58953,A,baseline,True,iterations,True,12,"[0.5, 0.75, 1.0]",5,partial,1,16,5,4,0.5,3,1.4,False,concurrent,06d868f693a728ac1102e913d6ba675227fc8ef9ccd5c18031507f8350390552,,True,incomplete_service,Not all customers served
0.24,0.5,4,MPC_MCTS_H1,0,c204_21,C2,854999d8b750973b84158c69d39541982d1bb2d3b8c4b81992eba26adabade43,100,21,87743b67940c71b4751941b3c3d6d899b46f73c1b496813459d9642288317528,1242c808038e519e501ebb10ce4b3653db960db6810408207dc0627347acf5c4,0,88,0,0,False,3,72,28,83,10.576799296022054,3,0,False,True,0,0.06695410003885627,1408,0.018807626501881485,0.927710843373494,0.016884499927982688,1284,0.034437630034517455,0.72,0,0,667.3200015032248,8,761.529549313588,291.406114193548,1.5610329996561632,5635.352341463867,4,4,4,completed,39eaa5a7b7f42614ab2c666c6728e70e47788b84fa30812b7b5bab4540e5dddf,A,baseline,True,iterations,True,12,"[0.5, 0.75, 1.0]",5,partial,1,16,1,4,0.5,3,1.4,False,concurrent,06d868f693a728ac1102e913d6ba675227fc8ef9ccd5c18031507f8350390552,,True,incomplete_service,Not all customers served
0.46,0.5,16,GREEDY,0,rc103_21,RC1,37210a2a97e506806853ba15a82148c51b597f73a15dced2eb7abf7443d28be2,100,21,bb80f11635f579dea262d918073f619c1f56d7b1cc4ea5b22865805e495c6160,ef3fc2e62113de0cdefc1bb980556367eb1f1cd6d84827fc99524d9da9aaaef3,0,195,0,0,False,45,64,36,108,35.983044260701966,45,0,False,True,0,0.026577199925668538,0,0.0033047963009233136,0.7592592592592593,0.002040899998974055,0,0.013034460024209675,0.64,0,0,428.009685063696,23,2302.914832684926,1126.3412764834106,0.3569180004997179,469.0754822513781,0,16,92,completed,3a2e7beeca9890f3ab8c949dcba7ab191d4b31471dfb81d06922bf76bc6e4fd2,A,baseline,True,iterations,True,12,"[0.5, 0.75, 1.0]",5,partial,1,16,5,4,0.5,3,1.4,False,concurrent,06d868f693a728ac1102e913d6ba675227fc8ef9ccd5c18031507f8350390552,,True,incomplete_service,Not all customers served
0.5,0.5,14,GREEDY,0,c109_21,C1,c139ad52f11e291a5e17b4aa03bc1f1d6ca704b7b2c1a1cec53489d1e749664f,100,21,0d2eb63aa77ae4820451c6700ab15c2313f31fb84696cb2d6ac992ec86825cd2,2d7481bfe4584024e0281b0a46ab0ff8e28b7fd483d4cba8197537b8598bf6c3,0,312,0,0,False,36,93,7,127,23.079798195841065,36,0,False,True,0,0.018936999957077205,0,0.002412937010462418,0.8661417322834646,0.0017268999945372343,0,0.005988589953631162,0.93,0,0,3775.452347612246,21,2146.421232213219,1113.7027574077422,0.30644300032872707,3012.126420174534,0,14,184,completed,3a4bbe2c9a23b98aba9e1086caf4469641bfa1dad2172e96b8947719f6e42dac,A,baseline,True,iterations,True,12,"[0.5, 0.75, 1.0]",5,partial,1,16,5,4,0.5,3,1.4,False,concurrent,06d868f693a728ac1102e913d6ba675227fc8ef9ccd5c18031507f8350390552,,True,incomplete_service,Not all customers served
0.49,0.5,3,INDEPENDENT_MPC_MCTS,0,rc203_21,RC2,91119fe630bd3d0e91665ca7b935a738d46c66181df4b93f28ecef21d6818991,100,21,9964f243baa3adf8fdf6686cfcdaa84615c84ee30edd03c274aaad0b189fa6e5,44cc44b37b1764b3bf45c07a6e23158cb7dc3a7282a89de569e5cf0b7b175487,0,84,0,0,False,1,68,32,82,17.74986727734217,1,0,False,True,0,0.44385209993924946,1344,0.10713980243847955,4.439024390243903,0.11570129997562617,1307,0.17198640998685732,0.68,0,0,129.7190166741822,13,1206.9909748592675,926.564404815587,8.785463799955323,820.6287058392805,0,3,0,completed,3bd291908ef31e010cbc21824851691695be5bf30d15533b5e2c09ed61376c4d,A,baseline,True,iterations,True,12,"[0.5, 0.75, 1.0]",5,partial,1,16,5,4,0.5,3,1.4,False,concurrent,06d868f693a728ac1102e913d6ba675227fc8ef9ccd5c18031507f8350390552,,True,incomplete_service,Not all customers served
0.49,0.5,15,MPC_MCTS_H1,0,r103_21,R1,818ec604cf330f06b383aa0913fef1d0d0e21e8d16acd2a39a11602b076add0b,100,21,65d622a16c02516e89b39c43adaee3579a46a8fe68f751a235ed564cfc8d5d07,3afaedabfb57e943f4a7eea08845a082f2f1637739c30331f631b99961e988bc,0,253,0,0,False,41,68,32,88,15.430072224423832,41,0,False,True,0,0.16935079998802394,4048,0.026355655679997817,0.8295454545454546,0.01879494998138398,2960,0.06632360995863563,0.68,0,0,122.55348421488407,11,1049.2449112608206,255.3197587810085,2.319297699839808,1523.5372644826382,15,15,159,completed,3c980131b635367160e8ee88b11d9f6595629bfa59679e43f2fcbc365662dfc9,A,baseline,True,iterations,True,12,"[0.5, 0.75, 1.0]",5,partial,1,16,1,4,0.5,3,1.4,False,concurrent,06d868f693a728ac1102e913d6ba675227fc8ef9ccd5c18031507f8350390552,,True,incomplete_service,Not all customers served
0.5,0.5,4,MPC_MCTS_H1,0,rc206_21,RC2,338433e91eeffd3d48bf68b3954124ea8f18ba9a94ac084ae6bb7717a0a83314,100,21,3a7a43a6571d0fae68e5379a1419b5bac59b7953b056adf78365869dee79409e,67c7389ddac4f9e054d5885a73535e95fb65b64e5c54864f448e2b935bae06bf,0,55,0,0,False,3,36,64,40,23.00719658903445,3,0,False,True,0,0.05001000000629574,880,0.017750619986327366,0.9,0.014998850005213171,761,0.033022304961923495,0.36,0,0,3.931247155594296,1,828.2590772052403,30.24036273534074,0.7100247994530946,2637.5203833928854,4,4,14,completed,3cef64ca6b0fe67a284b042aae0e7c96146cab550affb47fac7235be6884df95,A,baseline,True,iterations,True,12,"[0.5, 0.75, 1.0]",5,partial,1,16,1,4,0.5,3,1.4,False,concurrent,06d868f693a728ac1102e913d6ba675227fc8ef9ccd5c18031507f8350390552,,True,incomplete_service,Not all customers served
0.5,0.5,14,GREEDY,0,c106_21,C1,a5d4900c49c4260b61cef00bba87f757da7001cc27f7dd978b2f924c5a013128,100,21,c7fac516758ae3dce7093bede5792b6225e852bb763b60d8a2b2f6b0d42cca54,33666c09bc68a5b176174f03a4cab304cfc0ccbfb851bca9815fc2f2adc15274,0,286,0,0,False,35,57,43,88,29.136988169461198,35,0,False,True,0,0.02763649995904416,0,0.0031336886326740073,0.75,0.0020054499618709087,0,0.00703307499643415,0.57,0,0,1904.0463212100217,16,1660.8083256592884,561.6655814778825,0.27576459967531264,8609.145353130689,0,14,199,completed,3f14aa4686dd8dadcd9e6bcad624177acdf690be61a54839c57d2604c42cef85,A,baseline,True,iterations,True,12,"[0.5, 0.75, 1.0]",5,partial,1,16,5,4,0.5,3,1.4,False,concurrent,06d868f693a728ac1102e913d6ba675227fc8ef9ccd5c18031507f8350390552,,True,incomplete_service,Not all customers served
0.5,0.5,4,INDEPENDENT_MPC_MCTS,0,r205_21,R2,2769db71fea903b3fa3e4dbb13f24f1e42c4ccd207bd72fb8f7d5e87c70ad296,100,21,9c1d07ccacccc18ff94c19d7e2da475b31f6116a9a346dc161c559e377085545,7bad49d5aa6775832c41beb40fc63c271f5fbc1eeffbd5c32c0ac3cc5751f1c6,0,65,0,0,False,2,46,54,59,20.150737693443254,1,0,False,True,0,0.4048614000203088,1040,0.07411947795900248,3.9322033898305087,0.08507330005522817,989,0.13634148997953152,0.46,0,0,62.02226900636015,9,926.9339338983897,413.4817933757343,4.373049199581146,2398.589409956682,0,4,6,completed,403743496667409cb82fead7d2e7743615d3a4b3e1f86f9420589e459f10399e,A,baseline,True,iterations,True,12,"[0.5, 0.75, 1.0]",5,partial,1,16,5,4,0.5,3,1.4,False,concurrent,06d868f693a728ac1102e913d6ba675227fc8ef9ccd5c18031507f8350390552,,True,incomplete_service,Not all customers served
0.49,0.5,4,INDEPENDENT_MPC_MCTS,0,c203_21,C2,6dd3ef19a40edf5694cdf606a1e60e8aecb3f2b5aa11094659d3af226bf7a24e,100,21,475b94623d2e49d079a5cf2546a0f423fb702c6ac7bf234262e68340346afb45,7164e66905d528efddd360eb25784257e18ef0ab233fdded706168706f810fe0,0,84,0,0,False,1,63,37,81,18.86702441237971,1,0,False,True,0,0.48496170004364103,1344,0.10245074691498124,4.395061728395062,0.10742769995704293,1325,0.17273740004748106,0.63,0,0,1827.590471515897,17,1188.6225379799216,801.5747682087268,8.29851050011348,4380.14896670979,0,4,0,completed,426499cb0f86afdb4d7ac9419d2e22e852d7b57b1eaaa0c64a8b1dfb5ada6927,A,baseline,True,iterations,True,12,"[0.5, 0.75, 1.0]",5,partial,1,16,5,4,0.5,3,1.4,False,concurrent,06d868f693a728ac1102e913d6ba675227fc8ef9ccd5c18031507f8350390552,,True,incomplete_service,Not all customers served
0.5,0.5,13,GREEDY,0,c105_21,C1,b03893662d13256c6afe1e4789654b2485cd0d9cdfb3d15fb3fc3f6beac3e6ae,100,21,c16d7d888616d1e5025950bc66ea270abac801a6e020ed7a2c8371f8a90790af,e8aae763bdc50bcde5a86081c8b71d1dcc980b7e0c4cc375a512abe1c4f1620f,0,222,0,0,False,30,58,42,89,27.28123201140392,30,0,False,True,0,0.0266643000068143,0,0.002484007868026331,0.7415730337078652,0.0017187000485137105,0,0.004893479985184967,0.58,0,0,2223.7086128163683,15,1582.3114566614272,655.9612427186927,0.22107670025434345,7041.979930522203,0,13,136,completed,4290a9e61fa8f3c056737aaaeab31cb75cbadb429336ce33fd50fc9cdb7e3594,A,baseline,True,iterations,True,12,"[0.5, 0.75, 1.0]",5,partial,1,16,5,4,0.5,3,1.4,False,concurrent,06d868f693a728ac1102e913d6ba675227fc8ef9ccd5c18031507f8350390552,,True,incomplete_service,Not all customers served
0.49,0.5,3,MPC_MCTS_H1,0,rc203_21,RC2,91119fe630bd3d0e91665ca7b935a738d46c66181df4b93f28ecef21d6818991,100,21,9964f243baa3adf8fdf6686cfcdaa84615c84ee30edd03c274aaad0b189fa6e5,44cc44b37b1764b3bf45c07a6e23158cb7dc3a7282a89de569e5cf0b7b175487,0,58,0,0,False,2,45,55,49,14.345568405107404,2,0,False,True,0,0.05176389997359365,928,0.016467671432741443,0.9387755102040817,0.01567230001091957,848,0.02703944006934761,0.45,0,0,15.995641056188886,2,645.5505782298331,114.25457897277775,0.8069159002043307,1764.0941542113806,3,3,8,completed,42a59ec1aefdd772161980758707542b5bbeac98cf621815e361ca6c3a8a4583,A,baseline,True,iterations,True,12,"[0.5, 0.75, 1.0]",5,partial,1,16,1,4,0.5,3,1.4,False,concurrent,06d868f693a728ac1102e913d6ba675227fc8ef9ccd5c18031507f8350390552,,True,incomplete_service,Not all customers served
0.49,0.5,3,GREEDY,0,rc203_21,RC2,91119fe630bd3d0e91665ca7b935a738d46c66181df4b93f28ecef21d6818991,100,21,9964f243baa3adf8fdf6686cfcdaa84615c84ee30edd03c274aaad0b189fa6e5,44cc44b37b1764b3bf45c07a6e23158cb7dc3a7282a89de569e5cf0b7b175487,0,55,0,0,False,2,39,61,51,45.02068863595607,2,0,False,True,0,0.011468400014564395,0,0.0022820725525711095,0.9215686274509803,0.0015943000325933099,0,0.005967300035990775,0.39,0,0,193.82627671760983,8,1755.8068568022868,1384.4734051257844,0.1163857001811266,540.3668664801039,0,3,5,completed,42e48e2ba408cf93ec1127b2c266d7b9b4486123974795ec7a110be7b3b8e734,A,baseline,True,iterations,True,12,"[0.5, 0.75, 1.0]",5,partial,1,16,5,4,0.5,3,1.4,False,concurrent,06d868f693a728ac1102e913d6ba675227fc8ef9ccd5c18031507f8350390552,,True,incomplete_service,Not all customers served
0.5,0.5,13,INDEPENDENT_MPC_MCTS,0,c105_21,C1,b03893662d13256c6afe1e4789654b2485cd0d9cdfb3d15fb3fc3f6beac3e6ae,100,21,c16d7d888616d1e5025950bc66ea270abac801a6e020ed7a2c8371f8a90790af,e8aae763bdc50bcde5a86081c8b71d1dcc980b7e0c4cc375a512abe1c4f1620f,0,145,0,0,False,10,73,27,115,23.74179104745753,7,0,False,True,0,1.0226430000038818,2320,0.05406059652323956,3.3043478260869565,0.04044289991725236,1981,0.10776917997281998,0.73,0,0,2560.4738575198608,34,1733.1507464643996,755.3020228672156,6.2169686001725495,3719.528432497172,0,13,25,completed,46421a49fb827e4c04d53bbc5f8258ff18b69a5279cd4e9895be883d90d14093,A,baseline,True,iterations,True,12,"[0.5, 0.75, 1.0]",5,partial,1,16,5,4,0.5,3,1.4,False,concurrent,06d868f693a728ac1102e913d6ba675227fc8ef9ccd5c18031507f8350390552,,True,incomplete_service,Not all customers served
0.49,0.5,15,COORDINATED_MPC_MCTS,0,r103_21,R1,818ec604cf330f06b383aa0913fef1d0d0e21e8d16acd2a39a11602b076add0b,100,21,65d622a16c02516e89b39c43adaee3579a46a8fe68f751a235ed564cfc8d5d07,3afaedabfb57e943f4a7eea08845a082f2f1637739c30331f631b99961e988bc,0,255,0,0,False,13,79,21,112,18.78315524332881,13,0,False,True,0,2.0457280999980867,4080,0.08065150892798556,3.1160714285714284,0.046417549951002,3175,0.1255218549689743,0.79,0,0,346.40771377473794,30,1483.869264222976,721.6827370307041,9.032968999934383,760.7203020738368,15,15,131,completed,468844e7c7fe28a2675658a38d37de03e439e08e1d00d8b013eb921877c3a913,A,baseline,True,iterations,True,12,"[0.5, 0.75, 1.0]",5,partial,1,16,5,4,0.5,3,1.4,False,concurrent,06d868f693a728ac1102e913d6ba675227fc8ef9ccd5c18031507f8350390552,,True,incomplete_service,Not all customers served
0.5,0.5,6,GREEDY,0,c205_21,C2,40a9f86acaa6ad7887ee31d14056e1b7077c0a813c232634fc4cb5bb27cb98ea,100,21,2a127928e5c951131518e36ef3d42cf3955029071fca983e6125fbad000a8875,422cb655ec9b8d1848f377562f0625f0385039b5f3a764f8d0c88ab6adfea92c,0,155,0,0,False,7,98,2,122,18.72349056377345,7,0,False,True,0,0.016470700036734343,0,0.001793670488071063,0.9426229508196722,0.0012196999741718173,0,0.005076545005431395,0.98,0,0,3702.5935839160584,17,1834.9020752497981,1616.8530934131259,0.2188277995446697,5982.504340834142,0,6,34,completed,49f85759ec6bc3b03e74e6987684e3a31c76dada80496bc1e64ce19da0917cda,A,baseline,True,iterations,True,12,"[0.5, 0.75, 1.0]",5,partial,1,16,5,4,0.5,3,1.4,False,concurrent,06d868f693a728ac1102e913d6ba675227fc8ef9ccd5c18031507f8350390552,,True,incomplete_service,Not all customers served
0.5,0.5,19,GREEDY,0,rc106_21,RC1,2f695d8c85a5c7b61447436690564c4aa4bf1748e93fc199d12628b109e58410,100,21,f84d96b2c70331805ca867e60652a328ca3360067013ee7180865e302ada73e4,a396df2a999027de91f9d9f2e6c35849a4bd36d1fc7cbd8fab9b442a380bed33,0,359,0,0,False,63,75,25,125,34.171368432210734,63,0,False,True,0,0.023344399989582598,0,0.0029181695953011512,0.736,0.002114000031724572,0,0.007598399976268408,0.75,0,0,435.96813668180374,28,2562.852632415805,1147.284570215273,0.3647711994126439,811.179230902391,0,19,237,completed,4aa92b3f55fab9e8e8dab8973726ab40197ede555794e53647deea574b6eaf00,A,baseline,True,iterations,True,12,"[0.5, 0.75, 1.0]",5,partial,1,16,5,4,0.5,3,1.4,False,concurrent,06d868f693a728ac1102e913d6ba675227fc8ef9ccd5c18031507f8350390552,,True,incomplete_service,Not all customers served
0.5,0.5,19,INDEPENDENT_MPC_MCTS,0,rc106_21,RC1,2f695d8c85a5c7b61447436690564c4aa4bf1748e93fc199d12628b109e58410,100,21,f84d96b2c70331805ca867e60652a328ca3360067013ee7180865e302ada73e4,a396df2a999027de91f9d9f2e6c35849a4bd36d1fc7cbd8fab9b442a380bed33,0,202,0,0,False,18,78,22,127,26.60509304232468,16,0,False,True,0,1.5107727999566123,3232,0.056059018892096725,2.732283464566929,0.02998780005145818,2823,0.13188210004009288,0.78,0,0,391.6581570329522,39,2075.197257301325,1030.679360613032,7.119495399296284,705.4171924475617,0,19,66,completed,4b11f238d383032f152dc127ff7ecb5b708c111d580cb13347285aa54a9ea632,A,baseline,True,iterations,True,12,"[0.5, 0.75, 1.0]",5,partial,1,16,5,4,0.5,3,1.4,False,concurrent,06d868f693a728ac1102e913d6ba675227fc8ef9ccd5c18031507f8350390552,,True,incomplete_service,Not all customers served
0.24,0.5,3,COORDINATED_MPC_MCTS,0,r208_21,R2,059d15a56869460ab3b9f10314d49bd9e67897226500af852094ef785aa0b81b,100,21,6c11f53fff7eafb9a0d6caa5a4c9206fc0081bfabbd5250b3215a39fc25fde00,b451fb172d6bc95833f19c7a0d7d2d0490a2dbf98fe34969bc4d10ada5e648f0,0,129,0,0,False,0,87,13,124,15.433745065927486,0,0,False,True,0,0.5040289000608027,2064,0.12225361370984765,4.57258064516129,0.12373510003089905,1995,0.2092667850258293,0.87,0,0,117.84447501703906,35,1342.7358207356913,841.7462501217076,15.159448100021109,661.8849120544764,3,3,4,completed,4c7e17726516db51c8a3573eb961369e8d18e0ea6679400f5ec5e0644600eae6,A,baseline,True,iterations,True,12,"[0.5, 0.75, 1.0]",5,partial,1,16,5,4,0.5,3,1.4,False,concurrent,06d868f693a728ac1102e913d6ba675227fc8ef9ccd5c18031507f8350390552,,True,incomplete_service,Not all customers served
0.5,0.5,4,MPC_MCTS_H1,0,rc208_21,RC2,848ac4428c45536e665596eb3031d4cf06747a109edbb2a5ab6498422157954d,100,21,bb62f751bd2f92a5591ef85431c7691fc4adc788ee2ff693b2b4e87903071c0a,8f25e277b285481ad0b29ab0591d4df1c15cc6d3384df60643a72bd985190993,0,95,0,0,False,3,69,31,82,14.59991909054855,3,0,False,True,0,0.05051380000077188,1520,0.016276957308192078,0.9512195121951219,0.014410550007596612,1418,0.027941654960159212,0.69,0,0,114.55063491286258,9,1007.3944172478499,636.3924161825698,1.3347104992717505,2025.0659975164237,4,4,13,completed,4da03a8f46a9c92bb2015c0eff41f2a4dbfa4b9d2a729387e2a70eb0b209d417,A,baseline,True,iterations,True,12,"[0.5, 0.75, 1.0]",5,partial,1,16,1,4,0.5,3,1.4,False,concurrent,06d868f693a728ac1102e913d6ba675227fc8ef9ccd5c18031507f8350390552,,True,incomplete_service,Not all customers served
0.5,0.5,13,GREEDY,0,c101_21,C1,c5cda6ca63a7d518902cf4b02d98b4aa0f373aaa0658d5c666d1c46d38871cb9,100,21,18cb8c56a43219b437afb391f11d42a3c7d8056ed895f0cb721b15683964ccb8,36effcf880a9fa96164abaa2767519ebec30a23ad53c3bff371f65280f13c403,0,251,0,0,False,30,51,49,79,27.81377606380428,30,0,False,True,0,0.013539599953219295,0,0.002280381013038038,0.759493670886076,0.001560000004246831,0,0.0058699500164948355,0.51,0,0,1828.563204452213,12,1418.5025792540182,539.3991753546351,0.18015010003000498,8230.934216293768,0,13,175,completed,505350b229cb6c657d1458b180d5074c328e8e7905c784d3886c835c66aa6fc9,A,baseline,True,iterations,True,12,"[0.5, 0.75, 1.0]",5,partial,1,16,5,4,0.5,3,1.4,False,concurrent,06d868f693a728ac1102e913d6ba675227fc8ef9ccd5c18031507f8350390552,,True,incomplete_service,Not all customers served
0.48,0.5,3,MPC_MCTS_H1,0,r203_21,R2,0f5bacb4f87f16261b4c8737e252e29dbb4793043442a2c986c2230801e4b880,100,21,030407b31043a45d49f59e803cea6948efae8eed6e5105a10ae7e1464db10a76,da9b4c7e26649fc954e23a266fc50ee5f166858bcba9bc714b6685b036262fd5,0,64,0,0,False,2,57,43,60,8.568265300811623,2,0,False,True,0,0.06630179996136576,1024,0.014158206665888429,0.9666666666666667,0.012816499976906925,933,0.021903989993734285,0.57,0,0,26.466219650649798,1,488.39112214626255,165.41387281656122,0.8494923999533057,1888.6294978458209,3,3,3,completed,5254bee5f17c99b1c0e75c508edad8b461eb5c5360d208501d4e5c2641736bda,A,baseline,True,iterations,True,12,"[0.5, 0.75, 1.0]",5,partial,1,16,1,4,0.5,3,1.4,False,concurrent,06d868f693a728ac1102e913d6ba675227fc8ef9ccd5c18031507f8350390552,,True,incomplete_service,Not all customers served
0.5,0.5,3,COORDINATED_MPC_MCTS,0,r211_21,R2,79349433753cf23f69aef92bb7e6c6847b15e700badf73129a68b6d1e4915201,100,21,f5f653fdaa766d74cd1a39f415cfd36e8b89d8dc0495415d6d46521b2921f804,2cdb77057c156f3f085166321a255400be0f429d147082ce57781704fa810469,0,69,0,0,False,0,54,46,65,17.883776555893284,0,0,False,True,0,0.3240408001001924,1104,0.09722316154242995,4.076923076923077,0.1138440000358969,1004,0.1860770399682224,0.54,0,0,42.38298064491077,7,965.7239340182373,385.2998240446434,6.3195055002579466,1451.8930853368522,3,3,5,completed,528d460db5283008364b3602b2163d767fe8f13252c2b8e43742aa350fa328e9,A,baseline,True,iterations,True,12,"[0.5, 0.75, 1.0]",5,partial,1,16,5,4,0.5,3,1.4,False,concurrent,06d868f693a728ac1102e913d6ba675227fc8ef9ccd5c18031507f8350390552,,True,incomplete_service,Not all customers served
0.5,0.5,4,COORDINATED_MPC_MCTS,0,r206_21,R2,0f91dfe490289e1024c58a484c644645312279512619cf68832fa335c98ab5ce,100,21,a465a2e6be086eb9c600826cff3e0f0ea6314b645e1d2fd870788d44cd8a605d,11a45eecf3bb27e12da50358eb7a7e2c56967081dfb44cd6245b30dfb2742c76,0,91,0,0,False,1,60,40,76,17.93038601300051,1,0,False,True,0,0.46636159997433424,1456,0.09798736447364238,4.144736842105263,0.1095247000339441,1301,0.1704303499427624,0.6,0,0,77.6099934310299,13,1075.8231607800308,456.5293731237052,7.447039699996822,2235.991092776911,4,4,14,completed,529e3e8db899ad5fff1334c0965aa4f769ec02cfafa6a3a58d283908ba8e7417,A,baseline,True,iterations,True,12,"[0.5, 0.75, 1.0]",5,partial,1,16,5,4,0.5,3,1.4,False,concurrent,06d868f693a728ac1102e913d6ba675227fc8ef9ccd5c18031507f8350390552,,True,incomplete_service,Not all customers served
0.5,0.5,13,COORDINATED_MPC_MCTS,0,c105_21,C1,b03893662d13256c6afe1e4789654b2485cd0d9cdfb3d15fb3fc3f6beac3e6ae,100,21,c16d7d888616d1e5025950bc66ea270abac801a6e020ed7a2c8371f8a90790af,e8aae763bdc50bcde5a86081c8b71d1dcc980b7e0c4cc375a512abe1c4f1620f,0,226,0,0,False,7,66,34,98,21.8743748586579,7,0,False,True,0,1.083339500008151,3616,0.07012638265780193,3.357142857142857,0.056186100002378225,2794,0.11059738501789973,0.66,0,0,2066.0542270377987,22,1443.7087406714215,609.4555241999406,6.872385500464588,6080.127504532155,13,13,125,completed,52f242c0cff4e36a820f273a92bd1c4b27b05507bae6f37f32c0e7422f57d5f5,A,baseline,True,iterations,True,12,"[0.5, 0.75, 1.0]",5,partial,1,16,5,4,0.5,3,1.4,False,concurrent,06d868f693a728ac1102e913d6ba675227fc8ef9ccd5c18031507f8350390552,,True,incomplete_service,Not all customers served
0.5,0.5,14,INDEPENDENT_MPC_MCTS,0,c106_21,C1,a5d4900c49c4260b61cef00bba87f757da7001cc27f7dd978b2f924c5a013128,100,21,c7fac516758ae3dce7093bede5792b6225e852bb763b60d8a2b2f6b0d42cca54,33666c09bc68a5b176174f03a4cab304cfc0ccbfb851bca9815fc2f2adc15274,0,162,0,0,False,9,64,36,107,26.566876488399075,6,0,False,True,0,1.1041074999375269,2592,0.053441031782661574,3.0093457943925235,0.03792949998751283,2262,0.12396566008683263,0.64,0,0,2841.8250898064975,32,1700.2800952575408,838.2964866685834,5.718190400744788,4848.843589046749,0,14,52,completed,530982ed807746b4163e836d0d4c0742950c63a502afca863d2c7b4a210d8a31,A,baseline,True,iterations,True,12,"[0.5, 0.75, 1.0]",5,partial,1,16,5,4,0.5,3,1.4,False,concurrent,06d868f693a728ac1102e913d6ba675227fc8ef9ccd5c18031507f8350390552,,True,incomplete_service,Not all customers served
0.49,0.5,4,GREEDY,0,c203_21,C2,6dd3ef19a40edf5694cdf606a1e60e8aecb3f2b5aa11094659d3af226bf7a24e,100,21,475b94623d2e49d079a5cf2546a0f423fb702c6ac7bf234262e68340346afb45,7164e66905d528efddd360eb25784257e18ef0ab233fdded706168706f810fe0,0,74,0,0,False,3,50,50,67,26.33575931055873,3,0,False,True,0,0.014480700017884374,0,0.002609086565242441,0.8955223880597015,0.0017222999595105648,0,0.007880560006015003,0.5,0,0,2004.533856476718,11,1316.7879655279364,879.1815159985606,0.17480879987124354,5738.678177995346,0,4,9,completed,53188a0c90fe3f0af5baa567934bcacefc0a5c83237dc7c33643db460878afa9,A,baseline,True,iterations,True,12,"[0.5, 0.75, 1.0]",5,partial,1,16,5,4,0.5,3,1.4,False,concurrent,06d868f693a728ac1102e913d6ba675227fc8ef9ccd5c18031507f8350390552,,True,incomplete_service,Not all customers served
0.5,0.5,15,MPC_MCTS_H1,0,c108_21,C1,00189c44d787f8b25948d49c96c05a9947f4bbec6ce34744abcc276fa326f000,100,21,64b462ef747967e2904dc547ef5ce2ddf35b2a418495b961e0eb7f81ead0dfa6,c19e71c21e1b9448c6b676e9fd6c9b8a6be0d1d94f75f7eebf9f37d136c0934a,0,233,0,0,False,41,47,53,56,20.448849990458218,41,0,False,True,0,0.1739967999747023,3728,0.04874415357231295,0.8571428571428571,0.019900500017683953,3245,0.1532444000185933,0.47,0,0,249.8038681321206,3,961.0959495515363,73.68845667614178,2.7296726000495255,12761.406068016691,15,15,168,completed,552cf6f16b6fd53eb1a277e1c92e1376e94161653b919bfbdf55414999af97b5,A,baseline,True,iterations,True,12,"[0.5, 0.75, 1.0]",5,partial,1,16,1,4,0.5,3,1.4,False,concurrent,06d868f693a728ac1102e913d6ba675227fc8ef9ccd5c18031507f8350390552,,True,incomplete_service,Not all customers served
0.5,0.5,3,GREEDY,0,r207_21,R2,c8a1d5e6977912971c72ea7371a98c9db52a60456275bedbc315a6cf8660fec7,100,21,6550c7246691c71bcc7c3087a1b3af28eccde178dd30940fb181bcc16281da76,2dc246b4c2f051d796adbb8dcfb0353c9a770035dc14e2def5bc5a127ae97465,0,65,0,0,False,2,53,47,63,39.12450930318297,2,0,False,True,0,0.007023700047284365,0,0.002056326988774041,0.9365079365079365,0.001720600062981248,0,0.0054295299574732775,0.53,0,0,174.07396108475942,6,2073.5989930686974,1582.4905553159947,0.1295486002927646,222.3270458465438,0,3,3,completed,569e4c9f4ca43f726dcd2de031babdd95b27e06e17b261981a280f92a6459909,A,baseline,True,iterations,True,12,"[0.5, 0.75, 1.0]",5,partial,1,16,5,4,0.5,3,1.4,False,concurrent,06d868f693a728ac1102e913d6ba675227fc8ef9ccd5c18031507f8350390552,,True,incomplete_service,Not all customers served
0.5,0.5,4,COORDINATED_MPC_MCTS,0,rc208_21,RC2,848ac4428c45536e665596eb3031d4cf06747a109edbb2a5ab6498422157954d,100,21,bb62f751bd2f92a5591ef85431c7691fc4adc788ee2ff693b2b4e87903071c0a,8f25e277b285481ad0b29ab0591d4df1c15cc6d3384df60643a72bd985190993,0,101,0,0,False,1,70,30,89,19.66475407880856,1,0,False,True,0,0.5048466000007465,1616,0.11282056853243182,4.280898876404494,0.12160740001127124,1521,0.1919050400611013,0.7,0,0,146.36343681014003,17,1376.5327855165992,813.130204500778,10.041030599386431,1607.892003729998,4,4,10,completed,56e2dfac46530899ec5c2ba57a8c193dc6af0d9750f53243c42e7eb1ee285751,A,baseline,True,iterations,True,12,"[0.5, 0.75, 1.0]",5,partial,1,16,5,4,0.5,3,1.4,False,concurrent,06d868f693a728ac1102e913d6ba675227fc8ef9ccd5c18031507f8350390552,,True,incomplete_service,Not all customers served
0.5,0.5,18,COORDINATED_MPC_MCTS,0,r102_21,R1,dde63ad2ae1adcd741a3ebb5cec5b9d266ed4ec8893c3ec08a84bb2bb85afdfd,100,21,7d7c0f84111045ebbfbd03f861e566b64bc2f177c95d89c2fc7bed15216e92bc,1e9136a2e97e1c9dcaf4345c5741c3c9fa24df6d695f45c566ef6fdebacf9957,0,319,0,0,False,17,78,22,118,23.01052251141616,17,0,False,True,0,1.390184999909252,5104,0.05387209660878752,2.7796610169491527,0.03235640004277229,3673,0.08943767498712983,0.78,0,0,386.8722333020127,38,1794.8207558904603,805.9838193791933,6.356907399836928,1081.8118336459552,18,18,185,completed,59e79e160d44654558f507ccb5eac9124c7ed96418267c73874a49725e925bf4,A,baseline,True,iterations,True,12,"[0.5, 0.75, 1.0]",5,partial,1,16,5,4,0.5,3,1.4,False,concurrent,06d868f693a728ac1102e913d6ba675227fc8ef9ccd5c18031507f8350390552,,True,incomplete_service,Not all customers served
0.5,0.5,4,COORDINATED_MPC_MCTS,0,rc205_21,RC2,dcba9a6f5ae00ff930622863083d39448d092ec31cc7d17583f352297ee31891,100,21,55e3779addd0e5cfcf06c13b315ea73e9cdaa513590a26068e0de1a04c4a6786,332b0c1c42850805d28c3c44f4ed5d5660c6c46a3b8e425633aa8f5d783922bc,0,57,0,0,False,1,36,64,44,23.17079544944295,1,0,False,True,0,0.46401680004782975,912,0.09505402500508353,3.9318181818181817,0.10347194998757914,803,0.16477199499495326,0.36,0,0,37.41555159063703,5,834.1486361799462,249.4370106042469,4.182377100223675,2595.0504928589085,4,4,12,completed,5b04c9d556aa7003ed6946da3ce78f9fdf436e8e2d837287e807f3122bc7ac27,A,baseline,True,iterations,True,12,"[0.5, 0.75, 1.0]",5,partial,1,16,5,4,0.5,3,1.4,False,concurrent,06d868f693a728ac1102e913d6ba675227fc8ef9ccd5c18031507f8350390552,,True,incomplete_service,Not all customers served
0.46,0.5,16,COORDINATED_MPC_MCTS,0,rc103_21,RC1,37210a2a97e506806853ba15a82148c51b597f73a15dced2eb7abf7443d28be2,100,21,bb80f11635f579dea262d918073f619c1f56d7b1cc4ea5b22865805e495c6160,ef3fc2e62113de0cdefc1bb980556367eb1f1cd6d84827fc99524d9da9aaaef3,0,297,0,0,False,13,83,17,114,21.985579873339642,13,0,False,True,0,2.133092000032775,4752,0.0852260631611244,3.026315789473684,0.04472115007229149,3646,0.15206572999595655,0.83,0,0,329.4748672386118,24,1824.8031294871903,867.0391243121363,9.71577120036818,711.949072333736,16,16,174,completed,5c45c6d6ee164123fa4019d074350b927155030032d0e08c7c23f59fc4e43d2a,A,baseline,True,iterations,True,12,"[0.5, 0.75, 1.0]",5,partial,1,16,5,4,0.5,3,1.4,False,concurrent,06d868f693a728ac1102e913d6ba675227fc8ef9ccd5c18031507f8350390552,,True,incomplete_service,Not all customers served
0.5,0.5,3,INDEPENDENT_MPC_MCTS,0,r211_21,R2,79349433753cf23f69aef92bb7e6c6847b15e700badf73129a68b6d1e4915201,100,21,f5f653fdaa766d74cd1a39f415cfd36e8b89d8dc0495415d6d46521b2921f804,2cdb77057c156f3f085166321a255400be0f429d147082ce57781704fa810469,0,52,0,0,False,0,45,55,50,18.670284069227144,0,0,False,True,0,0.33952789998147637,832,0.1007546079857275,4.2,0.11494449997553602,807,0.17882306492538189,0.45,0,0,43.93582940483659,4,840.1627831152215,399.4166309530599,5.0377303992863744,1588.0262413482187,0,3,0,completed,5c78e9be4115fbfd751864242c804a9488d9a7541937863bd09e63122d9d04e0,A,baseline,True,iterations,True,12,"[0.5, 0.75, 1.0]",5,partial,1,16,5,4,0.5,3,1.4,False,concurrent,06d868f693a728ac1102e913d6ba675227fc8ef9ccd5c18031507f8350390552,,True,incomplete_service,Not all customers served
0.5,0.5,4,MPC_MCTS_H1,0,r201_21,R2,777cdc28fef020cd4df5ada1700f1a95d97eee53d26f5b26958b67cfd8cc51f2,100,21,a7a9d0da162b6556e18050cf8850d4508fc9c75572cd0fad769a8f8e9e43bc1b,86283904b0ad6c920ca8396f492194ad73646d92604f538ac8bc665d1e64e746,0,50,0,0,False,3,32,68,36,14.821332707672752,3,0,False,True,0,0.06096489995252341,800,0.015289163896037886,0.8888888888888888,0.01454714999999851,654,0.02055645003565587,0.32,0,0,0.0,0,474.2826466455281,0.0,0.5504099002573639,3197.0832756068403,4,4,14,completed,5c950868390b0bd8d6e6e9e6c8c1ed0595dd1723b74e01ea2336b3ad50231658,A,baseline,True,iterations,True,12,"[0.5, 0.75, 1.0]",5,partial,1,16,1,4,0.5,3,1.4,False,concurrent,06d868f693a728ac1102e913d6ba675227fc8ef9ccd5c18031507f8350390552,,True,incomplete_service,Not all customers served
0.23,0.5,13,MPC_MCTS_H1,0,c104_21,C1,a4adf275d08b1c5bbe576a89fafc95f15442586c9da3c6583e68c37c233fe180,100,21,7ea5cdc1bbb15c2c865212f0c5b63af055a5e0a8b50b7abe42cb7c2f88410459,7355d314c2e06a546f61547492335e9a62ad2eca013d7f32dbcaa1ad93eb7575,0,248,0,0,False,30,81,19,104,17.409976056131754,30,0,False,True,0,0.16019810002762824,3968,0.025727686539399795,0.8846153846153846,0.01891549996798858,3224,0.057941285037668384,0.81,0,0,2026.2964726898945,14,1410.2080605466722,597.7275730648656,2.6756794000975788,5143.812009159366,13,13,140,completed,5cfee2c4fcc6075d738e018a74eb488c3c05f5cf5f63813206ff7fe05228c8a4,A,baseline,True,iterations,True,12,"[0.5, 0.75, 1.0]",5,partial,1,16,1,4,0.5,3,1.4,False,concurrent,06d868f693a728ac1102e913d6ba675227fc8ef9ccd5c18031507f8350390552,,True,incomplete_service,Not all customers served
0.5,0.5,6,INDEPENDENT_MPC_MCTS,0,c205_21,C2,40a9f86acaa6ad7887ee31d14056e1b7077c0a813c232634fc4cb5bb27cb98ea,100,21,2a127928e5c951131518e36ef3d42cf3955029071fca983e6125fbad000a8875,422cb655ec9b8d1848f377562f0625f0385039b5f3a764f8d0c88ab6adfea92c,0,52,0,0,False,3,39,61,47,17.707811079546254,3,0,False,True,0,0.4796092000324279,832,0.07810411913855438,4.425531914893617,0.07755819999147207,823,0.1285804900340735,0.39,0,0,736.3750295089995,7,690.6046321023039,321.561148257205,3.6708935995120555,12881.77639830845,0,6,0,completed,5e4d39c75daab6c0f28d0fc55b8e5c6ada141cbb0f7431921ca7c39140b14a81,A,baseline,True,iterations,True,12,"[0.5, 0.75, 1.0]",5,partial,1,16,5,4,0.5,3,1.4,False,concurrent,06d868f693a728ac1102e913d6ba675227fc8ef9ccd5c18031507f8350390552,,True,incomplete_service,Not all customers served
0.5,0.5,5,COORDINATED_MPC_MCTS,0,rc201_21,RC2,05de9a222789707ffcce07b31776e71b0ca87b7f72f5c0d115af11e39f2a2841,100,21,897b06b0a5232b4a55582c72c913db9299981a7e26d5f99ab9087c2a494b608a,3111702a772029549ac38fd4867734ba646a0cf02b6e64b701af3f948a5afea7,0,74,0,0,False,2,42,58,53,28.903540205187017,2,0,False,True,0,0.30365149991121143,1184,0.05632862075065034,3.4150943396226414,0.046640300075523555,998,0.1211853799410164,0.42,0,0,61.331700261978625,8,1213.9486886178547,438.08357329984733,2.985416899784468,3072.704459053235,5,5,19,completed,5f83dd3e11e38e4e145c61456655f2b4a6e8566a98816e6edfc4c3359b64a089,A,baseline,True,iterations,True,12,"[0.5, 0.75, 1.0]",5,partial,1,16,5,4,0.5,3,1.4,False,isolated,06d868f693a728ac1102e913d6ba675227fc8ef9ccd5c18031507f8350390552,,True,incomplete_service,Not all customers served
0.5,0.5,3,INDEPENDENT_MPC_MCTS,0,r207_21,R2,c8a1d5e6977912971c72ea7371a98c9db52a60456275bedbc315a6cf8660fec7,100,21,6550c7246691c71bcc7c3087a1b3af28eccde178dd30940fb181bcc16281da76,2dc246b4c2f051d796adbb8dcfb0353c9a770035dc14e2def5bc5a127ae97465,0,99,0,0,False,0,78,22,97,15.822676750447036,0,0,False,True,0,0.3959143999963999,1584,0.09594689484340013,4.546391752577319,0.10300080000888556,1569,0.16260727995540947,0.78,0,0,87.34529366889532,18,1234.1687865348688,794.0481242626846,9.306848799809813,811.9206722266532,0,3,0,completed,60546bb9f66c4796707da251129624b55b4de7ce52c1448356c9d0ba3cca9012,A,baseline,True,iterations,True,12,"[0.5, 0.75, 1.0]",5,partial,1,16,5,4,0.5,3,1.4,False,concurrent,06d868f693a728ac1102e913d6ba675227fc8ef9ccd5c18031507f8350390552,,True,incomplete_service,Not all customers served
0.5,0.5,4,COORDINATED_MPC_MCTS,0,rc207_21,RC2,27a81f7aaf06c0e8c5dcd6d42aea1050645fb3547f46baba0b4c9f6e4e4b1d72,100,21,a879138d3e3fda7d0eb0e60f2e5c91135dea9edad6f98b6c24b6bbd8cf634b68,6f46ecad270262391660562aa3e2556386bda0c5e3f0dcbfc05d386dc8cfcbb2,0,82,0,0,False,0,55,45,73,23.908337542989592,0,0,False,True,0,0.4021417999174446,1312,0.0889734191810457,3.9178082191780823,0.09609570004977286,1191,0.17712610003072762,0.55,0,0,93.32530964150739,16,1314.9585648644277,666.6093545821956,6.4950596002163365,1862.5321049578688,4,4,7,completed,6286916a7385aeace8bcb8ba245c35c19ff466174ac9f3682fcf93501d76b77f,A,baseline,True,iterations,True,12,"[0.5, 0.75, 1.0]",5,partial,1,16,5,4,0.5,3,1.4,False,concurrent,06d868f693a728ac1102e913d6ba675227fc8ef9ccd5c18031507f8350390552,,True,incomplete_service,Not all customers served
0.47,0.5,13,INDEPENDENT_MPC_MCTS,0,c103_21,C1,081891d829a6813a37f34f7e5752a4b839f4119032ec81867292863e5958d21b,100,21,5ad1c5ee8cf3d69335e9dcf53ab23516493536ef3644a2cffc96e5adf6bef2c9,a328af401ffd40530e67d73a39b003241ecd12baf9af4619de6e993ebce2bcd4,0,138,0,0,False,8,79,21,112,20.46783211043118,8,0,False,True,0,1.603171500028111,2208,0.07016154999291757,3.330357142857143,0.0546131000155583,2010,0.11765573997399763,0.79,0,0,2869.310985602323,24,1616.958736724063,846.4044205316586,7.858093599206768,2825.895107563585,0,13,22,completed,66e4941fbddfc3d111d1f5aca945efba9524fab1ac49f7d667cc15f7292102a3,A,baseline,True,iterations,True,12,"[0.5, 0.75, 1.0]",5,partial,1,16,5,4,0.5,3,1.4,False,concurrent,06d868f693a728ac1102e913d6ba675227fc8ef9ccd5c18031507f8350390552,,True,incomplete_service,Not all customers served
0.5,0.5,4,GREEDY,0,r206_21,R2,0f91dfe490289e1024c58a484c644645312279512619cf68832fa335c98ab5ce,100,21,a465a2e6be086eb9c600826cff3e0f0ea6314b645e1d2fd870788d44cd8a605d,11a45eecf3bb27e12da50358eb7a7e2c56967081dfb44cd6245b30dfb2742c76,0,63,0,0,False,3,44,56,59,39.832654439408174,3,0,False,True,0,0.008093900047242641,0,0.002284328804461885,0.8813559322033898,0.001795999938622117,0,0.005706279969308525,0.44,0,0,206.09714302768242,9,1752.6367953339595,1212.3361354569552,0.13477539946325123,1601.266061638358,0,4,6,completed,67313e328c29afcc6b49e4bb7b2739b80c7db8ea4b5b4ce965a8b124b51cdab1,A,baseline,True,iterations,True,12,"[0.5, 0.75, 1.0]",5,partial,1,16,5,4,0.5,3,1.4,False,concurrent,06d868f693a728ac1102e913d6ba675227fc8ef9ccd5c18031507f8350390552,,True,incomplete_service,Not all customers served
0.5,0.5,18,COORDINATED_MPC_MCTS,0,r110_21,R1,954faebe5d6e217277a6fdd482e8dc3469426cd7ee5f81d90033f41e2e19afd5,100,21,de33b318a4fce418a9400308046d736fe9c84b6001fe465f92e754f624e7e055,b5379adbfdf6b6743f7b0ba43e8b2ac16bd79c7e9e826066635127bb101378ba,0,357,0,0,False,15,75,25,109,19.32016746098011,15,0,False,True,0,1.4393512000096962,5712,0.0710038871529999,3.036697247706422,0.04500859999097884,4449,0.12227408001199355,0.75,0,0,261.4641240324051,30,1449.012559573508,581.0313867386781,7.7394236996769905,1521.9137176587788,18,18,234,completed,6744aabe963a98e6ff6affcdab780e1eeb5e714aa1b63be52c913d181a08b204,A,baseline,True,iterations,True,12,"[0.5, 0.75, 1.0]",5,partial,1,16,5,4,0.5,3,1.4,False,concurrent,06d868f693a728ac1102e913d6ba675227fc8ef9ccd5c18031507f8350390552,,True,incomplete_service,Not all customers served
0.5,0.5,20,MPC_MCTS_H1,0,rc105_21,RC1,134f0830c819643a01a986e2f08fac34137009f7ce97b8b7835ce0a526e7684d,100,21,2f0796e341401148d1db17bcf6b366064b21fc9dfc5c37e17a5b2809be9b4a52,7b44f83570842845e2fa52e38444208a414d7999e74d5aeeda5650cbde802f16,0,506,0,0,False,72,67,33,98,23.78656769360966,72,0,False,True,0,0.2138431000057608,8096,0.04069477142243437,0.7244897959183674,0.022296199982520193,6196,0.10124848506529813,0.67,0,0,104.09285072070517,15,1593.700035471847,273.9285545281715,3.9880875993985683,2334.043902351958,20,20,404,completed,676d22da4564addfabf796567c2e6e1f07404bc34115c7445c0014bc28c97275,A,baseline,True,iterations,True,12,"[0.5, 0.75, 1.0]",5,partial,1,16,1,4,0.5,3,1.4,False,concurrent,06d868f693a728ac1102e913d6ba675227fc8ef9ccd5c18031507f8350390552,,True,incomplete_service,Not all customers served
0.46,0.5,15,GREEDY,0,r107_21,R1,5d697635eeb16c0747a102d8e507d247180ad407691ff1cdf28c10ed435ca5cd,100,21,9700e95c7f96ae7514383daaa43c18b01a5953ccb6a027488a66e5d872b77c49,99129e7ef900c88a73a618c8040c262748cd02586827b576193899b4ea9db7bf,0,208,0,0,False,40,68,32,108,25.532997006876137,40,0,False,True,0,0.06123160000424832,0,0.0030397601820166325,0.7777777777777778,0.0013972999877296388,0,0.009891069994773695,0.68,0,0,386.41740823085445,23,1736.2437964675773,858.705351624121,0.3282940996577963,647.3387953015682,0,15,102,completed,67a76880780768bb081d7b881796a50d589ea2232de2ce1aab9d3e3bc5a0f4c1,A,baseline,True,iterations,True,12,"[0.5, 0.75, 1.0]",5,partial,1,16,5,4,0.5,3,1.4,False,concurrent,06d868f693a728ac1102e913d6ba675227fc8ef9ccd5c18031507f8350390552,,True,incomplete_service,Not all customers served
0.24,0.5,3,GREEDY,0,r204_21,R2,ab20466fef3c9ed4f7c9e4896fb2ec182b2dc0426a3f49e7dce5ff6716ebad07,100,21,91d6415d0a5e8c254b1d5461fc5021ea3114885f0fe102f5f98dce192283aa4e,46bcd63eb3c3dd25afde70ba4e630bf4941c34dc3d5311d0ab162c8152d73ed0,0,37,0,0,False,2,25,75,33,43.72253255433533,2,0,False,True,0,0.006391100003384054,0,0.0022713848474350843,0.8181818181818182,0.0023979999823495746,0,0.005577039974741636,0.25,0,0,52.937056336507524,4,1093.0633138583833,441.14213613756266,0.07495569996535778,1603.9996298051085,0,3,5,completed,699178e7c4e52fca45ac385692ec8b581de71086e12c206621413c202b4ba158,A,baseline,True,iterations,True,12,"[0.5, 0.75, 1.0]",5,partial,1,16,5,4,0.5,3,1.4,False,concurrent,06d868f693a728ac1102e913d6ba675227fc8ef9ccd5c18031507f8350390552,,True,incomplete_service,Not all customers served
0.5,0.5,13,COORDINATED_MPC_MCTS,0,c102_21,C1,c63f00c8fe479e2c94dc1bb0675dd3bde20a992668b4b9302dc8f0023eb57c7a,100,21,47e0d79c8a9d349a124babfe0e085726fb09080916e40a05cd7d3eea56fa6e59,c15b2f96ee71a87b896f3f818c99cfb9dad6098377dea90c519ad251b9c5a81d,0,229,0,0,False,7,69,31,103,23.1815702739722,7,0,False,True,0,1.115689600002952,3664,0.06335230583089937,2.970873786407767,0.0450377999804914,2761,0.10013429998653008,0.69,0,0,2766.9108407939043,25,1599.5283489040817,816.1978881397947,6.525287500582635,4927.355719763308,13,13,122,completed,69aeb309d880a5821a6f098938beefc93e0d33b4608019821bce22c593f52ab9,A,baseline,True,iterations,True,12,"[0.5, 0.75, 1.0]",5,partial,1,16,5,4,0.5,3,1.4,False,concurrent,06d868f693a728ac1102e913d6ba675227fc8ef9ccd5c18031507f8350390552,,True,incomplete_service,Not all customers served
0.5,0.5,4,GREEDY,0,rc205_21,RC2,dcba9a6f5ae00ff930622863083d39448d092ec31cc7d17583f352297ee31891,100,21,55e3779addd0e5cfcf06c13b315ea73e9cdaa513590a26068e0de1a04c4a6786,332b0c1c42850805d28c3c44f4ed5d5660c6c46a3b8e425633aa8f5d783922bc,0,32,0,0,False,3,21,79,29,44.19587669334335,3,0,False,True,0,0.004866800038143992,0,0.0015524517271089657,0.7931034482758621,0.0011169000063091516,0,0.0038781400071457,0.21,0,0,49.61286587338112,2,928.1134105602104,330.75243915587413,0.045021100086160004,2652.2737235664085,0,4,5,completed,6a03d01ce5a6b2a4d159e5b874021ad7f516c378c54fd8a074756d8b9b5770de,A,baseline,True,iterations,True,12,"[0.5, 0.75, 1.0]",5,partial,1,16,5,4,0.5,3,1.4,False,concurrent,06d868f693a728ac1102e913d6ba675227fc8ef9ccd5c18031507f8350390552,,True,incomplete_service,Not all customers served
0.5,0.5,18,MPC_MCTS_H1,0,r110_21,R1,954faebe5d6e217277a6fdd482e8dc3469426cd7ee5f81d90033f41e2e19afd5,100,21,de33b318a4fce418a9400308046d736fe9c84b6001fe465f92e754f624e7e055,b5379adbfdf6b6743f7b0ba43e8b2ac16bd79c7e9e826066635127bb101378ba,0,424,0,0,False,58,73,27,97,17.87602352800318,58,0,False,True,0,0.1849369000410661,6784,0.034906752577973245,0.7835051546391752,0.017458799993619323,5233,0.0903427599929273,0.73,0,0,128.68621537675236,15,1304.9497175442323,285.96936750389415,3.3859550000634044,1870.6168311734857,18,18,318,completed,6bf2015cdae330452951fe1f48c62c73e78a1526c19a6c2685ee5747cbcf39ca,A,baseline,True,iterations,True,12,"[0.5, 0.75, 1.0]",5,partial,1,16,1,4,0.5,3,1.4,False,concurrent,06d868f693a728ac1102e913d6ba675227fc8ef9ccd5c18031507f8350390552,,True,incomplete_service,Not all customers served
0.5,0.5,15,COORDINATED_MPC_MCTS,0,c108_21,C1,00189c44d787f8b25948d49c96c05a9947f4bbec6ce34744abcc276fa326f000,100,21,64b462ef747967e2904dc547ef5ce2ddf35b2a418495b961e0eb7f81ead0dfa6,c19e71c21e1b9448c6b676e9fd6c9b8a6be0d1d94f75f7eebf9f37d136c0934a,0,265,0,0,False,14,74,26,99,24.743154242997548,14,0,False,True,0,1.616849199985154,4240,0.09396780202061766,3.474747474747475,0.06703899998683482,3575,0.14899558997713022,0.74,0,0,2691.8440981343174,24,1830.9934139818185,794.0543062343119,9.302812400041148,6958.561783729599,15,15,152,completed,6c005a7ce29944d5b489c7c9d2728f77d9f39ac383e2e66bb4cc227f44cd44ce,A,baseline,True,iterations,True,12,"[0.5, 0.75, 1.0]",5,partial,1,16,5,4,0.5,3,1.4,False,concurrent,06d868f693a728ac1102e913d6ba675227fc8ef9ccd5c18031507f8350390552,,True,incomplete_service,Not all customers served
0.5,0.5,18,GREEDY,0,r105_21,R1,e1af01644f1c12eb806238f6ecb363132ca46db2179c544eb61342b3c4b41665,100,21,34d53a851346335ea2cac4ececa1af06be724379047adfbe6640d1e845f7f1e4,70efb4e7ed9a1274700a6d7ca9ac33a1dc8a23a7ad27007258b82b11144147ab,0,372,0,0,False,57,60,40,102,26.86275628911663,57,0,False,True,0,0.019873199984431267,0,0.003401923528644165,0.7058823529411765,0.0024908999912440777,0,0.007852535037091,0.6,0,0,315.5960132302709,19,1611.7653773469976,657.491694229731,0.34699619992170483,1612.6386094227316,0,18,275,completed,6c41c3e5e2298f486d140daf274d0db7357384e5365702fb946798f7f4e0cbb7,A,baseline,True,iterations,True,12,"[0.5, 0.75, 1.0]",5,partial,1,16,5,4,0.5,3,1.4,False,concurrent,06d868f693a728ac1102e913d6ba675227fc8ef9ccd5c18031507f8350390552,,True,incomplete_service,Not all customers served
0.5,0.5,4,COORDINATED_MPC_MCTS,0,r201_21,R2,777cdc28fef020cd4df5ada1700f1a95d97eee53d26f5b26958b67cfd8cc51f2,100,21,a7a9d0da162b6556e18050cf8850d4508fc9c75572cd0fad769a8f8e9e43bc1b,86283904b0ad6c920ca8396f492194ad73646d92604f538ac8bc665d1e64e746,0,73,0,0,False,1,48,52,61,21.260457249888287,1,0,False,True,0,0.34350519999861717,1168,0.06655002623933871,3.9508196721311477,0.06799550005234778,1062,0.13280839996878058,0.48,0,0,81.00155545428835,10,1020.5019479946377,506.2597215893022,4.0595516005996615,2408.032498864263,4,4,11,completed,6cf4fa350a4b795c969d0dcdb8f2afa9fa59b812ddc0f42cf941d0cdf0edd3ce,A,baseline,True,iterations,True,12,"[0.5, 0.75, 1.0]",5,partial,1,16,5,4,0.5,3,1.4,False,isolated,06d868f693a728ac1102e913d6ba675227fc8ef9ccd5c18031507f8350390552,,True,incomplete_service,Not all customers served
0.5,0.5,14,MPC_MCTS_H1,0,c109_21,C1,c139ad52f11e291a5e17b4aa03bc1f1d6ca704b7b2c1a1cec53489d1e749664f,100,21,0d2eb63aa77ae4820451c6700ab15c2313f31fb84696cb2d6ac992ec86825cd2,2d7481bfe4584024e0281b0a46ab0ff8e28b7fd483d4cba8197537b8598bf6c3,0,237,0,0,False,35,62,38,81,19.132030315867873,35,0,False,True,0,0.11952840001322329,3792,0.029045580256799305,0.8271604938271605,0.016903500072658062,3158,0.08641249989159405,0.62,0,0,1147.430128853654,13,1186.1858795838082,338.4749642636147,2.3526920008007437,9024.459578402022,14,14,148,completed,6e363e7987f9db7940345a951bda0fa8a811ec87ee21f04ac4750eeb589ed617,A,baseline,True,iterations,True,12,"[0.5, 0.75, 1.0]",5,partial,1,16,1,4,0.5,3,1.4,False,concurrent,06d868f693a728ac1102e913d6ba675227fc8ef9ccd5c18031507f8350390552,,True,incomplete_service,Not all customers served
0.46,0.5,15,MPC_MCTS_H1,0,r107_21,R1,5d697635eeb16c0747a102d8e507d247180ad407691ff1cdf28c10ed435ca5cd,100,21,9700e95c7f96ae7514383daaa43c18b01a5953ccb6a027488a66e5d872b77c49,99129e7ef900c88a73a618c8040c262748cd02586827b576193899b4ea9db7bf,0,268,0,0,False,40,65,35,86,16.982112987378194,40,0,False,True,0,0.18265990004874766,4288,0.028931527903444287,0.872093023255814,0.01895250001689419,3351,0.06775387495872565,0.65,0,0,134.94851518539664,15,1103.8373441795827,299.8855893008814,2.4881113996962085,1466.3607296768375,15,15,173,completed,6ef0544d829c9bbd1b45f83a0f03ff3cac87e4c6f374d0d315c1759bfa526eb9,A,baseline,True,iterations,True,12,"[0.5, 0.75, 1.0]",5,partial,1,16,1,4,0.5,3,1.4,False,concurrent,06d868f693a728ac1102e913d6ba675227fc8ef9ccd5c18031507f8350390552,,True,incomplete_service,Not all customers served
0.23,0.5,15,COORDINATED_MPC_MCTS,0,r104_21,R1,1489accc1e713d3677c859d4c2c0280feafb50fd687bc72575f8c8ab7e116d72,100,21,ed175200f80ee7479fd3b3e7b6d5e65da85f170bd64d4caf9924626ff0b1dd8e,2385b0f87f40fa8010340f611c52ab16c6690a789802ce92ca20158dc356d01f,0,285,0,0,False,12,81,19,115,20.52978783988915,12,0,False,True,0,2.1718211999395862,4560,0.09513703303958249,3.356521739130435,0.055953399976715446,3679,0.14874973997939375,0.81,0,0,359.7678240436612,34,1662.912815031021,799.4840534303582,10.940758799551986,540.1879292157791,15,15,155,completed,6fe392b5cc962854c66d3b922a3ec3117daf9d1ddef1b0c09be72852296eefd4,A,baseline,True,iterations,True,12,"[0.5, 0.75, 1.0]",5,partial,1,16,5,4,0.5,3,1.4,False,concurrent,06d868f693a728ac1102e913d6ba675227fc8ef9ccd5c18031507f8350390552,,True,incomplete_service,Not all customers served
0.5,0.5,4,COORDINATED_MPC_MCTS,0,c202_21,C2,b841c9a2856d2cd113458395c07615360a2025bdefb319a3d14c6b36efcdbdfb,100,21,d3cab27fc7db3ad9002c06588df1c0f352cd05cd7fe05536165801c572e15853,8b37d704a2790fa01ffc19cbb131d89a1122027ccd4edb1247dd1d1892be2c04,0,67,0,0,False,1,41,59,52,19.865163756318506,1,0,False,True,0,0.45048859994858503,1072,0.09264621153124608,4.019230769230769,0.09791459998814389,953,0.14691586998524142,0.41,0,0,842.8065833296536,10,814.4717140090587,369.65201023230424,4.817602999624796,8161.081628470188,4,4,12,completed,72950e4d904d36f766dfe8ea606998dc9624a7e6dd4a8f7df622046ee20c699e,A,baseline,True,iterations,True,12,"[0.5, 0.75, 1.0]",5,partial,1,16,5,4,0.5,3,1.4,False,concurrent,06d868f693a728ac1102e913d6ba675227fc8ef9ccd5c18031507f8350390552,,True,incomplete_service,Not all customers served
0.5,0.5,19,INDEPENDENT_MPC_MCTS,0,r109_21,R1,3b5daa4b35e310f961f84ecb074db0205997245a4879920308aee3e8446f3478,100,21,f95461d5f0c3cd4b04a8a3050103dbd5655b1f5f5ea50ebee4339e5a308b45f5,3994aeffc6ba551509aa46f7beae8646df5b3556904cf84cb39f734a28faecd9,0,182,0,0,False,25,69,31,113,22.833083850714345,20,0,False,True,0,1.5557994999689981,2912,0.05787051415721993,2.769911504424779,0.021155099966563284,2532,0.12883611998986452,0.69,0,0,268.89078590594323,32,1575.48278569929,584.5451867520504,6.539368099765852,1216.8681843859392,0,19,62,completed,72e7dfc0db04c285f5fdedf61cd796093b6c3763dac911487ba7443b21f5c700,A,baseline,True,iterations,True,12,"[0.5, 0.75, 1.0]",5,partial,1,16,5,4,0.5,3,1.4,False,concurrent,06d868f693a728ac1102e913d6ba675227fc8ef9ccd5c18031507f8350390552,,True,incomplete_service,Not all customers served
0.5,0.5,13,INDEPENDENT_MPC_MCTS,0,c101_21,C1,c5cda6ca63a7d518902cf4b02d98b4aa0f373aaa0658d5c666d1c46d38871cb9,100,21,18cb8c56a43219b437afb391f11d42a3c7d8056ed895f0cb721b15683964ccb8,36effcf880a9fa96164abaa2767519ebec30a23ad53c3bff371f65280f13c403,0,125,0,0,False,7,62,38,99,27.448597679503823,4,0,False,True,0,0.7830145999323577,2000,0.0387393979877798,2.898989898989899,0.029066900024190545,1793,0.06884867997141554,0.62,0,0,2869.146330140253,31,1701.813056129237,846.3558495988948,3.8352004007901996,4552.579697601997,0,13,19,completed,73e3f2f1a70d4db6fbb29a4bd475b29cc75ed43888afb6c7cbe96b2bc8a7c940,A,baseline,True,iterations,True,12,"[0.5, 0.75, 1.0]",5,partial,1,16,5,4,0.5,3,1.4,False,concurrent,06d868f693a728ac1102e913d6ba675227fc8ef9ccd5c18031507f8350390552,,True,incomplete_service,Not all customers served
0.22,0.5,16,INDEPENDENT_MPC_MCTS,0,rc104_21,RC1,09b795b522387813ece99cd898ac3b43749173a1ff8c78c3cb6915fc17be19e3,100,21,36a38d372390d921fdc5f7dfd4bb389ead29fa202f615cca9716c2bb3e0ecb34,d59bf7c59b1196de9c27eb1587d3c5917d66cc8e2595e96846c29fe25ece4bf4,0,156,0,0,False,21,76,24,109,25.441120354790552,18,0,False,True,0,2.1029965000925586,2496,0.08287766788778571,3.073394495412844,0.036800700007006526,2305,0.18066277992911636,0.76,0,0,386.1276112428921,32,1933.525146964082,1016.125292744453,9.033665799768642,260.5590297859854,0,16,32,completed,74c925fe8b2aa4ea79f0bab1ec0af1fc426b536e4284d2840b8daceb75047c65,A,baseline,True,iterations,True,12,"[0.5, 0.75, 1.0]",5,partial,1,16,5,4,0.5,3,1.4,False,concurrent,06d868f693a728ac1102e913d6ba675227fc8ef9ccd5c18031507f8350390552,,True,incomplete_service,Not all customers served
0.23,0.5,17,INDEPENDENT_MPC_MCTS,0,r108_21,R1,bd32fae5a732f3a3125cd853acedb2e38c8ec79d2e55802640146749ea75d8c2,100,21,8a191470b565d8bb6688f8a5da67cb6be1ff7f43f85ce7499a4fe328a11877c6,571b290be69502a81971d06422c8adfebc4e0da34cfe837529eb4e784aa1cf14,0,217,0,0,False,14,90,10,140,20.080392763180555,11,0,False,True,0,2.1134839000878856,3472,0.06304272000228853,3.057142857142857,0.034862999978940934,2980,0.12269169504870658,0.9,0,0,435.08561623343803,39,1807.23534868625,925.7140770924213,8.825980800320394,322.72677023786355,0,17,71,completed,7768b7ceb231cc0b7336034720364c7410efc3e9458203143b39e818bc3d67d6,A,baseline,True,iterations,True,12,"[0.5, 0.75, 1.0]",5,partial,1,16,5,4,0.5,3,1.4,False,concurrent,06d868f693a728ac1102e913d6ba675227fc8ef9ccd5c18031507f8350390552,,True,incomplete_service,Not all customers served
0.5,0.5,3,MPC_MCTS_H1,0,r211_21,R2,79349433753cf23f69aef92bb7e6c6847b15e700badf73129a68b6d1e4915201,100,21,f5f653fdaa766d74cd1a39f415cfd36e8b89d8dc0495415d6d46521b2921f804,2cdb77057c156f3f085166321a255400be0f429d147082ce57781704fa810469,0,78,0,0,False,2,64,36,68,12.189641299739344,2,0,False,True,0,0.06278020003810525,1248,0.016047627942444867,0.9558823529411765,0.014176400029100478,1168,0.0258394600066822,0.64,0,0,20.872368406736605,2,780.137043183318,189.7488036976055,1.091238700086251,1556.784013358155,3,3,9,completed,7790c1f6f3005f28b439bcaee560e6bbe449ba161fc4c3b9482f19a3dbbe1202,A,baseline,True,iterations,True,12,"[0.5, 0.75, 1.0]",5,partial,1,16,1,4,0.5,3,1.4,False,concurrent,06d868f693a728ac1102e913d6ba675227fc8ef9ccd5c18031507f8350390552,,True,incomplete_service,Not all customers served
0.5,0.5,15,GREEDY,0,c108_21,C1,00189c44d787f8b25948d49c96c05a9947f4bbec6ce34744abcc276fa326f000,100,21,64b462ef747967e2904dc547ef5ce2ddf35b2a418495b961e0eb7f81ead0dfa6,c19e71c21e1b9448c6b676e9fd6c9b8a6be0d1d94f75f7eebf9f37d136c0934a,0,347,0,0,False,40,80,20,113,23.896037362093946,40,0,False,True,0,0.027539200033061206,0,0.003203137162701944,0.8407079646017699,0.002026399946771562,0,0.007294360059313474,0.8,0,0,2958.0276281897054,18,1911.6829889675157,872.5745215898835,0.36195449938531965,6470.28938284278,0,15,234,completed,791372a74e7e15a2df702b81b3be49e91132a4ca839f56377ce1268faca09c70,A,baseline,True,iterations,True,12,"[0.5, 0.75, 1.0]",5,partial,1,16,5,4,0.5,3,1.4,False,concurrent,06d868f693a728ac1102e913d6ba675227fc8ef9ccd5c18031507f8350390552,,True,incomplete_service,Not all customers served
0.48,0.5,3,COORDINATED_MPC_MCTS,0,r203_21,R2,0f5bacb4f87f16261b4c8737e252e29dbb4793043442a2c986c2230801e4b880,100,21,030407b31043a45d49f59e803cea6948efae8eed6e5105a10ae7e1464db10a76,da9b4c7e26649fc954e23a266fc50ee5f166858bcba9bc714b6685b036262fd5,0,95,0,0,False,0,68,32,91,13.244175096713283,0,0,False,True,0,0.34504209994338453,1520,0.09648759011051279,4.241758241758242,0.10882359999231994,1424,0.17057575000217184,0.68,0,0,113.24209371520286,19,900.6039065765033,707.7630857200179,8.780370700056665,1306.1539997082934,3,3,5,completed,7a6602417cfd902cb9ee3fdc209845d559d91f8e7b327b3b011c24133831fe28,A,baseline,True,iterations,True,12,"[0.5, 0.75, 1.0]",5,partial,1,16,5,4,0.5,3,1.4,False,concurrent,06d868f693a728ac1102e913d6ba675227fc8ef9ccd5c18031507f8350390552,,True,incomplete_service,Not all customers served
0.5,0.5,4,COORDINATED_MPC_MCTS,0,rc206_21,RC2,338433e91eeffd3d48bf68b3954124ea8f18ba9a94ac084ae6bb7717a0a83314,100,21,3a7a43a6571d0fae68e5379a1419b5bac59b7953b056adf78365869dee79409e,67c7389ddac4f9e054d5885a73535e95fb65b64e5c54864f448e2b935bae06bf,0,58,0,0,False,1,35,65,42,24.662550981864623,1,0,False,True,0,0.4551640000427142,928,0.07716556190557423,3.619047619047619,0.06093360000522807,803,0.16810422500711852,0.35,0,0,9.894366786273917,2,863.1892843652618,76.11051374056859,3.2409536000341177,2616.916348848465,4,4,17,completed,7be962a7ba4d747462e1a27371b34e2d546846f459c1ed4095b6cdb7550b08e5,A,baseline,True,iterations,True,12,"[0.5, 0.75, 1.0]",5,partial,1,16,5,4,0.5,3,1.4,False,concurrent,06d868f693a728ac1102e913d6ba675227fc8ef9ccd5c18031507f8350390552,,True,incomplete_service,Not all customers served
0.46,0.5,15,INDEPENDENT_MPC_MCTS,0,r107_21,R1,5d697635eeb16c0747a102d8e507d247180ad407691ff1cdf28c10ed435ca5cd,100,21,9700e95c7f96ae7514383daaa43c18b01a5953ccb6a027488a66e5d872b77c49,99129e7ef900c88a73a618c8040c262748cd02586827b576193899b4ea9db7bf,0,190,0,0,False,13,85,15,124,18.771440756466195,10,0,False,True,0,1.8594717000378296,3040,0.05633330080402835,2.935483870967742,0.026138699962757528,2533,0.10591465494944709,0.85,0,0,346.91293278959614,29,1595.5724642996265,770.9176284213247,6.985329299699515,332.97104361948453,0,15,61,completed,7bf34bf5abb2319e3c79b6b9cb13a2170368fa43999fd82bd649bcd7f92676f3,A,baseline,True,iterations,True,12,"[0.5, 0.75, 1.0]",5,partial,1,16,5,4,0.5,3,1.4,False,concurrent,06d868f693a728ac1102e913d6ba675227fc8ef9ccd5c18031507f8350390552,,True,incomplete_service,Not all customers served
0.5,0.5,17,COORDINATED_MPC_MCTS,0,r106_21,R1,c4429fe6cc8b839d155ab8d18e6e2aa1ebc4dc45e303a64bd0047e450ebb6050,100,21,f0aa72513eb20346942410320d1ed660344ab77d7475a01e79241c5df05db582,a40345d87c4285c81a5925499597055fb902585d7f45a7b233961a1a5ab147d4,0,299,0,0,False,12,76,24,105,19.65545306877249,12,0,False,True,0,1.3922982000513002,4784,0.0658777628548532,3.0095238095238095,0.04591769992839545,3721,0.09272429996635764,0.76,0,0,282.4358137499183,27,1493.8144332267093,588.4079453123297,6.917165099759586,1297.2579102566813,17,17,179,completed,7c6a156d7372fe20a61545d534d92bab422f76ba8d8e70c10c6501f30a8e4dfc,A,baseline,True,iterations,True,12,"[0.5, 0.75, 1.0]",5,partial,1,16,5,4,0.5,3,1.4,False,concurrent,06d868f693a728ac1102e913d6ba675227fc8ef9ccd5c18031507f8350390552,,True,incomplete_service,Not all customers served
0.5,0.5,3,GREEDY,0,r202_21,R2,d00cf7641d0077492d698a553888f9eb761c39ce58e6cdbe52f3065ea2664913,100,21,772e958316d91724464af2124eaef1daecef0e99c426cc876c5405c912d853dd,8fc9a9559cc48adfd3c65a7b018f464776e2ba5ad0037e972822e0e8975224e3,0,38,0,0,False,2,24,76,31,40.5172424694297,2,0,False,True,0,0.005813000025227666,0,0.0021735645094585997,0.8387096774193549,0.001969899982213974,0,0.005210849980358034,0.24,0,0,49.04086078092509,3,972.4138192663129,377.2373906225007,0.06738049979321659,1738.5453199527622,0,3,8,completed,7cf460b0636cce8c71f383071a34e8f31b72d5377174b75a6489a77ecca664b5,A,baseline,True,iterations,True,12,"[0.5, 0.75, 1.0]",5,partial,1,16,5,4,0.5,3,1.4,False,concurrent,06d868f693a728ac1102e913d6ba675227fc8ef9ccd5c18031507f8350390552,,True,incomplete_service,Not all customers served
0.5,0.5,13,MPC_MCTS_H1,0,c105_21,C1,b03893662d13256c6afe1e4789654b2485cd0d9cdfb3d15fb3fc3f6beac3e6ae,100,21,c16d7d888616d1e5025950bc66ea270abac801a6e020ed7a2c8371f8a90790af,e8aae763bdc50bcde5a86081c8b71d1dcc980b7e0c4cc375a512abe1c4f1620f,0,176,0,0,False,30,43,57,52,19.70515603117156,30,0,False,True,0,0.12484229996334761,2816,0.03351604615230686,0.8653846153846154,0.019239200046285987,2361,0.07778125004842874,0.43,0,0,202.65717856143976,4,847.3217093403771,59.78087863169314,1.742834399919957,10992.392208618343,13,13,116,completed,7e372e6ccc28dac40c840909a76f60712955f1bc9c78bf730666459141ea9120,A,baseline,True,iterations,True,12,"[0.5, 0.75, 1.0]",5,partial,1,16,1,4,0.5,3,1.4,False,concurrent,06d868f693a728ac1102e913d6ba675227fc8ef9ccd5c18031507f8350390552,,True,incomplete_service,Not all customers served
0.23,0.5,13,INDEPENDENT_MPC_MCTS,0,c104_21,C1,a4adf275d08b1c5bbe576a89fafc95f15442586c9da3c6583e68c37c233fe180,100,21,7ea5cdc1bbb15c2c865212f0c5b63af055a5e0a8b50b7abe42cb7c2f88410459,7355d314c2e06a546f61547492335e9a62ad2eca013d7f32dbcaa1ad93eb7575,0,199,0,0,False,12,90,10,138,21.410821726047125,10,0,False,True,0,1.661745599936694,3184,0.06810998840112428,3.1956521739130435,0.04304679995402694,2668,0.12010881995083768,0.9,0,0,3421.4326915476663,35,1926.9739553442412,1009.2721803975417,9.39917839935515,1441.913649361916,0,13,61,completed,7fb51934ac3c64b107006d8ab3d87d94bed38a0886cdc0df467ad508268e17e0,A,baseline,True,iterations,True,12,"[0.5, 0.75, 1.0]",5,partial,1,16,5,4,0.5,3,1.4,False,concurrent,06d868f693a728ac1102e913d6ba675227fc8ef9ccd5c18031507f8350390552,,True,incomplete_service,Not all customers served
0.5,0.5,19,MPC_MCTS_H1,0,r112_21,R1,004d91650145be584ea6392f9bac9bef40e22a63e0f25f4e87e04fdbd2278b0c,100,21,5d2d688393ea73d7304b019a41e95c98d2c011a287aa79b62d31a9462396f3d0,f9720c646dd2848678be055d2f9c15a146d45ca197b2a30855c47a35ff7e9991,0,515,0,0,False,63,88,12,122,18.60266113838591,63,0,False,True,0,0.18263749999459833,8240,0.03967928770570787,0.7868852459016393,0.022161950008012354,6817,0.09758130002301185,0.88,0,0,225.31753578018728,23,1637.03418017796,489.82072995692886,4.84087310009636,1582.3597458635654,19,19,385,completed,805f2b631088f2630bb4c66b292b8733e0fa6ce39260178d1554f1895e04b154,A,baseline,True,iterations,True,12,"[0.5, 0.75, 1.0]",5,partial,1,16,1,4,0.5,3,1.4,False,concurrent,06d868f693a728ac1102e913d6ba675227fc8ef9ccd5c18031507f8350390552,,True,incomplete_service,Not all customers served
0.5,0.5,5,GREEDY,0,rc201_21,RC2,05de9a222789707ffcce07b31776e71b0ca87b7f72f5c0d115af11e39f2a2841,100,21,897b06b0a5232b4a55582c72c913db9299981a7e26d5f99ab9087c2a494b608a,3111702a772029549ac38fd4867734ba646a0cf02b6e64b701af3f948a5afea7,0,76,0,0,False,5,49,51,63,38.58195696559905,5,0,False,True,0,0.014423599932342768,0,0.0018625111108468402,0.8888888888888888,0.0014754000585526228,0,0.004935179976746439,0.49,0,0,161.39429252608235,8,1890.5158913143534,1152.8163751863024,0.11733819998335093,2258.089816159564,0,5,14,completed,80e6b02f17c75a343c493bd75bcbde4d5627371f90355798716c3321bdb3480c,A,baseline,True,iterations,True,12,"[0.5, 0.75, 1.0]",5,partial,1,16,5,4,0.5,3,1.4,False,concurrent,06d868f693a728ac1102e913d6ba675227fc8ef9ccd5c18031507f8350390552,,True,incomplete_service,Not all customers served
0.5,0.5,18,MPC_MCTS_H1,0,rc102_21,RC1,bc76c179fa7448eea5e7d4e8c2b39517a74d68d97f9b428ed0698aef974a71c5,100,21,2652a20c00e537c913ca45f591be401e53e98b2b14608da02c21649ed014071c,1cee4432ea6225b7dc7e3e4a001b76691706f8f44cdf6e6beeb6e8b544f89ad6,0,400,0,0,False,58,59,41,80,22.50255004838743,58,0,False,True,0,0.16788829991128296,6400,0.04327852249698481,0.7375,0.020119849999900907,5068,0.12092279004282316,0.59,0,0,63.6301583562409,11,1327.6504528548585,167.44778514800237,3.4622817997587845,2287.973758696009,18,18,312,completed,813879bc43301c7bc6895fe4747ed725ec58af81f26cc5bbd4371820cadb1b80,A,baseline,True,iterations,True,12,"[0.5, 0.75, 1.0]",5,partial,1,16,1,4,0.5,3,1.4,False,concurrent,06d868f693a728ac1102e913d6ba675227fc8ef9ccd5c18031507f8350390552,,True,incomplete_service,Not all customers served
0.5,0.5,18,MPC_MCTS_H1,0,rc108_21,RC1,e0bbd077f766d20a9e4c89f20604194bd7854b957653654cc6daa8fc729da355,100,21,1333cad9230e74ac53b5ae0fe8dcbb5fc0c14a6a9f561abf1324c241738de4cc,f06925037622c36d6ce86689e326fd0209dc6a45ea5aba1420c90684a8e61222,0,384,0,0,False,57,88,12,117,21.69569832454099,57,0,False,True,0,0.16684139997232705,6144,0.02857603161679342,0.7863247863247863,0.016695199999958277,4923,0.08054470003116876,0.88,0,0,210.98519662128635,18,1909.2214525596073,555.2242016349641,3.34339569916483,1269.7059080196761,18,18,260,completed,81586df1be133a7a31344f5f9b1e2e3bb66a9dc875bb0739fd7c3f3cc9d0d0fc,A,baseline,True,iterations,True,12,"[0.5, 0.75, 1.0]",5,partial,1,16,1,4,0.5,3,1.4,False,concurrent,06d868f693a728ac1102e913d6ba675227fc8ef9ccd5c18031507f8350390552,,True,incomplete_service,Not all customers served
0.5,0.5,17,COORDINATED_MPC_MCTS,0,r111_21,R1,19de756dae96333fb5c0533b056585371305c79aa2a65908cb9b3a0db9e97b21,100,21,0d78a4e457b3f0b6e92f6d00205cd6edbc9e2f99ac0903f5ad08bf50035f07c4,e141a5adeaa6b49ef65b326ec403c4006c8e14de001a0bf69125cd702586c312,0,347,0,0,False,10,72,28,99,19.168321428284518,10,0,False,True,0,1.7704527999740094,5552,0.09488857575960344,3.272727272727273,0.05791109998244792,4343,0.23519717999733972,0.72,0,0,248.63946214881065,27,1380.1191428364853,540.5205698887188,9.393969000200741,1373.3478647920776,17,17,231,completed,83b3c40d16b30dff88818d946adc50e8c1eaa2520e46fb39f9c2bdcfb425ebd7,A,baseline,True,iterations,True,12,"[0.5, 0.75, 1.0]",5,partial,1,16,5,4,0.5,3,1.4,False,concurrent,06d868f693a728ac1102e913d6ba675227fc8ef9ccd5c18031507f8350390552,,True,incomplete_service,Not all customers served
0.5,0.5,5,INDEPENDENT_MPC_MCTS,0,c208_21,C2,6238a471231c4a029781b0059d2394708f055df07192948a8e1e1f462a7ccbea,100,21,711258b6e16dd832319ba5a781e77cc16979b839c32bebf76d9b717a7cbd1531,dd13850e5a4f0617eae79cd862fe9bb53d2688907365f5f526dec3b80f6ee63e,0,50,0,0,False,3,38,62,46,17.354490364752387,2,0,False,True,0,0.3815201000543311,800,0.08518505434546134,4.239130434782608,0.08853480004472658,796,0.1434608749987092,0.38,0,0,524.9627893199215,7,659.4706338605907,229.24139271612293,3.9185124998912215,10127.9148781205,0,5,0,completed,8467cd9b54a36ffbcb445cd8b3a262cc1c168ac947d559c45ffe9389c74a3db9,A,baseline,True,iterations,True,12,"[0.5, 0.75, 1.0]",5,partial,1,16,5,4,0.5,3,1.4,False,concurrent,06d868f693a728ac1102e913d6ba675227fc8ef9ccd5c18031507f8350390552,,True,incomplete_service,Not all customers served
0.49,0.5,3,COORDINATED_MPC_MCTS,0,rc203_21,RC2,91119fe630bd3d0e91665ca7b935a738d46c66181df4b93f28ecef21d6818991,100,21,9964f243baa3adf8fdf6686cfcdaa84615c84ee30edd03c274aaad0b189fa6e5,44cc44b37b1764b3bf45c07a6e23158cb7dc3a7282a89de569e5cf0b7b175487,0,74,0,0,False,1,55,45,67,16.953829879888403,1,0,False,True,0,0.4153055000351742,1184,0.09407384924541937,4.059701492537314,0.10796289995778352,1048,0.1730185699649155,0.55,0,0,66.66003434101088,9,932.4606433938621,476.143102435792,6.302947899443097,1329.7651115050494,3,3,7,completed,8549c97413665738a0fa5b0dd42327cf1bffb2341c14f17b2134057ec9a2f132,A,baseline,True,iterations,True,12,"[0.5, 0.75, 1.0]",5,partial,1,16,5,4,0.5,3,1.4,False,concurrent,06d868f693a728ac1102e913d6ba675227fc8ef9ccd5c18031507f8350390552,,True,incomplete_service,Not all customers served
0.47,0.5,13,GREEDY,0,c103_21,C1,081891d829a6813a37f34f7e5752a4b839f4119032ec81867292863e5958d21b,100,21,5ad1c5ee8cf3d69335e9dcf53ab23516493536ef3644a2cffc96e5adf6bef2c9,a328af401ffd40530e67d73a39b003241ecd12baf9af4619de6e993ebce2bcd4,0,208,0,0,False,30,65,35,95,27.823912117912155,30,0,False,True,0,0.025149299995973706,0,0.003225508411905091,0.8210526315789474,0.002144100028090179,0,0.00856914994074031,0.65,0,0,2799.931103669613,17,1808.55428766429,825.9383786636026,0.30642329913098365,5609.514608666096,0,13,113,completed,86deb55897d31e2cba63f913f02089bc2b75e0333e82539a5f410d1c5ce0a3b8,A,baseline,True,iterations,True,12,"[0.5, 0.75, 1.0]",5,partial,1,16,5,4,0.5,3,1.4,False,concurrent,06d868f693a728ac1102e913d6ba675227fc8ef9ccd5c18031507f8350390552,,True,incomplete_service,Not all customers served
0.24,0.5,4,INDEPENDENT_MPC_MCTS,0,c204_21,C2,854999d8b750973b84158c69d39541982d1bb2d3b8c4b81992eba26adabade43,100,21,87743b67940c71b4751941b3c3d6d899b46f73c1b496813459d9642288317528,1242c808038e519e501ebb10ce4b3653db960db6810408207dc0627347acf5c4,0,83,0,0,False,1,59,41,77,15.086836366765825,1,0,False,True,0,0.47411840001586825,1328,0.08349695324583294,3.9740259740259742,0.0850198999978602,1226,0.14215467995963996,0.59,0,0,1060.2336966275714,15,890.1233456391836,462.9841469989395,6.429265399929136,6053.899146865037,0,4,5,completed,88ad97c5c436cf369e728a931bbe8b02549d50cb047fbe4fc1c35af4dfc860ba,A,baseline,True,iterations,True,12,"[0.5, 0.75, 1.0]",5,partial,1,16,5,4,0.5,3,1.4,False,concurrent,06d868f693a728ac1102e913d6ba675227fc8ef9ccd5c18031507f8350390552,,True,incomplete_service,Not all customers served
0.5,0.5,21,COORDINATED_MPC_MCTS,0,rc101_21,RC1,272a3e58d53d4ba9516f01506164cf8a9b98bfeeb8dbd1fd62f6557e4c98e3a1,100,21,f4b729450b2911296fb332aa2b29aacf3be08754cc2c811f83ebe8617dc4124b,4208fd31438639b8f67328ae68f1c1d5b20c3c87949003fe710e9a91367b453d,0,410,0,0,False,21,78,22,113,27.83407545356151,21,0,False,True,0,1.1086510000750422,6560,0.04772898583133103,2.893805309734513,0.029905700008384883,4772,0.10034653998445713,0.78,0,0,313.34957673713865,31,2171.057885377798,824.6041493082596,5.393375398940407,1596.8722907515153,21,21,280,completed,892d7b1ebac87175f57986a93a1215b6c17483ef6827d4284c19179665cdbf3e,A,baseline,True,iterations,True,12,"[0.5, 0.75, 1.0]",5,partial,1,16,5,4,0.5,3,1.4,False,isolated,06d868f693a728ac1102e913d6ba675227fc8ef9ccd5c18031507f8350390552,,True,incomplete_service,Not all customers served
0.5,0.5,5,INDEPENDENT_MPC_MCTS,0,c201_21,C2,cc755a6ec3edab8c320bf901f0c3bd34cea80123cf831b0059ea01c13c96bf1d,100,21,7709cf25d863e433db5f930daea8f385c3be3136daa80a5ec82080b243a85230,9ab599bea8692723939603e1b081946a4ebd7f76a1d26675553a2d7862c98003,0,39,0,0,False,0,31,69,35,19.486011139382033,0,0,False,True,0,0.3866203000070527,624,0.07720058286629085,4.142857142857143,0.07087269995827228,617,0.13495917995460321,0.31,0,0,406.38124106384,3,604.066345320843,178.2373864315088,2.7020204003201798,11732.497085234229,0,5,0,completed,8df5f5b61cc7356663472725a3cd165cea86c88cce57dc223c79f3475374c2c5,A,baseline,True,iterations,True,12,"[0.5, 0.75, 1.0]",5,partial,1,16,5,4,0.5,3,1.4,False,concurrent,06d868f693a728ac1102e913d6ba675227fc8ef9ccd5c18031507f8350390552,,True,incomplete_service,Not all customers served
0.49,0.5,4,COORDINATED_MPC_MCTS,0,c203_21,C2,6dd3ef19a40edf5694cdf606a1e60e8aecb3f2b5aa11094659d3af226bf7a24e,100,21,475b94623d2e49d079a5cf2546a0f423fb702c6ac7bf234262e68340346afb45,7164e66905d528efddd360eb25784257e18ef0ab233fdded706168706f810fe0,0,95,0,0,False,1,61,39,84,17.527252523260874,1,0,False,True,0,0.43483519996516407,1520,0.09172038451513453,4.178571428571429,0.09831009997287765,1429,0.14830036000930705,0.61,0,0,1443.777956603975,21,1069.1624039189132,633.2359458789365,7.7045122992713,5417.534665447827,4,4,9,completed,8fcf45631ed696bee8ee392e6abac900b2969071b52c52789ed1ee6692768c54,A,baseline,True,iterations,True,12,"[0.5, 0.75, 1.0]",5,partial,1,16,5,4,0.5,3,1.4,False,concurrent,06d868f693a728ac1102e913d6ba675227fc8ef9ccd5c18031507f8350390552,,True,incomplete_service,Not all customers served
0.23,0.5,15,MPC_MCTS_H1,0,r104_21,R1,1489accc1e713d3677c859d4c2c0280feafb50fd687bc72575f8c8ab7e116d72,100,21,ed175200f80ee7479fd3b3e7b6d5e65da85f170bd64d4caf9924626ff0b1dd8e,2385b0f87f40fa8010340f611c52ab16c6690a789802ce92ca20158dc356d01f,0,261,0,0,False,40,85,15,101,14.905139180807799,40,0,False,True,0,0.1785507999593392,4176,0.028447351485287938,0.9405940594059405,0.019969500019215047,3378,0.06927500001620501,0.85,0,0,181.14011872799787,12,1266.9368303686629,402.5335971733286,2.8731825000140816,1080.9823013249143,15,15,149,completed,912bb8a0827404bd15880359f2f0a65a0eb4fb89d3dd030e51c88b833e7a5b69,A,baseline,True,iterations,True,12,"[0.5, 0.75, 1.0]",5,partial,1,16,1,4,0.5,3,1.4,False,concurrent,06d868f693a728ac1102e913d6ba675227fc8ef9ccd5c18031507f8350390552,,True,incomplete_service,Not all customers served
0.5,0.5,4,COORDINATED_MPC_MCTS,0,r209_21,R2,d680f3d329fc57ace65528c0d63b03e2acbbd8eccc698bebb89efbd5da55beb6,100,21,77f8d052731460c04f9c1c1ac98a40b94013f9882542cc8133896f59ca796d97,71bcbb47e16a3703b764b43f178a56f27a702463673b3601706f45ecd1c2c1d4,0,74,0,0,False,1,54,46,68,17.727221638153257,1,0,False,True,0,0.4440873999847099,1184,0.08831177500542253,4.0,0.09468360000755638,1073,0.1695245749724563,0.54,0,0,82.80538631495794,11,957.2699684602758,517.5336644684871,6.005200700368732,2413.0454031668455,4,4,5,completed,93b64d9ad4622a15a066b130b1101d57857d5ba005f9a37d3124b68c7543ef9b,A,baseline,True,iterations,True,12,"[0.5, 0.75, 1.0]",5,partial,1,16,5,4,0.5,3,1.4,False,concurrent,06d868f693a728ac1102e913d6ba675227fc8ef9ccd5c18031507f8350390552,,True,incomplete_service,Not all customers served
0.5,0.5,18,INDEPENDENT_MPC_MCTS,0,rc102_21,RC1,bc76c179fa7448eea5e7d4e8c2b39517a74d68d97f9b428ed0698aef974a71c5,100,21,2652a20c00e537c913ca45f591be401e53e98b2b14608da02c21649ed014071c,1cee4432ea6225b7dc7e3e4a001b76691706f8f44cdf6e6beeb6e8b544f89ad6,0,188,0,0,False,16,78,22,113,24.764095066999978,15,0,False,True,0,1.5981144000543281,3008,0.058829155755723804,2.6548672566371683,0.03218350000679493,2539,0.10945918003562813,0.78,0,0,292.68063203756793,28,1931.5994152259982,770.2121895725472,6.64769460039679,719.6316297918157,0,18,64,completed,94040ef354507b6cb45e1b52a5074229f6bc8c8218e2e99da780fc9e0a66daff,A,baseline,True,iterations,True,12,"[0.5, 0.75, 1.0]",5,partial,1,16,5,4,0.5,3,1.4,False,concurrent,06d868f693a728ac1102e913d6ba675227fc8ef9ccd5c18031507f8350390552,,True,incomplete_service,Not all customers served
0.5,0.5,6,COORDINATED_MPC_MCTS,0,c207_21,C2,5497fec1e51e3068076fc7b5049e7261e4d05edbf023efad771bc64e3e6651d4,100,21,7e3cd4e4722560cad11a46676663e8c5cd6fe22d670289db0fc02d1cdcf06386,c135fedb6638e8cc9f9efafc692a06a07e8375102f6494c5dfd9a0f59b09bd53,0,50,0,0,False,3,20,80,23,18.509239933704308,3,0,False,True,0,0.5500109000131488,800,0.10588676520906713,3.347826086956522,0.07477800000924617,680,0.27792843995848654,0.2,0,0,0.0,0,370.18479867408615,0.0,2.435395599808544,18114.884294666175,6,6,24,completed,948d691fe7e9f8767c3785bfe795373cf5c099b7215423304029a901e2a5425f,A,baseline,True,iterations,True,12,"[0.5, 0.75, 1.0]",5,partial,1,16,5,4,0.5,3,1.4,False,concurrent,06d868f693a728ac1102e913d6ba675227fc8ef9ccd5c18031507f8350390552,,True,incomplete_service,Not all customers served
0.5,0.5,19,INDEPENDENT_MPC_MCTS,0,r112_21,R1,004d91650145be584ea6392f9bac9bef40e22a63e0f25f4e87e04fdbd2278b0c,100,21,5d2d688393ea73d7304b019a41e95c98d2c011a287aa79b62d31a9462396f3d0,f9720c646dd2848678be055d2f9c15a146d45ca197b2a30855c47a35ff7e9991,0,290,0,0,False,17,83,17,132,19.792674015110833,16,0,False,True,0,1.8667549999663606,4640,0.05974281363975906,2.507575757575758,0.027748650056309998,3797,0.1157234799989963,0.83,0,0,314.73615894891145,28,1642.7919432541992,684.2090411932858,7.886051400448196,1046.1126597038574,0,19,160,completed,9533c9385c664ee19237e25d1ce4ad8a5b11987b38831652709e26d444484751,A,baseline,True,iterations,True,12,"[0.5, 0.75, 1.0]",5,partial,1,16,5,4,0.5,3,1.4,False,concurrent,06d868f693a728ac1102e913d6ba675227fc8ef9ccd5c18031507f8350390552,,True,incomplete_service,Not all customers served
0.5,0.5,17,MPC_MCTS_H1,0,r111_21,R1,19de756dae96333fb5c0533b056585371305c79aa2a65908cb9b3a0db9e97b21,100,21,0d78a4e457b3f0b6e92f6d00205cd6edbc9e2f99ac0903f5ad08bf50035f07c4,e141a5adeaa6b49ef65b326ec403c4006c8e14de001a0bf69125cd702586c312,0,406,0,0,False,51,72,28,93,17.056838099688648,51,0,False,True,0,0.16098970000166446,6496,0.034279835481767454,0.8172043010752689,0.021312400000169873,4998,0.0876073600025845,0.72,0,0,115.4711843662414,13,1228.0923431775825,251.0243138396552,3.188024699804373,1767.8561172711004,17,17,304,completed,9807af29795107ea0fc4e81c32f353fb2eb4e6f82d52289eff2330f0816309bd,A,baseline,True,iterations,True,12,"[0.5, 0.75, 1.0]",5,partial,1,16,1,4,0.5,3,1.4,False,concurrent,06d868f693a728ac1102e913d6ba675227fc8ef9ccd5c18031507f8350390552,,True,incomplete_service,Not all customers served
0.5,0.5,4,MPC_MCTS_H1,0,r206_21,R2,0f91dfe490289e1024c58a484c644645312279512619cf68832fa335c98ab5ce,100,21,a465a2e6be086eb9c600826cff3e0f0ea6314b645e1d2fd870788d44cd8a605d,11a45eecf3bb27e12da50358eb7a7e2c56967081dfb44cd6245b30dfb2742c76,0,87,0,0,False,3,65,35,72,13.101541180511301,3,0,False,True,0,0.06777550000697374,1392,0.018011313892202452,0.9305555555555556,0.01511819998268038,1265,0.03217347496538423,0.65,0,0,52.138176946568386,2,851.6001767332345,306.69515850922573,1.2968146002385765,2443.434790978642,4,4,16,completed,98fee12596482f633952bcd4068f3e38b2c532d73102181b38f6a93861cfbaa6,A,baseline,True,iterations,True,12,"[0.5, 0.75, 1.0]",5,partial,1,16,1,4,0.5,3,1.4,False,concurrent,06d868f693a728ac1102e913d6ba675227fc8ef9ccd5c18031507f8350390552,,True,incomplete_service,Not all customers served
0.5,0.5,4,GREEDY,0,r209_21,R2,d680f3d329fc57ace65528c0d63b03e2acbbd8eccc698bebb89efbd5da55beb6,100,21,77f8d052731460c04f9c1c1ac98a40b94013f9882542cc8133896f59ca796d97,71bcbb47e16a3703b764b43f178a56f27a702463673b3601706f45ecd1c2c1d4,0,67,0,0,False,3,46,54,59,31.98358993513882,3,0,False,True,0,0.014892600011080503,0,0.0022327271092809358,0.8813559322033898,0.0017458000220358372,0,0.00560839991085231,0.46,0,0,155.21719979044155,7,1471.2451370163858,970.1074986902598,0.1317308994475752,1913.5376631931726,0,4,10,completed,9b4fbf877150a2b23d42a3a9aa6c59f9a658d4b3bc95becdf62abf37c3d7627c,A,baseline,True,iterations,True,12,"[0.5, 0.75, 1.0]",5,partial,1,16,5,4,0.5,3,1.4,False,concurrent,06d868f693a728ac1102e913d6ba675227fc8ef9ccd5c18031507f8350390552,,True,incomplete_service,Not all customers served
0.5,0.5,19,GREEDY,0,rc107_21,RC1,742bf2041a792f18790cb166be889716210d070bcbc19bebfd4bd111f1fb7392,100,21,310ae04a2c80fe391b3fc7a32bec84690267bbfdea363c15841f843b53aa17a9,ff160afa0432c3565c6b8052bdf996cc06f38e7ab4e61221057e58d6caea8a95,0,378,0,0,False,63,68,32,112,33.35952500934912,63,0,False,True,0,0.02877310011535883,0,0.00363191518408712,0.7321428571428571,0.0022821499733254313,0,0.00767507993732578,0.68,0,0,332.89157854220815,23,2268.44770063574,876.0304698479162,0.40677450061775744,1278.6607208220519,0,19,268,completed,9b785869bfdfdc4703b08da5a3b9c43e9ef9ddba82e64523320b2460ee38e6a5,A,baseline,True,iterations,True,12,"[0.5, 0.75, 1.0]",5,partial,1,16,5,4,0.5,3,1.4,False,concurrent,06d868f693a728ac1102e913d6ba675227fc8ef9ccd5c18031507f8350390552,,True,incomplete_service,Not all customers served
0.24,0.5,4,GREEDY,0,c204_21,C2,854999d8b750973b84158c69d39541982d1bb2d3b8c4b81992eba26adabade43,100,21,87743b67940c71b4751941b3c3d6d899b46f73c1b496813459d9642288317528,1242c808038e519e501ebb10ce4b3653db960db6810408207dc0627347acf5c4,0,63,0,0,False,3,39,61,56,35.15680459113584,3,0,False,True,0,0.013223899994045496,0,0.0022783642821845467,0.8571428571428571,0.001734349993057549,0,0.0063822000520303845,0.39,0,0,2141.302919018608,11,1371.1153790542978,935.0667768640209,0.1275883998023346,6537.581701927093,0,4,9,completed,9e4593092b1d01fb7be84cdf66489012e3bab1a0f646512b33c845d3994dcebb,A,baseline,True,iterations,True,12,"[0.5, 0.75, 1.0]",5,partial,1,16,5,4,0.5,3,1.4,False,concurrent,06d868f693a728ac1102e913d6ba675227fc8ef9ccd5c18031507f8350390552,,True,incomplete_service,Not all customers served
0.5,0.5,20,INDEPENDENT_MPC_MCTS,0,r101_21,R1,0e5a3dffffbd3c516b528ef32ba1a488b817d2f151fc3e8c81023814de1c103a,100,21,eff55182b21377e4bea8207e9200f55561609fca70ed7b70d688aaf23af4b5ae,89afc6a13ace161299c804b89b155cfbb0ef27b628207f852fa9b81f88148862,0,199,0,0,False,17,64,36,103,25.468775448621514,15,0,False,True,0,1.1553627999965101,3184,0.045188581554029245,2.3980582524271843,0.022607199964113533,2480,0.10677016999106845,0.64,0,0,330.4651504433163,34,1630.001628711777,688.4690634235757,4.654423900065012,1579.962000466032,0,20,81,completed,9e6aeab266d2123b3a7553f191fb68d6a082d1de80c39fc38b273bbec985adbd,A,baseline,True,iterations,True,12,"[0.5, 0.75, 1.0]",5,partial,1,16,5,4,0.5,3,1.4,False,concurrent,06d868f693a728ac1102e913d6ba675227fc8ef9ccd5c18031507f8350390552,,True,incomplete_service,Not all customers served
0.5,0.5,4,COORDINATED_MPC_MCTS,0,r205_21,R2,2769db71fea903b3fa3e4dbb13f24f1e42c4ccd207bd72fb8f7d5e87c70ad296,100,21,9c1d07ccacccc18ff94c19d7e2da475b31f6116a9a346dc161c559e377085545,7bad49d5aa6775832c41beb40fc63c271f5fbc1eeffbd5c32c0ac3cc5751f1c6,0,63,0,0,False,1,44,56,52,21.13341686537533,1,0,False,True,0,0.5329459001077339,1008,0.10556733269074287,4.25,0.10592979995999485,915,0.1950985100178513,0.44,0,0,56.24982621908923,6,929.8703420765146,374.9988414605949,5.489501299918629,2560.696842967264,4,4,9,completed,9fdea5a8803658c4be8b1ed270a270cd87457f5c1e6960fd956d11870f9632f9,A,baseline,True,iterations,True,12,"[0.5, 0.75, 1.0]",5,partial,1,16,5,4,0.5,3,1.4,False,concurrent,06d868f693a728ac1102e913d6ba675227fc8ef9ccd5c18031507f8350390552,,True,incomplete_service,Not all customers served
0.24,0.5,3,INDEPENDENT_MPC_MCTS,0,r204_21,R2,ab20466fef3c9ed4f7c9e4896fb2ec182b2dc0426a3f49e7dce5ff6716ebad07,100,21,91d6415d0a5e8c254b1d5461fc5021ea3114885f0fe102f5f98dce192283aa4e,46bcd63eb3c3dd25afde70ba4e630bf4941c34dc3d5311d0ab162c8152d73ed0,0,85,0,0,False,0,69,31,83,13.642365408754744,0,0,False,True,0,0.4025444999570027,1360,0.08568912408881293,4.168674698795181,0.10030449996702373,1298,0.1695864299777894,0.69,0,0,35.222488483389455,12,941.3232132040773,293.52073736157877,7.1121972993714735,1290.5184515595492,0,3,1,completed,a04530c843cd8e45854242caf5f65b9a922ad5908eb565900194ea702debfde0,A,baseline,True,iterations,True,12,"[0.5, 0.75, 1.0]",5,partial,1,16,5,4,0.5,3,1.4,False,concurrent,06d868f693a728ac1102e913d6ba675227fc8ef9ccd5c18031507f8350390552,,True,incomplete_service,Not all customers served
0.5,0.5,4,INDEPENDENT_MPC_MCTS,0,r210_21,R2,0c17062cb1c84513442ae7e3e36f0e462414ef2942c285d4c508b831a1bfe352,100,21,d4737b3f8350e4db3f7513b9709dd6d7e1605c8ceb467bb50c4978b91328878e,969edfdfe8c907592d04ac07880942047f085d44273c447b70cd2fd11de8fee1,0,76,0,0,False,0,59,41,73,17.10879501040675,0,0,False,True,0,0.4263838999904692,1216,0.09506158629904361,4.287671232876712,0.10447979997843504,1206,0.17429764000698922,0.59,0,0,93.66374389990852,13,1009.4189056139983,585.3983993744282,6.939495799830183,2138.223639810224,0,4,0,completed,a113aa1961cce076a649252f1bbaa4f6430b509264c4116cc013eead860fcdcf,A,baseline,True,iterations,True,12,"[0.5, 0.75, 1.0]",5,partial,1,16,5,4,0.5,3,1.4,False,concurrent,06d868f693a728ac1102e913d6ba675227fc8ef9ccd5c18031507f8350390552,,True,incomplete_service,Not all customers served
0.5,0.5,13,INDEPENDENT_MPC_MCTS,0,c107_21,C1,50833205867a7b419f5b371783adeff20da79dc1cca18c8c120576ba08660cf5,100,21,85e34175b48da559ab170585a22374a16f0e772d14acdf59bce3153356c2184f,7f7dc71b89c051985a2f507a8312022b0f6620718ba4ead9e186353666821191,0,192,0,0,False,10,76,24,123,24.735989407853605,6,0,False,True,0,1.1399115999229252,3072,0.05943443577517036,3.186991869918699,0.0409741000039503,2517,0.10826757999602696,0.76,0,0,3275.32469146772,37,1879.9351949968739,966.1724753592094,7.310435600345954,2709.4136007091965,0,13,66,completed,a1c6366d6f6dcfec7b8e429ac6e67ab8ec3a6caae43af6e7ffaca09771fcaeea,A,baseline,True,iterations,True,12,"[0.5, 0.75, 1.0]",5,partial,1,16,5,4,0.5,3,1.4,False,concurrent,06d868f693a728ac1102e913d6ba675227fc8ef9ccd5c18031507f8350390552,,True,incomplete_service,Not all customers served
0.5,0.5,20,GREEDY,0,rc105_21,RC1,134f0830c819643a01a986e2f08fac34137009f7ce97b8b7835ce0a526e7684d,100,21,2f0796e341401148d1db17bcf6b366064b21fc9dfc5c37e17a5b2809be9b4a52,7b44f83570842845e2fa52e38444208a414d7999e74d5aeeda5650cbde802f16,0,465,0,0,False,70,61,39,105,34.27921970179787,70,0,False,True,0,0.03406219999305904,0,0.004328385716126789,0.6857142857142857,0.0030542999738827348,0,0.010296079935505981,0.61,0,0,278.46724550548083,21,2091.0324018096703,732.808540803897,0.45448050019331276,1820.5003526848486,0,20,363,completed,a23f9a5d1637c12b85dea9ce373a287f563e441057fb0acd80a253547a3a26a9,A,baseline,True,iterations,True,12,"[0.5, 0.75, 1.0]",5,partial,1,16,5,4,0.5,3,1.4,False,concurrent,06d868f693a728ac1102e913d6ba675227fc8ef9ccd5c18031507f8350390552,,True,incomplete_service,Not all customers served
0.5,0.5,5,INDEPENDENT_MPC_MCTS,0,rc201_21,RC2,05de9a222789707ffcce07b31776e71b0ca87b7f72f5c0d115af11e39f2a2841,100,21,897b06b0a5232b4a55582c72c913db9299981a7e26d5f99ab9087c2a494b608a,3111702a772029549ac38fd4867734ba646a0cf02b6e64b701af3f948a5afea7,0,37,0,0,False,3,28,72,33,34.28457811443424,2,0,False,True,0,0.4690100000007078,592,0.06778811817904087,3.5454545454545454,0.041681700036861,568,0.1340312799904495,0.28,0,0,21.325890578005364,4,959.9681872041588,152.32778984289544,2.237007899908349,3374.8332594665876,0,5,0,completed,a28ab9e7d7b9db4fca3e1e3a1cc5b054eb3d854d4ba5e1aeab34502542905873,A,baseline,True,iterations,True,12,"[0.5, 0.75, 1.0]",5,partial,1,16,5,4,0.5,3,1.4,False,concurrent,06d868f693a728ac1102e913d6ba675227fc8ef9ccd5c18031507f8350390552,,True,incomplete_service,Not all customers served
0.5,0.5,18,COORDINATED_MPC_MCTS,0,rc102_21,RC1,bc76c179fa7448eea5e7d4e8c2b39517a74d68d97f9b428ed0698aef974a71c5,100,21,2652a20c00e537c913ca45f591be401e53e98b2b14608da02c21649ed014071c,1cee4432ea6225b7dc7e3e4a001b76691706f8f44cdf6e6beeb6e8b544f89ad6,0,373,0,0,False,19,74,26,108,25.485784731716638,19,0,False,True,0,1.4660497000440955,5968,0.06620696666693592,2.861111111111111,0.03718445001868531,4289,0.10295389999519101,0.74,0,0,303.76058716662016,24,1885.9480701470313,799.3699662279477,7.150352400029078,1200.1786589111434,18,18,257,completed,a42d35b191f6c459d958f60c2425aa6c6e9f32093cc614db5483eca8574c2f9a,A,baseline,True,iterations,True,12,"[0.5, 0.75, 1.0]",5,partial,1,16,5,4,0.5,3,1.4,False,concurrent,06d868f693a728ac1102e913d6ba675227fc8ef9ccd5c18031507f8350390552,,True,incomplete_service,Not all customers served
0.5,0.5,3,GREEDY,0,r211_21,R2,79349433753cf23f69aef92bb7e6c6847b15e700badf73129a68b6d1e4915201,100,21,f5f653fdaa766d74cd1a39f415cfd36e8b89d8dc0495415d6d46521b2921f804,2cdb77057c156f3f085166321a255400be0f429d147082ce57781704fa810469,0,62,0,0,False,2,46,54,56,29.617431317173722,2,0,False,True,0,0.018768099951557815,0,0.002149589272448793,0.9107142857142857,0.0017799999914132059,0,0.004049974988447502,0.46,0,0,76.27890173993421,6,1362.4018405899913,693.4445612721291,0.12037699925713241,1101.3192576700744,0,3,7,completed,a45c54a41a58387b0d106ad12c77bb7de64545e46cb5272109aad8d2a0d8ad1b,A,baseline,True,iterations,True,12,"[0.5, 0.75, 1.0]",5,partial,1,16,5,4,0.5,3,1.4,False,concurrent,06d868f693a728ac1102e913d6ba675227fc8ef9ccd5c18031507f8350390552,,True,incomplete_service,Not all customers served
0.5,0.5,18,INDEPENDENT_MPC_MCTS,0,r105_21,R1,e1af01644f1c12eb806238f6ecb363132ca46db2179c544eb61342b3c4b41665,100,21,34d53a851346335ea2cac4ececa1af06be724379047adfbe6640d1e845f7f1e4,70efb4e7ed9a1274700a6d7ca9ac33a1dc8a23a7ad27007258b82b11144147ab,0,218,0,0,False,12,57,43,104,23.901338949014782,11,0,False,True,0,1.365373499924317,3488,0.050483819229367115,2.451923076923077,0.02577304997248575,2751,0.09481762005016198,0.57,0,0,226.7939711876302,32,1362.3763200938427,472.4874399742296,5.25031719985418,1468.8938540636027,0,18,111,completed,a4b6ae9176be35538a9fd2cf789b3f6f1480e68d477348f652ba87244a62fd95,A,baseline,True,iterations,True,12,"[0.5, 0.75, 1.0]",5,partial,1,16,5,4,0.5,3,1.4,False,concurrent,06d868f693a728ac1102e913d6ba675227fc8ef9ccd5c18031507f8350390552,,True,incomplete_service,Not all customers served
0.5,0.5,4,COORDINATED_MPC_MCTS,0,rc202_21,RC2,94205aad7900adeb324a1094a6acf1d36f1b4a6302e9db4c321a16dfbd7642c2,100,21,d7aa39af332598a013039db8289296fa1ebfd8841da912b58bbb391857e3d0d0,9ff9eb70923123ae718d6e3dd107d4b42164a09bd7f77225b530d7f3deec3535,0,74,0,0,False,0,52,48,61,23.389597283995364,0,0,False,True,0,0.5287696999730542,1184,0.10300940491610253,4.180327868852459,0.11426269996445626,1103,0.17111369990743697,0.52,0,0,80.40017427127503,8,1216.259058767759,730.9106751934094,6.283573699882254,2016.427890116772,4,4,10,completed,a5a7914525f9d1a3392ae26fb1addcbb1a977aa99e20d14fa615caf0f035d708,A,baseline,True,iterations,True,12,"[0.5, 0.75, 1.0]",5,partial,1,16,5,4,0.5,3,1.4,False,concurrent,06d868f693a728ac1102e913d6ba675227fc8ef9ccd5c18031507f8350390552,,True,incomplete_service,Not all customers served
0.24,0.5,3,MPC_MCTS_H1,0,r204_21,R2,ab20466fef3c9ed4f7c9e4896fb2ec182b2dc0426a3f49e7dce5ff6716ebad07,100,21,91d6415d0a5e8c254b1d5461fc5021ea3114885f0fe102f5f98dce192283aa4e,46bcd63eb3c3dd25afde70ba4e630bf4941c34dc3d5311d0ab162c8152d73ed0,0,87,0,0,False,2,77,23,80,8.706637967506776,2,0,False,True,0,0.05363370000850409,1392,0.014929687489347998,0.975,0.013519749918486923,1312,0.020885859942063673,0.77,0,0,14.512119862889287,1,670.4111234980218,120.93433219074407,1.1943749991478398,1537.9958798752473,3,3,6,completed,a74b1367d0ef1738f614982b3cbe042043a57be6502470e542cbbf0cfe530d65,A,baseline,True,iterations,True,12,"[0.5, 0.75, 1.0]",5,partial,1,16,1,4,0.5,3,1.4,False,concurrent,06d868f693a728ac1102e913d6ba675227fc8ef9ccd5c18031507f8350390552,,True,incomplete_service,Not all customers served
0.5,0.5,19,COORDINATED_MPC_MCTS,0,rc107_21,RC1,742bf2041a792f18790cb166be889716210d070bcbc19bebfd4bd111f1fb7392,100,21,310ae04a2c80fe391b3fc7a32bec84690267bbfdea363c15841f843b53aa17a9,ff160afa0432c3565c6b8052bdf996cc06f38e7ab4e61221057e58d6caea8a95,0,341,0,0,False,19,83,17,120,24.62678353735137,19,0,False,True,0,2.0241229999810457,5456,0.08244788417165788,2.9166666666666665,0.05081375001464039,4326,0.13100650004926134,0.83,0,0,321.064904193434,26,2044.0230336001634,844.9076426143,9.893746100598946,1192.0853238582813,19,19,213,completed,a84dfeea3793c0dcab182998a74d91efc19e63806d55d7c0f44169245b190f09,A,baseline,True,iterations,True,12,"[0.5, 0.75, 1.0]",5,partial,1,16,5,4,0.5,3,1.4,False,concurrent,06d868f693a728ac1102e913d6ba675227fc8ef9ccd5c18031507f8350390552,,True,incomplete_service,Not all customers served
0.5,0.5,5,GREEDY,0,c201_21,C2,cc755a6ec3edab8c320bf901f0c3bd34cea80123cf831b0059ea01c13c96bf1d,100,21,7709cf25d863e433db5f930daea8f385c3be3136daa80a5ec82080b243a85230,9ab599bea8692723939603e1b081946a4ebd7f76a1d26675553a2d7862c98003,0,120,0,0,False,5,75,25,95,18.68158778758952,5,0,False,True,0,0.006125499960035086,0,0.0015106515787345798,0.9263157894736842,0.0012456999393180013,0,0.003497359971515833,0.75,0,0,2615.522895783432,13,1401.119084069214,1147.1591648172948,0.14351189997978508,6183.358020147354,0,5,27,completed,ab0bcbf152b19677554a5b557c1c37f082b03d0d2b19a648fc1de8eae53fcae3,A,baseline,True,iterations,True,12,"[0.5, 0.75, 1.0]",5,partial,1,16,5,4,0.5,3,1.4,False,concurrent,06d868f693a728ac1102e913d6ba675227fc8ef9ccd5c18031507f8350390552,,True,incomplete_service,Not all customers served
0.5,0.5,3,COORDINATED_MPC_MCTS,0,r207_21,R2,c8a1d5e6977912971c72ea7371a98c9db52a60456275bedbc315a6cf8660fec7,100,21,6550c7246691c71bcc7c3087a1b3af28eccde178dd30940fb181bcc16281da76,2dc246b4c2f051d796adbb8dcfb0353c9a770035dc14e2def5bc5a127ae97465,0,95,0,0,False,0,75,25,89,14.751944846147152,0,0,False,True,0,0.4381000999128446,1520,0.11953610897958906,4.415730337078652,0.13341070001479238,1426,0.19747608006000517,0.75,0,0,55.54097721931476,12,1106.3958634610365,504.91797472104327,10.638713699183427,1079.3369984422616,3,3,5,completed,ab21b4fa0e199aebb0d8348eb0c7d40a7ba1bc5f5b051c863c2f1e61ac13cdea,A,baseline,True,iterations,True,12,"[0.5, 0.75, 1.0]",5,partial,1,16,5,4,0.5,3,1.4,False,concurrent,06d868f693a728ac1102e913d6ba675227fc8ef9ccd5c18031507f8350390552,,True,incomplete_service,Not all customers served
0.5,0.5,4,INDEPENDENT_MPC_MCTS,0,rc206_21,RC2,338433e91eeffd3d48bf68b3954124ea8f18ba9a94ac084ae6bb7717a0a83314,100,21,3a7a43a6571d0fae68e5379a1419b5bac59b7953b056adf78365869dee79409e,67c7389ddac4f9e054d5885a73535e95fb65b64e5c54864f448e2b935bae06bf,0,49,0,0,False,1,35,65,44,30.405979778865678,1,0,False,True,0,0.46103619993664324,784,0.08912477726963433,3.6363636363636362,0.08674200001405552,730,0.15413758996292018,0.35,0,0,56.65708610229291,6,1064.2092922602988,435.82373924840704,3.9214901998639107,2214.417649469984,0,4,4,completed,ab569ea70befcf4d0572dce55b01bb3e9e79f4d86a08aa3e455e920fa3dba4f1,A,baseline,True,iterations,True,12,"[0.5, 0.75, 1.0]",5,partial,1,16,5,4,0.5,3,1.4,False,concurrent,06d868f693a728ac1102e913d6ba675227fc8ef9ccd5c18031507f8350390552,,True,incomplete_service,Not all customers served
0.23,0.5,13,COORDINATED_MPC_MCTS,0,c104_21,C1,a4adf275d08b1c5bbe576a89fafc95f15442586c9da3c6583e68c37c233fe180,100,21,7ea5cdc1bbb15c2c865212f0c5b63af055a5e0a8b50b7abe42cb7c2f88410459,7355d314c2e06a546f61547492335e9a62ad2eca013d7f32dbcaa1ad93eb7575,0,249,0,0,False,10,90,10,133,19.53649723952986,10,0,False,True,0,1.8666500999825075,3984,0.07939675563589242,3.1954887218045114,0.05544460006058216,3140,0.13751909998245537,0.9,0,0,2800.4029267762835,30,1758.2847515576875,826.0775595210275,10.559768499573693,2658.188484587148,13,13,116,completed,abb22d6e4c969e69939d0d5faa6a04fd083c82e6533b6af0b0ec0426853ee3cc,A,baseline,True,iterations,True,12,"[0.5, 0.75, 1.0]",5,partial,1,16,5,4,0.5,3,1.4,False,concurrent,06d868f693a728ac1102e913d6ba675227fc8ef9ccd5c18031507f8350390552,,True,incomplete_service,Not all customers served
0.5,0.5,13,GREEDY,0,c107_21,C1,50833205867a7b419f5b371783adeff20da79dc1cca18c8c120576ba08660cf5,100,21,85e34175b48da559ab170585a22374a16f0e772d14acdf59bce3153356c2184f,7f7dc71b89c051985a2f507a8312022b0f6620718ba4ead9e186353666821191,0,291,0,0,False,30,78,22,111,22.234574430012195,30,0,False,True,0,0.018562400015071034,0,0.0023983891828925357,0.8198198198198198,0.0016505999956279993,0,0.006027949973940849,0.78,0,0,2753.9110212963647,17,1734.2968055409513,812.3631331257714,0.26622119930107147,4559.792173162684,0,13,183,completed,abef4a18cee87c13ce7a2dd077f25065d5093b3e102f13c5f277a59239e5c313,A,baseline,True,iterations,True,12,"[0.5, 0.75, 1.0]",5,partial,1,16,5,4,0.5,3,1.4,False,concurrent,06d868f693a728ac1102e913d6ba675227fc8ef9ccd5c18031507f8350390552,,True,incomplete_service,Not all customers served
0.5,0.5,5,COORDINATED_MPC_MCTS,0,c201_21,C2,cc755a6ec3edab8c320bf901f0c3bd34cea80123cf831b0059ea01c13c96bf1d,100,21,7709cf25d863e433db5f930daea8f385c3be3136daa80a5ec82080b243a85230,9ab599bea8692723939603e1b081946a4ebd7f76a1d26675553a2d7862c98003,0,68,0,0,False,0,40,60,50,20.067820829419386,0,0,False,True,0,0.2265641000121832,1088,0.06258448599139228,4.48,0.060951549967285246,990,0.10935072498978116,0.4,0,0,1128.059639062533,8,802.7128331767755,494.7629995888303,3.1292242995696142,11399.585985536483,5,5,15,completed,ac82fd0149fdf70a1979edca5dd87b7e58bf5d0df38168650d03aaf3e9585305,A,baseline,True,iterations,True,12,"[0.5, 0.75, 1.0]",5,partial,1,16,5,4,0.5,3,1.4,False,isolated,06d868f693a728ac1102e913d6ba675227fc8ef9ccd5c18031507f8350390552,,True,incomplete_service,Not all customers served
0.5,0.5,20,COORDINATED_MPC_MCTS,0,rc105_21,RC1,134f0830c819643a01a986e2f08fac34137009f7ce97b8b7835ce0a526e7684d,100,21,2f0796e341401148d1db17bcf6b366064b21fc9dfc5c37e17a5b2809be9b4a52,7b44f83570842845e2fa52e38444208a414d7999e74d5aeeda5650cbde802f16,0,372,0,0,False,20,79,21,106,26.779873582402384,20,0,False,True,0,1.5262239000294358,5952,0.07090402358071,2.8207547169811322,0.04731774999527261,4464,0.13289667505887337,0.79,0,0,265.91978049664044,23,2115.6100130097884,699.7888960437907,7.51582649955526,1522.8302455720266,20,20,250,completed,aca37813985584001c14fe344d2ebebe99b044c841afe42614052ca3a63038fd,A,baseline,True,iterations,True,12,"[0.5, 0.75, 1.0]",5,partial,1,16,5,4,0.5,3,1.4,False,concurrent,06d868f693a728ac1102e913d6ba675227fc8ef9ccd5c18031507f8350390552,,True,incomplete_service,Not all customers served
0.23,0.5,15,GREEDY,0,r104_21,R1,1489accc1e713d3677c859d4c2c0280feafb50fd687bc72575f8c8ab7e116d72,100,21,ed175200f80ee7479fd3b3e7b6d5e65da85f170bd64d4caf9924626ff0b1dd8e,2385b0f87f40fa8010340f611c52ab16c6690a789802ce92ca20158dc356d01f,0,171,0,0,False,40,60,40,101,31.763670897292872,40,0,False,True,0,0.03002619999460876,0,0.0029374910829736305,0.7722772277227723,0.0015841999556869268,0,0.010989199974574149,0.6,0,0,452.99286386822916,25,1905.8202538375724,1006.6508085960648,0.2966865993803367,491.18688229419837,0,15,71,completed,ad2ef6309b17c713ae04b4d358fdb8fa36f1bf7cd67c05de573ddd90cb364542,A,baseline,True,iterations,True,12,"[0.5, 0.75, 1.0]",5,partial,1,16,5,4,0.5,3,1.4,False,concurrent,06d868f693a728ac1102e913d6ba675227fc8ef9ccd5c18031507f8350390552,,True,incomplete_service,Not all customers served
0.5,0.5,13,MPC_MCTS_H1,0,c102_21,C1,c63f00c8fe479e2c94dc1bb0675dd3bde20a992668b4b9302dc8f0023eb57c7a,100,21,47e0d79c8a9d349a124babfe0e085726fb09080916e40a05cd7d3eea56fa6e59,c15b2f96ee71a87b896f3f818c99cfb9dad6098377dea90c519ad251b9c5a81d,0,184,0,0,False,30,52,48,65,19.075273317194736,30,0,False,True,0,0.1272234000498429,2944,0.024943040006865674,0.8615384615384616,0.016412700060755014,2166,0.06444709999486802,0.52,0,0,400.8753515929825,6,991.9142124941263,118.25231610412463,1.621297600446269,9756.135984814156,13,13,113,completed,ad7ad70e9de8248c4371d04aea44defee26b0ef75815873d6dc337a559e9ef94,A,baseline,True,iterations,True,12,"[0.5, 0.75, 1.0]",5,partial,1,16,1,4,0.5,3,1.4,False,concurrent,06d868f693a728ac1102e913d6ba675227fc8ef9ccd5c18031507f8350390552,,True,incomplete_service,Not all customers served
0.5,0.5,13,COORDINATED_MPC_MCTS,0,c101_21,C1,c5cda6ca63a7d518902cf4b02d98b4aa0f373aaa0658d5c666d1c46d38871cb9,100,21,18cb8c56a43219b437afb391f11d42a3c7d8056ed895f0cb721b15683964ccb8,36effcf880a9fa96164abaa2767519ebec30a23ad53c3bff371f65280f13c403,0,227,0,0,False,4,67,33,104,24.729489905131246,4,0,False,True,0,0.5761070000007749,3632,0.034140480770684704,3.019230769230769,0.025709500012453645,2566,0.06240659995819442,0.67,0,0,2763.1598724554133,29,1656.8758236437934,815.0914078039567,3.5506100001512095,5158.309834757853,13,13,118,completed,ada5dbee3a6eb60a00cdd814b6085a33755f5d307fd05fc0d39f6fcf64f890a5,A,baseline,True,iterations,True,12,"[0.5, 0.75, 1.0]",5,partial,1,16,5,4,0.5,3,1.4,False,isolated,06d868f693a728ac1102e913d6ba675227fc8ef9ccd5c18031507f8350390552,,True,incomplete_service,Not all customers served
0.5,0.5,4,INDEPENDENT_MPC_MCTS,0,c202_21,C2,b841c9a2856d2cd113458395c07615360a2025bdefb319a3d14c6b36efcdbdfb,100,21,d3cab27fc7db3ad9002c06588df1c0f352cd05cd7fe05536165801c572e15853,8b37d704a2790fa01ffc19cbb131d89a1122027ccd4edb1247dd1d1892be2c04,0,50,0,0,False,1,42,58,47,15.742590057090572,1,0,False,True,0,0.4242880999809131,800,0.08027612978959099,3.893617021276596,0.07265869993716478,782,0.1350636600051075,0.42,0,0,507.131998924616,4,661.1887823978041,222.42631531781404,3.7729781001107767,8075.470207210984,0,4,0,completed,aeef4253fa6e1f7a194c2fa3b9e15886d8f737eb71623b01dc1227cda9bf050e,A,baseline,True,iterations,True,12,"[0.5, 0.75, 1.0]",5,partial,1,16,5,4,0.5,3,1.4,False,concurrent,06d868f693a728ac1102e913d6ba675227fc8ef9ccd5c18031507f8350390552,,True,incomplete_service,Not all customers served
0.5,0.5,14,INDEPENDENT_MPC_MCTS,0,c109_21,C1,c139ad52f11e291a5e17b4aa03bc1f1d6ca704b7b2c1a1cec53489d1e749664f,100,21,0d2eb63aa77ae4820451c6700ab15c2313f31fb84696cb2d6ac992ec86825cd2,2d7481bfe4584024e0281b0a46ab0ff8e28b7fd483d4cba8197537b8598bf6c3,0,180,0,0,False,12,82,18,124,22.56989733841089,10,0,False,True,0,1.3568310000700876,2880,0.06510292339390295,3.0806451612903225,0.04839584993897006,2416,0.12170973492902702,0.82,0,0,3377.8086468500564,30,1850.7315817496929,996.403730634235,8.072762500843965,2893.6420607282093,0,14,54,completed,b04d567cc6efe57926389fb089b54af6ae0732d1072bcceb1afa53e8d79e980a,A,baseline,True,iterations,True,12,"[0.5, 0.75, 1.0]",5,partial,1,16,5,4,0.5,3,1.4,False,concurrent,06d868f693a728ac1102e913d6ba675227fc8ef9ccd5c18031507f8350390552,,True,incomplete_service,Not all customers served
0.5,0.5,21,GREEDY,0,rc101_21,RC1,272a3e58d53d4ba9516f01506164cf8a9b98bfeeb8dbd1fd62f6557e4c98e3a1,100,21,f4b729450b2911296fb332aa2b29aacf3be08754cc2c811f83ebe8617dc4124b,4208fd31438639b8f67328ae68f1c1d5b20c3c87949003fe710e9a91367b453d,0,531,0,0,False,77,66,34,106,30.92532738473017,77,0,False,True,0,0.01752310001756996,0,0.003308536791251445,0.6886792452830188,0.0027082000160589814,0,0.006033574987668544,0.66,0,0,249.59469886928886,17,2041.0716073921913,656.8281549191812,0.3507048998726532,2089.33369373852,0,21,427,completed,b47bd5ca9c33039d7d4ab510b9ecbeeed14a882c8dd011f1620cf3507db0d101,A,baseline,True,iterations,True,12,"[0.5, 0.75, 1.0]",5,partial,1,16,5,4,0.5,3,1.4,False,concurrent,06d868f693a728ac1102e913d6ba675227fc8ef9ccd5c18031507f8350390552,,True,incomplete_service,Not all customers served
0.5,0.5,3,INDEPENDENT_MPC_MCTS,0,r202_21,R2,d00cf7641d0077492d698a553888f9eb761c39ce58e6cdbe52f3065ea2664913,100,21,772e958316d91724464af2124eaef1daecef0e99c426cc876c5405c912d853dd,8fc9a9559cc48adfd3c65a7b018f464776e2ba5ad0037e972822e0e8975224e3,0,63,0,0,False,1,48,52,57,17.785341658647894,1,0,False,True,0,0.2703153000911698,1008,0.08662435613785005,4.0,0.0955786999547854,889,0.1697019999846816,0.48,0,0,23.265604242462434,6,853.6963996150989,178.96618648048025,4.9375882998574525,1619.622810710908,0,3,6,completed,b4b001f6dddcc78abdad94c7a0ccfabb65ad925af08b7a19c72419ea35852f7e,A,baseline,True,iterations,True,12,"[0.5, 0.75, 1.0]",5,partial,1,16,5,4,0.5,3,1.4,False,concurrent,06d868f693a728ac1102e913d6ba675227fc8ef9ccd5c18031507f8350390552,,True,incomplete_service,Not all customers served
0.5,0.5,19,GREEDY,0,r109_21,R1,3b5daa4b35e310f961f84ecb074db0205997245a4879920308aee3e8446f3478,100,21,f95461d5f0c3cd4b04a8a3050103dbd5655b1f5f5ea50ebee4339e5a308b45f5,3994aeffc6ba551509aa46f7beae8646df5b3556904cf84cb39f734a28faecd9,0,309,0,0,False,63,74,26,120,26.816104115167775,63,0,False,True,0,0.022273899987339973,0,0.00270669833116699,0.75,0.0019067999674007297,0,0.006633429956855243,0.74,0,0,419.73414083424217,24,1984.3917045224152,912.4655235527003,0.3248037997400388,1225.8741546433428,0,19,192,completed,b63f18c09f61c5dbaec9f4ba984feb93736f280b4f51641127e6127154803a8f,A,baseline,True,iterations,True,12,"[0.5, 0.75, 1.0]",5,partial,1,16,5,4,0.5,3,1.4,False,concurrent,06d868f693a728ac1102e913d6ba675227fc8ef9ccd5c18031507f8350390552,,True,incomplete_service,Not all customers served
0.5,0.5,4,MPC_MCTS_H1,0,rc205_21,RC2,dcba9a6f5ae00ff930622863083d39448d092ec31cc7d17583f352297ee31891,100,21,55e3779addd0e5cfcf06c13b315ea73e9cdaa513590a26068e0de1a04c4a6786,332b0c1c42850805d28c3c44f4ed5d5660c6c46a3b8e425633aa8f5d783922bc,0,51,0,0,False,3,38,62,43,19.389869080926296,3,0,False,True,0,0.06415740004740655,816,0.01669442791459259,0.9069767441860465,0.01462169992737472,720,0.023820429993793368,0.38,0,0,13.692413886734608,1,736.8150250751993,91.28275924489739,0.7178604003274813,2704.22607177276,4,4,8,completed,b8dafbbc4700a24b285de870f1a158ae9b1ba4b4721f19bada0e207762ce75b7,A,baseline,True,iterations,True,12,"[0.5, 0.75, 1.0]",5,partial,1,16,1,4,0.5,3,1.4,False,concurrent,06d868f693a728ac1102e913d6ba675227fc8ef9ccd5c18031507f8350390552,,True,incomplete_service,Not all customers served
0.5,0.5,6,MPC_MCTS_H1,0,c207_21,C2,5497fec1e51e3068076fc7b5049e7261e4d05edbf023efad771bc64e3e6651d4,100,21,7e3cd4e4722560cad11a46676663e8c5cd6fe22d670289db0fc02d1cdcf06386,c135fedb6638e8cc9f9efafc692a06a07e8375102f6494c5dfd9a0f59b09bd53,0,67,0,0,False,7,35,65,40,15.399248015938841,7,0,False,True,0,0.0868377999868244,1072,0.023508270003367214,0.925,0.01580110000213608,942,0.07151288500754162,0.35,0,0,265.1138661772049,2,538.9736805578594,115.77024723895408,0.9403308001346886,16325.10120096287,6,6,24,completed,bacb9caed003e101981df0ce4eafda1a0d95c0ba16e2a0a86b601dabb48e3696,A,baseline,True,iterations,True,12,"[0.5, 0.75, 1.0]",5,partial,1,16,1,4,0.5,3,1.4,False,concurrent,06d868f693a728ac1102e913d6ba675227fc8ef9ccd5c18031507f8350390552,,True,incomplete_service,Not all customers served
0.5,0.5,13,GREEDY,0,c102_21,C1,c63f00c8fe479e2c94dc1bb0675dd3bde20a992668b4b9302dc8f0023eb57c7a,100,21,47e0d79c8a9d349a124babfe0e085726fb09080916e40a05cd7d3eea56fa6e59,c15b2f96ee71a87b896f3f818c99cfb9dad6098377dea90c519ad251b9c5a81d,0,215,0,0,False,30,58,42,90,26.491012687248357,30,0,False,True,0,0.020405400078743696,0,0.0020041088845270377,0.7333333333333333,0.0013361999881453812,0,0.004416420002235097,0.58,0,0,1817.1021248788716,15,1536.4787358604046,536.0183259229709,0.18036979960743338,7494.419139260724,0,13,129,completed,bf8411d688c36c7febf758c4eeaf1d9eca974c5e3022d0e7c921d080ba299033,A,baseline,True,iterations,True,12,"[0.5, 0.75, 1.0]",5,partial,1,16,5,4,0.5,3,1.4,False,concurrent,06d868f693a728ac1102e913d6ba675227fc8ef9ccd5c18031507f8350390552,,True,incomplete_service,Not all customers served
0.5,0.5,4,GREEDY,0,rc207_21,RC2,27a81f7aaf06c0e8c5dcd6d42aea1050645fb3547f46baba0b4c9f6e4e4b1d72,100,21,a879138d3e3fda7d0eb0e60f2e5c91135dea9edad6f98b6c24b6bbd8cf634b68,6f46ecad270262391660562aa3e2556386bda0c5e3f0dcbfc05d386dc8cfcbb2,0,55,0,0,False,3,35,65,48,40.7830797814207,3,0,False,True,0,0.010096099926158786,0,0.002099825013525939,0.8125,0.0016462499625049531,0,0.006350729905534532,0.35,0,0,89.74018108206675,7,1427.4077923497246,641.0012934433339,0.10079160064924508,1972.852026568208,0,4,9,completed,c1250b8c1dfad46ecc90b0c81278e9d6a9f2533f760acb7cb3bf73c9a5ab0ce8,A,baseline,True,iterations,True,12,"[0.5, 0.75, 1.0]",5,partial,1,16,5,4,0.5,3,1.4,False,concurrent,06d868f693a728ac1102e913d6ba675227fc8ef9ccd5c18031507f8350390552,,True,incomplete_service,Not all customers served
0.5,0.5,4,MPC_MCTS_H1,0,r205_21,R2,2769db71fea903b3fa3e4dbb13f24f1e42c4ccd207bd72fb8f7d5e87c70ad296,100,21,9c1d07ccacccc18ff94c19d7e2da475b31f6116a9a346dc161c559e377085545,7bad49d5aa6775832c41beb40fc63c271f5fbc1eeffbd5c32c0ac3cc5751f1c6,0,68,0,0,False,3,49,51,56,15.147580272010016,3,0,False,True,0,0.054123700014315546,1088,0.015329108931057687,0.9285714285714286,0.012937200022861362,999,0.02975597497425042,0.49,0,0,49.48101858672115,3,742.2314333284908,329.8734572448077,0.8584301001392305,2712.3984717819417,4,4,12,completed,c19e26e8565d9ab016f398a7207121de8105b0d5fac066fa5a7b6cbc3d766b9d,A,baseline,True,iterations,True,12,"[0.5, 0.75, 1.0]",5,partial,1,16,1,4,0.5,3,1.4,False,concurrent,06d868f693a728ac1102e913d6ba675227fc8ef9ccd5c18031507f8350390552,,True,incomplete_service,Not all customers served
0.5,0.5,4,MPC_MCTS_H1,0,c202_21,C2,b841c9a2856d2cd113458395c07615360a2025bdefb319a3d14c6b36efcdbdfb,100,21,d3cab27fc7db3ad9002c06588df1c0f352cd05cd7fe05536165801c572e15853,8b37d704a2790fa01ffc19cbb131d89a1122027ccd4edb1247dd1d1892be2c04,0,37,0,0,False,3,21,79,26,15.610495202329796,3,0,False,True,0,0.055528400000184774,592,0.01600043076681546,0.8076923076923077,0.01399444998241961,428,0.027778474963270128,0.21,0,0,5.091689906250117,1,327.8203992489257,2.2331973273026833,0.41601119993720204,11286.293062192166,4,4,11,completed,c27468e15e93c53c3513897115f32dd27df4a752d365bfda16cb5c8d885b73de,A,baseline,True,iterations,True,12,"[0.5, 0.75, 1.0]",5,partial,1,16,1,4,0.5,3,1.4,False,concurrent,06d868f693a728ac1102e913d6ba675227fc8ef9ccd5c18031507f8350390552,,True,incomplete_service,Not all customers served
0.5,0.5,4,MPC_MCTS_H1,0,rc207_21,RC2,27a81f7aaf06c0e8c5dcd6d42aea1050645fb3547f46baba0b4c9f6e4e4b1d72,100,21,a879138d3e3fda7d0eb0e60f2e5c91135dea9edad6f98b6c24b6bbd8cf634b68,6f46ecad270262391660562aa3e2556386bda0c5e3f0dcbfc05d386dc8cfcbb2,0,81,0,0,False,3,55,45,65,18.55369111715727,3,0,False,True,0,0.06174239993561059,1296,0.01788071999684549,0.9076923076923077,0.015172300045378506,1193,0.03254559994675219,0.55,0,0,38.92789243010408,5,1020.45301144365,278.0563745007434,1.162246799794957,2226.7339089596962,4,4,17,completed,c2c842710af974916a51e3f2d6b3935e8fc297745c1fb34d841e61073cbb8d4c,A,baseline,True,iterations,True,12,"[0.5, 0.75, 1.0]",5,partial,1,16,1,4,0.5,3,1.4,False,concurrent,06d868f693a728ac1102e913d6ba675227fc8ef9ccd5c18031507f8350390552,,True,incomplete_service,Not all customers served
0.5,0.5,17,MPC_MCTS_H1,0,r106_21,R1,c4429fe6cc8b839d155ab8d18e6e2aa1ebc4dc45e303a64bd0047e450ebb6050,100,21,f0aa72513eb20346942410320d1ed660344ab77d7475a01e79241c5df05db582,a40345d87c4285c81a5925499597055fb902585d7f45a7b233961a1a5ab147d4,0,330,0,0,False,51,64,36,84,17.91020944460678,51,0,False,True,0,0.16204919992014766,5280,0.03152846786265616,0.7738095238095238,0.019240149995312095,3970,0.0781413250835612,0.64,0,0,80.38459179742713,12,1146.253404454834,167.4678995779732,2.6483913004631177,1996.1023917362252,17,17,237,completed,c3c31870e218bfa78f9ca580ee4f5c6ba3f1cea4c51c20d59d995e87923b59aa,A,baseline,True,iterations,True,12,"[0.5, 0.75, 1.0]",5,partial,1,16,1,4,0.5,3,1.4,False,concurrent,06d868f693a728ac1102e913d6ba675227fc8ef9ccd5c18031507f8350390552,,True,incomplete_service,Not all customers served
0.5,0.5,4,GREEDY,0,c202_21,C2,b841c9a2856d2cd113458395c07615360a2025bdefb319a3d14c6b36efcdbdfb,100,21,d3cab27fc7db3ad9002c06588df1c0f352cd05cd7fe05536165801c572e15853,8b37d704a2790fa01ffc19cbb131d89a1122027ccd4edb1247dd1d1892be2c04,0,69,0,0,False,3,51,49,64,20.6446841303153,3,0,False,True,0,0.006439699907787144,0,0.0017809828186727827,0.90625,0.001463599968701601,0,0.004991294973297045,0.51,0,0,1657.4919912022158,7,1052.8788906460804,726.9701715799192,0.1139829003950581,6259.629118151703,0,4,7,completed,c43b90db879678ffc539c460964dfbe4eca6bb94350efa24b4e806654447a377,A,baseline,True,iterations,True,12,"[0.5, 0.75, 1.0]",5,partial,1,16,5,4,0.5,3,1.4,False,concurrent,06d868f693a728ac1102e913d6ba675227fc8ef9ccd5c18031507f8350390552,,True,incomplete_service,Not all customers served
0.5,0.5,18,INDEPENDENT_MPC_MCTS,0,r102_21,R1,dde63ad2ae1adcd741a3ebb5cec5b9d266ed4ec8893c3ec08a84bb2bb85afdfd,100,21,7d7c0f84111045ebbfbd03f861e566b64bc2f177c95d89c2fc7bed15216e92bc,1e9136a2e97e1c9dcaf4345c5741c3c9fa24df6d695f45c566ef6fdebacf9957,0,242,0,0,False,15,76,24,128,23.294702097281135,14,0,False,True,0,1.6261196000268683,3872,0.047412245315172186,2.3828125,0.02218420000281185,2881,0.09445360493846229,0.76,0,0,357.53819248127377,41,1770.3973593933663,744.8712343359871,6.06876740034204,933.5184311515484,0,18,107,completed,c46a91701c1efcd5b1b6ea1c3c85067ee21fb17e30e931d7ae84ecd178cb7f75,A,baseline,True,iterations,True,12,"[0.5, 0.75, 1.0]",5,partial,1,16,5,4,0.5,3,1.4,False,concurrent,06d868f693a728ac1102e913d6ba675227fc8ef9ccd5c18031507f8350390552,,True,incomplete_service,Not all customers served
0.5,0.5,4,INDEPENDENT_MPC_MCTS,0,rc202_21,RC2,94205aad7900adeb324a1094a6acf1d36f1b4a6302e9db4c321a16dfbd7642c2,100,21,d7aa39af332598a013039db8289296fa1ebfd8841da912b58bbb391857e3d0d0,9ff9eb70923123ae718d6e3dd107d4b42164a09bd7f77225b530d7f3deec3535,0,68,0,0,False,0,56,44,65,23.306769536330943,0,0,False,True,0,0.41058050002902746,1088,0.09324240615376486,4.046153846153846,0.1043187000323087,1067,0.16739956005476414,0.56,0,0,41.03359843794064,8,1305.179094034533,373.0327130721876,6.060756399994716,1824.656843224394,0,4,0,completed,c4d1fe1c05640b453815fbad2b2c5554b73ae579cd577025941dbf5822817b13,A,baseline,True,iterations,True,12,"[0.5, 0.75, 1.0]",5,partial,1,16,5,4,0.5,3,1.4,False,concurrent,06d868f693a728ac1102e913d6ba675227fc8ef9ccd5c18031507f8350390552,,True,incomplete_service,Not all customers served
0.5,0.5,19,INDEPENDENT_MPC_MCTS,0,rc107_21,RC1,742bf2041a792f18790cb166be889716210d070bcbc19bebfd4bd111f1fb7392,100,21,310ae04a2c80fe391b3fc7a32bec84690267bbfdea363c15841f843b53aa17a9,ff160afa0432c3565c6b8052bdf996cc06f38e7ab4e61221057e58d6caea8a95,0,145,0,0,False,20,78,22,113,26.161575775083158,19,0,False,True,0,1.889447099994868,2320,0.06703193628422884,2.9557522123893807,0.034966600011102855,2149,0.10976531999185679,0.78,0,0,333.14691589326617,29,2040.6029104564864,876.7024102454374,7.574608800117858,635.7787515581394,0,19,19,completed,c5c2b5ca323cc113928674e78a7203bb377d1a37e2df32cd3e69fbdd5c57f073,A,baseline,True,iterations,True,12,"[0.5, 0.75, 1.0]",5,partial,1,16,5,4,0.5,3,1.4,False,concurrent,06d868f693a728ac1102e913d6ba675227fc8ef9ccd5c18031507f8350390552,,True,incomplete_service,Not all customers served
0.5,0.5,5,MPC_MCTS_H1,0,c208_21,C2,6238a471231c4a029781b0059d2394708f055df07192948a8e1e1f462a7ccbea,100,21,711258b6e16dd832319ba5a781e77cc16979b839c32bebf76d9b717a7cbd1531,dd13850e5a4f0617eae79cd862fe9bb53d2688907365f5f526dec3b80f6ee63e,0,48,0,0,False,5,25,75,29,14.310436560821023,5,0,False,True,0,0.0853030999423936,768,0.02413026551748144,0.8620689655172413,0.01690509996842593,658,0.06011604005470869,0.25,0,0,0.0,0,357.76091402052555,0.0,0.6997777000069618,14313.13393882514,5,5,18,completed,c6c2cfd4f599f78c2f92254b15313135efcff86832a1f3b052a2603de8c08fb7,A,baseline,True,iterations,True,12,"[0.5, 0.75, 1.0]",5,partial,1,16,1,4,0.5,3,1.4,False,concurrent,06d868f693a728ac1102e913d6ba675227fc8ef9ccd5c18031507f8350390552,,True,incomplete_service,Not all customers served
0.5,0.5,5,COORDINATED_MPC_MCTS,0,c206_21,C2,ac0871bbee80d3df5e9c8fa8634b0cd26ed0af7f4fb52e090f548d313a0f7744,100,21,e7b309454c5f1b6caac7f1d5d48abea7e34e4e648601759173064ff091f0bd8f,938ef0b668f20a1acb59b05c08888792f986fcc7295ce1d259256ee79f51cb2f,0,61,0,0,False,2,28,72,36,16.325847284391166,2,0,False,True,0,0.37180219998117536,976,0.09590856667556283,3.888888888888889,0.08581560000311583,823,0.20431044994620606,0.28,0,0,262.053916402591,4,457.1237239629526,114.43402462995242,3.4527084003202617,13652.731634753025,5,5,24,completed,c70e0a45afa242a54503cfad42fa9d9eb3c4a6a818d1641eeaf062c6ebc38d9e,A,baseline,True,iterations,True,12,"[0.5, 0.75, 1.0]",5,partial,1,16,5,4,0.5,3,1.4,False,concurrent,06d868f693a728ac1102e913d6ba675227fc8ef9ccd5c18031507f8350390552,,True,incomplete_service,Not all customers served
0.5,0.5,18,INDEPENDENT_MPC_MCTS,0,rc108_21,RC1,e0bbd077f766d20a9e4c89f20604194bd7854b957653654cc6daa8fc729da355,100,21,1333cad9230e74ac53b5ae0fe8dcbb5fc0c14a6a9f561abf1324c241738de4cc,f06925037622c36d6ce86689e326fd0209dc6a45ea5aba1420c90684a8e61222,0,209,0,0,False,14,83,17,138,24.48336565310523,14,0,False,True,0,1.8358265000861138,3344,0.06159129274917929,2.652173913043478,0.027725499938242137,2827,0.12497191504226067,0.83,0,0,332.87797013127164,38,2032.119349207734,875.9946582401885,8.499598399386741,487.58348183285506,0,18,70,completed,c8aa5171ceb3ca6cae5ae380e531772813fce9120af1618313ce8cf749605c1e,A,baseline,True,iterations,True,12,"[0.5, 0.75, 1.0]",5,partial,1,16,5,4,0.5,3,1.4,False,concurrent,06d868f693a728ac1102e913d6ba675227fc8ef9ccd5c18031507f8350390552,,True,incomplete_service,Not all customers served
0.22,0.5,16,MPC_MCTS_H1,0,rc104_21,RC1,09b795b522387813ece99cd898ac3b43749173a1ff8c78c3cb6915fc17be19e3,100,21,36a38d372390d921fdc5f7dfd4bb389ead29fa202f615cca9716c2bb3e0ecb34,d59bf7c59b1196de9c27eb1587d3c5917d66cc8e2595e96846c29fe25ece4bf4,0,379,0,0,False,47,88,12,116,19.746175045008197,47,0,False,True,0,0.1816043999278918,6064,0.03197693533930478,0.8275862068965517,0.02248929999768734,4874,0.0728298751055263,0.88,0,0,230.32068763517196,16,1737.6634039607213,606.1070727241367,3.7093244993593544,952.4028195353612,16,16,259,completed,c9b78966cd789101fa41b38a85cb2a8d1c36265fe1badf7fca0a5c7acdca76a7,A,baseline,True,iterations,True,12,"[0.5, 0.75, 1.0]",5,partial,1,16,1,4,0.5,3,1.4,False,concurrent,06d868f693a728ac1102e913d6ba675227fc8ef9ccd5c18031507f8350390552,,True,incomplete_service,Not all customers served
0.5,0.5,6,COORDINATED_MPC_MCTS,0,c205_21,C2,40a9f86acaa6ad7887ee31d14056e1b7077c0a813c232634fc4cb5bb27cb98ea,100,21,2a127928e5c951131518e36ef3d42cf3955029071fca983e6125fbad000a8875,422cb655ec9b8d1848f377562f0625f0385039b5f3a764f8d0c88ab6adfea92c,0,78,0,0,False,3,44,56,53,17.355059092457253,3,0,False,True,0,0.49781309999525547,1248,0.09357299056466457,4.490566037735849,0.09032750001642853,1141,0.15228356001898646,0.44,0,0,691.9983891737536,6,763.6226000681191,302.1827026959623,4.959368499927223,14863.8325759703,6,6,22,completed,cad62389abe21e3c9e062d73e5ce7f7423bd3fb45c21e5ab86644106b55baa4a,A,baseline,True,iterations,True,12,"[0.5, 0.75, 1.0]",5,partial,1,16,5,4,0.5,3,1.4,False,concurrent,06d868f693a728ac1102e913d6ba675227fc8ef9ccd5c18031507f8350390552,,True,incomplete_service,Not all customers served
0.5,0.5,4,MPC_MCTS_H1,0,r209_21,R2,d680f3d329fc57ace65528c0d63b03e2acbbd8eccc698bebb89efbd5da55beb6,100,21,77f8d052731460c04f9c1c1ac98a40b94013f9882542cc8133896f59ca796d97,71bcbb47e16a3703b764b43f178a56f27a702463673b3601706f45ecd1c2c1d4,0,74,0,0,False,3,52,48,59,13.138994052050084,3,0,False,True,0,0.05326630000490695,1184,0.015089030503847842,0.8983050847457628,0.013746600016020238,1025,0.02250519007211551,0.52,0,0,5.35542885627326,2,683.2276907066043,33.47143035170787,0.8902527997270226,2788.521684221512,4,4,16,completed,cc7eb14b6dbbdd55808ec90ca1eea1b945c23d899811103967210a08aab543d2,A,baseline,True,iterations,True,12,"[0.5, 0.75, 1.0]",5,partial,1,16,1,4,0.5,3,1.4,False,concurrent,06d868f693a728ac1102e913d6ba675227fc8ef9ccd5c18031507f8350390552,,True,incomplete_service,Not all customers served
0.5,0.5,13,INDEPENDENT_MPC_MCTS,0,c102_21,C1,c63f00c8fe479e2c94dc1bb0675dd3bde20a992668b4b9302dc8f0023eb57c7a,100,21,47e0d79c8a9d349a124babfe0e085726fb09080916e40a05cd7d3eea56fa6e59,c15b2f96ee71a87b896f3f818c99cfb9dad6098377dea90c519ad251b9c5a81d,0,120,0,0,False,7,64,36,95,25.0867047258998,7,0,False,True,0,1.0458689000224695,1920,0.05251756631033985,3.0,0.03310160001274198,1733,0.09412317002424969,0.64,0,0,2773.991455372371,25,1605.5491024575872,818.2865650065992,4.989168799482286,4425.772979522704,0,13,18,completed,ccb43fca5e4f59e4e362a657137870450f3117865476cb303d324f23dec3e6de,A,baseline,True,iterations,True,12,"[0.5, 0.75, 1.0]",5,partial,1,16,5,4,0.5,3,1.4,False,concurrent,06d868f693a728ac1102e913d6ba675227fc8ef9ccd5c18031507f8350390552,,True,incomplete_service,Not all customers served
0.24,0.5,3,COORDINATED_MPC_MCTS,0,r204_21,R2,ab20466fef3c9ed4f7c9e4896fb2ec182b2dc0426a3f49e7dce5ff6716ebad07,100,21,91d6415d0a5e8c254b1d5461fc5021ea3114885f0fe102f5f98dce192283aa4e,46bcd63eb3c3dd25afde70ba4e630bf4941c34dc3d5311d0ab162c8152d73ed0,0,102,0,0,False,0,78,22,100,14.851105512593326,0,0,False,True,0,0.5008427000138909,1632,0.11284721499541775,4.37,0.12430689996108413,1566,0.17786492502782494,0.78,0,0,70.86275022651756,20,1158.3862299822795,590.522918554313,11.284721499541774,965.6778965048364,3,3,1,completed,ce434c1d58396cf08a0872d0592e314e947a0a80a2a4dbdbaa00e0bef34415ed,A,baseline,True,iterations,True,12,"[0.5, 0.75, 1.0]",5,partial,1,16,5,4,0.5,3,1.4,False,concurrent,06d868f693a728ac1102e913d6ba675227fc8ef9ccd5c18031507f8350390552,,True,incomplete_service,Not all customers served
0.5,0.5,4,INDEPENDENT_MPC_MCTS,0,r209_21,R2,d680f3d329fc57ace65528c0d63b03e2acbbd8eccc698bebb89efbd5da55beb6,100,21,77f8d052731460c04f9c1c1ac98a40b94013f9882542cc8133896f59ca796d97,71bcbb47e16a3703b764b43f178a56f27a702463673b3601706f45ecd1c2c1d4,0,69,0,0,False,1,53,47,66,17.37754563587397,1,0,False,True,0,0.5017328999238089,1104,0.09428738485527874,4.151515151515151,0.10611280001467094,1093,0.19396224996307865,0.53,0,0,68.69380741570858,12,921.0099187013204,429.33629634817856,6.222967400448397,2360.9017070383966,0,4,0,completed,ce7ba0f0274315378f7b17b08cf919a1b6206c2800058416e5e7d4c2f92ca2e6,A,baseline,True,iterations,True,12,"[0.5, 0.75, 1.0]",5,partial,1,16,5,4,0.5,3,1.4,False,concurrent,06d868f693a728ac1102e913d6ba675227fc8ef9ccd5c18031507f8350390552,,True,incomplete_service,Not all customers served
0.5,0.5,19,MPC_MCTS_H1,0,r109_21,R1,3b5daa4b35e310f961f84ecb074db0205997245a4879920308aee3e8446f3478,100,21,f95461d5f0c3cd4b04a8a3050103dbd5655b1f5f5ea50ebee4339e5a308b45f5,3994aeffc6ba551509aa46f7beae8646df5b3556904cf84cb39f734a28faecd9,0,415,0,0,False,64,52,48,67,20.808237507297232,64,0,False,True,0,0.19687559991143644,6640,0.05095233133674335,0.7761194029850746,0.028157199965789914,5138,0.13507049006875604,0.52,0,0,47.27726471630131,8,1082.028350379456,102.77666242674198,3.4138061995618045,2666.326232668061,19,19,336,completed,cf9f7b58110f20f1bbdc98d5f04f72085486b0c3795508313ea7cca613754bf9,A,baseline,True,iterations,True,12,"[0.5, 0.75, 1.0]",5,partial,1,16,1,4,0.5,3,1.4,False,concurrent,06d868f693a728ac1102e913d6ba675227fc8ef9ccd5c18031507f8350390552,,True,incomplete_service,Not all customers served
0.5,0.5,4,MPC_MCTS_H1,0,rc202_21,RC2,94205aad7900adeb324a1094a6acf1d36f1b4a6302e9db4c321a16dfbd7642c2,100,21,d7aa39af332598a013039db8289296fa1ebfd8841da912b58bbb391857e3d0d0,9ff9eb70923123ae718d6e3dd107d4b42164a09bd7f77225b530d7f3deec3535,0,62,0,0,False,3,47,53,51,14.866884979608086,3,0,False,True,0,0.053571299999020994,992,0.013698199994442072,0.9215686274509803,0.012615000014193356,881,0.01780375000089407,0.47,0,0,0.0,0,698.7435940415801,0.0,0.6986081997165456,2666.2861830095617,4,4,11,completed,d1792f36e1da2448272173684d41b8e10ae992f8f323bf5d082d2d9ccc0f5197,A,baseline,True,iterations,True,12,"[0.5, 0.75, 1.0]",5,partial,1,16,1,4,0.5,3,1.4,False,concurrent,06d868f693a728ac1102e913d6ba675227fc8ef9ccd5c18031507f8350390552,,True,incomplete_service,Not all customers served
0.5,0.5,17,GREEDY,0,r106_21,R1,c4429fe6cc8b839d155ab8d18e6e2aa1ebc4dc45e303a64bd0047e450ebb6050,100,21,f0aa72513eb20346942410320d1ed660344ab77d7475a01e79241c5df05db582,a40345d87c4285c81a5925499597055fb902585d7f45a7b233961a1a5ab147d4,0,251,0,0,False,51,67,33,110,25.118861273801272,51,0,False,True,0,0.027241399977356195,0,0.0024275036475790495,0.7363636363636363,0.001727400056552142,0,0.006063760042889041,0.67,0,0,350.6109713771228,22,1682.9637053446852,730.4395237023391,0.26702540123369545,1206.425323278192,0,17,145,completed,d1c41edd80439f1680c65c864a999749d3fdfa8dcd4e957e50f04ac100276d3f,A,baseline,True,iterations,True,12,"[0.5, 0.75, 1.0]",5,partial,1,16,5,4,0.5,3,1.4,False,concurrent,06d868f693a728ac1102e913d6ba675227fc8ef9ccd5c18031507f8350390552,,True,incomplete_service,Not all customers served
0.48,0.5,3,GREEDY,0,r203_21,R2,0f5bacb4f87f16261b4c8737e252e29dbb4793043442a2c986c2230801e4b880,100,21,030407b31043a45d49f59e803cea6948efae8eed6e5105a10ae7e1464db10a76,da9b4c7e26649fc954e23a266fc50ee5f166858bcba9bc714b6685b036262fd5,0,41,0,0,False,2,31,69,39,33.018690247773854,2,0,False,True,0,0.008634899975731969,0,0.002530146163339034,0.8974358974358975,0.0021071999799460173,0,0.007886620028875769,0.31,0,0,102.3702903951105,4,1023.5793976809896,639.8143149694406,0.09867570037022233,1564.0503119239004,0,3,3,completed,d2ecc0bbb1069460a750dbd5cc574db9022f3d388234e2e677e2c03392265ee4,A,baseline,True,iterations,True,12,"[0.5, 0.75, 1.0]",5,partial,1,16,5,4,0.5,3,1.4,False,concurrent,06d868f693a728ac1102e913d6ba675227fc8ef9ccd5c18031507f8350390552,,True,incomplete_service,Not all customers served
0.5,0.5,13,MPC_MCTS_H1,0,c107_21,C1,50833205867a7b419f5b371783adeff20da79dc1cca18c8c120576ba08660cf5,100,21,85e34175b48da559ab170585a22374a16f0e772d14acdf59bce3153356c2184f,7f7dc71b89c051985a2f507a8312022b0f6620718ba4ead9e186353666821191,0,202,0,0,False,30,46,54,62,19.92051479198411,30,0,False,True,0,0.12177249998785555,3232,0.028983535481646897,0.7580645161290323,0.016363199974875897,2575,0.0779655049962457,0.46,0,0,312.8574100784042,4,916.343680431269,92.28832155705138,1.7969791998621076,10402.590371447946,13,13,139,completed,d4c099f0d5b03b6315e0b5dcbe10180daa72c76101e48822f2bd69446c85ea8f,A,baseline,True,iterations,True,12,"[0.5, 0.75, 1.0]",5,partial,1,16,1,4,0.5,3,1.4,False,concurrent,06d868f693a728ac1102e913d6ba675227fc8ef9ccd5c18031507f8350390552,,True,incomplete_service,Not all customers served
0.24,0.5,4,COORDINATED_MPC_MCTS,0,rc204_21,RC2,947224b4eaa54dab358f0ad7e598ad6b570889aff3c560ec829cff57800b7625,100,21,38e2ac12c33f773bfbc0fc1437fb99179d860ebe4d333725b866d553cf6aef8c,1aeb4341260f332e58b1c5ae43dcaa0a2c829aad932a2c189ecc6c955dae28f2,0,111,0,0,False,1,83,17,104,16.262761877714418,1,0,False,True,0,0.5679024999262765,1776,0.11651052884385885,4.25,0.12949994998052716,1673,0.2001084749528672,0.83,0,0,174.1290474591472,20,1349.8092358502965,916.4686708376167,12.11709499976132,1458.5453633654715,4,4,4,completed,d8bcee97adc3b45ec5d9efff2c9dd7e3652ea21539ed4105c8f699e8a366fad8,A,baseline,True,iterations,True,12,"[0.5, 0.75, 1.0]",5,partial,1,16,5,4,0.5,3,1.4,False,concurrent,06d868f693a728ac1102e913d6ba675227fc8ef9ccd5c18031507f8350390552,,True,incomplete_service,Not all customers served
0.5,0.5,20,GREEDY,0,r101_21,R1,0e5a3dffffbd3c516b528ef32ba1a488b817d2f151fc3e8c81023814de1c103a,100,21,eff55182b21377e4bea8207e9200f55561609fca70ed7b70d688aaf23af4b5ae,89afc6a13ace161299c804b89b155cfbb0ef27b628207f852fa9b81f88148862,0,485,0,0,False,70,65,35,107,24.386817758958976,70,0,False,True,0,0.023513399995863438,0,0.0030687999939894147,0.6822429906542056,0.0019304000306874514,0,0.0066856099758297125,0.65,0,0,256.98911781800456,19,1585.1431543323336,535.3939954541761,0.3283615993568674,2107.8677278496616,0,20,381,completed,d8e3193c32676a8361b61de87ec2e23bca8f7fb97511eece566f4946b0b98b80,A,baseline,True,iterations,True,12,"[0.5, 0.75, 1.0]",5,partial,1,16,5,4,0.5,3,1.4,False,concurrent,06d868f693a728ac1102e913d6ba675227fc8ef9ccd5c18031507f8350390552,,True,incomplete_service,Not all customers served
0.23,0.5,13,GREEDY,0,c104_21,C1,a4adf275d08b1c5bbe576a89fafc95f15442586c9da3c6583e68c37c233fe180,100,21,7ea5cdc1bbb15c2c865212f0c5b63af055a5e0a8b50b7abe42cb7c2f88410459,7355d314c2e06a546f61547492335e9a62ad2eca013d7f32dbcaa1ad93eb7575,0,191,0,0,False,30,53,47,91,42.298198653566736,30,0,False,True,0,0.02472049999050796,0,0.004240568133664655,0.7802197802197802,0.0025231000036001205,0,0.01731634995667264,0.53,0,0,4231.423572805473,22,2241.804528639037,1248.2075436004343,0.3858917001634836,4824.77189855549,0,13,103,completed,d9252f11e0408c07a5bc827929db6b18db03eb85ceae19887ba9622509c6c721,A,baseline,True,iterations,True,12,"[0.5, 0.75, 1.0]",5,partial,1,16,5,4,0.5,3,1.4,False,concurrent,06d868f693a728ac1102e913d6ba675227fc8ef9ccd5c18031507f8350390552,,True,incomplete_service,Not all customers served
0.5,0.5,5,INDEPENDENT_MPC_MCTS,0,c206_21,C2,ac0871bbee80d3df5e9c8fa8634b0cd26ed0af7f4fb52e090f548d313a0f7744,100,21,e7b309454c5f1b6caac7f1d5d48abea7e34e4e648601759173064ff091f0bd8f,938ef0b668f20a1acb59b05c08888792f986fcc7295ce1d259256ee79f51cb2f,0,30,0,0,False,2,22,78,26,15.412834574175656,2,0,False,True,0,0.4349539999384433,480,0.08755269997233811,3.576923076923077,0.08801845001289621,472,0.16376357496483251,0.22,0,0,147.09016075176683,2,339.08236063186445,64.23151124531303,2.276370199280791,12307.17895647329,0,5,1,completed,db51545135f393f81e42634825eb4375a639a1a6310938fbb01973379ea9c478,A,baseline,True,iterations,True,12,"[0.5, 0.75, 1.0]",5,partial,1,16,5,4,0.5,3,1.4,False,concurrent,06d868f693a728ac1102e913d6ba675227fc8ef9ccd5c18031507f8350390552,,True,incomplete_service,Not all customers served
0.5,0.5,19,COORDINATED_MPC_MCTS,0,r112_21,R1,004d91650145be584ea6392f9bac9bef40e22a63e0f25f4e87e04fdbd2278b0c,100,21,5d2d688393ea73d7304b019a41e95c98d2c011a287aa79b62d31a9462396f3d0,f9720c646dd2848678be055d2f9c15a146d45ca197b2a30855c47a35ff7e9991,0,323,0,0,False,18,87,13,118,20.190214585637726,18,0,False,True,0,1.898183900048025,5168,0.0785247169472514,3.2203389830508473,0.0356268499745056,3828,0.1699748400074894,0.87,0,0,392.57443373691467,29,1756.5486689504821,853.422682036771,9.265916599775665,1189.8632384164875,19,19,188,completed,db6a47afc0998a27dee6f7e7357888eec00ca46631d98b43507bb62d8d63309c,A,baseline,True,iterations,True,12,"[0.5, 0.75, 1.0]",5,partial,1,16,5,4,0.5,3,1.4,False,concurrent,06d868f693a728ac1102e913d6ba675227fc8ef9ccd5c18031507f8350390552,,True,incomplete_service,Not all customers served
0.5,0.5,6,MPC_MCTS_H1,0,c205_21,C2,40a9f86acaa6ad7887ee31d14056e1b7077c0a813c232634fc4cb5bb27cb98ea,100,21,2a127928e5c951131518e36ef3d42cf3955029071fca983e6125fbad000a8875,422cb655ec9b8d1848f377562f0625f0385039b5f3a764f8d0c88ab6adfea92c,0,64,0,0,False,7,33,67,37,12.60431856347364,7,0,False,True,0,0.07140600006096065,1024,0.023096970257324143,0.918918918918919,0.014393199933692813,899,0.0608571399701759,0.33,0,0,224.00162676646053,1,415.94251259463016,97.81730426482993,0.8545878995209932,16694.910622023297,6,6,24,completed,dd7eb28fd8161b8691c75b733c9be85dd63f74229e5cad7946adaf10f00dbedf,A,baseline,True,iterations,True,12,"[0.5, 0.75, 1.0]",5,partial,1,16,1,4,0.5,3,1.4,False,concurrent,06d868f693a728ac1102e913d6ba675227fc8ef9ccd5c18031507f8350390552,,True,incomplete_service,Not all customers served
0.5,0.5,3,MPC_MCTS_H1,0,r202_21,R2,d00cf7641d0077492d698a553888f9eb761c39ce58e6cdbe52f3065ea2664913,100,21,772e958316d91724464af2124eaef1daecef0e99c426cc876c5405c912d853dd,8fc9a9559cc48adfd3c65a7b018f464776e2ba5ad0037e972822e0e8975224e3,0,44,0,0,False,2,36,64,38,11.470820524568067,2,0,False,True,0,0.05417969997506589,704,0.015334476324680605,0.9473684210526315,0.013182149967178702,624,0.022759264963678996,0.36,0,0,0.0,0,412.9495388844504,0.0,0.582710100337863,2210.703219647787,3,3,5,completed,de5a8d69e466909ec79f08a72552b7bb1795835f8262e2effb8d7a42bc86d3e7,A,baseline,True,iterations,True,12,"[0.5, 0.75, 1.0]",5,partial,1,16,1,4,0.5,3,1.4,False,concurrent,06d868f693a728ac1102e913d6ba675227fc8ef9ccd5c18031507f8350390552,,True,incomplete_service,Not all customers served
0.49,0.5,4,MPC_MCTS_H1,0,c203_21,C2,6dd3ef19a40edf5694cdf606a1e60e8aecb3f2b5aa11094659d3af226bf7a24e,100,21,475b94623d2e49d079a5cf2546a0f423fb702c6ac7bf234262e68340346afb45,7164e66905d528efddd360eb25784257e18ef0ab233fdded706168706f810fe0,0,62,0,0,False,3,44,56,50,13.565339151523222,3,0,False,True,0,0.06753010000102222,992,0.017206700001843274,0.9,0.014522450044751167,876,0.029555830021854485,0.44,0,0,360.9568862210915,3,596.8749226670218,158.3144237811805,0.8603350000921637,8574.783533684047,4,4,11,completed,de5e9b5977da30a7869a45f502f9fd2dd6889c7a2ae368550b6f366e6dd0907b,A,baseline,True,iterations,True,12,"[0.5, 0.75, 1.0]",5,partial,1,16,1,4,0.5,3,1.4,False,concurrent,06d868f693a728ac1102e913d6ba675227fc8ef9ccd5c18031507f8350390552,,True,incomplete_service,Not all customers served
0.47,0.5,13,COORDINATED_MPC_MCTS,0,c103_21,C1,081891d829a6813a37f34f7e5752a4b839f4119032ec81867292863e5958d21b,100,21,5ad1c5ee8cf3d69335e9dcf53ab23516493536ef3644a2cffc96e5adf6bef2c9,a328af401ffd40530e67d73a39b003241ecd12baf9af4619de6e993ebce2bcd4,0,253,0,0,False,9,82,18,119,22.363928788355167,9,0,False,True,0,1.691035500029102,4048,0.08058609495412934,3.168067226890756,0.05721200001426041,3023,0.13341992005007336,0.82,0,0,3127.298155768313,26,1833.8421606451236,922.5068306101217,9.589745299541391,3224.7330359288717,13,13,132,completed,de682709586dbdb31ba60a87680c464ad9295cee41bcda577c4d98e6a7a67c41,A,baseline,True,iterations,True,12,"[0.5, 0.75, 1.0]",5,partial,1,16,5,4,0.5,3,1.4,False,concurrent,06d868f693a728ac1102e913d6ba675227fc8ef9ccd5c18031507f8350390552,,True,incomplete_service,Not all customers served
0.5,0.5,5,GREEDY,0,c208_21,C2,6238a471231c4a029781b0059d2394708f055df07192948a8e1e1f462a7ccbea,100,21,711258b6e16dd832319ba5a781e77cc16979b839c32bebf76d9b717a7cbd1531,dd13850e5a4f0617eae79cd862fe9bb53d2688907365f5f526dec3b80f6ee63e,0,131,0,0,False,5,83,17,106,21.677803439184025,5,0,False,True,0,0.009711899911053479,0,0.001983208493944609,0.9339622641509434,0.0015042999875731766,0,0.0051244000205770135,0.83,0,0,3434.6276991660584,16,1799.257685452274,1499.8374232166193,0.21022010035812855,4246.114615381665,0,5,27,completed,dec6440536692b3433e6da63d3d6f25ed8d2823ce771cf83fc1844584629d41c,A,baseline,True,iterations,True,12,"[0.5, 0.75, 1.0]",5,partial,1,16,5,4,0.5,3,1.4,False,concurrent,06d868f693a728ac1102e913d6ba675227fc8ef9ccd5c18031507f8350390552,,True,incomplete_service,Not all customers served
0.5,0.5,4,GREEDY,0,rc206_21,RC2,338433e91eeffd3d48bf68b3954124ea8f18ba9a94ac084ae6bb7717a0a83314,100,21,3a7a43a6571d0fae68e5379a1419b5bac59b7953b056adf78365869dee79409e,67c7389ddac4f9e054d5885a73535e95fb65b64e5c54864f448e2b935bae06bf,0,53,0,0,False,3,34,66,44,41.27959169239799,3,0,False,True,0,0.06019440002273768,0,0.003106336371274665,0.8409090909090909,0.0014615000109188259,0,0.005152575019747019,0.34,0,0,74.10473306512534,4,1403.5061175415317,570.0364081932719,0.13667880033608526,2022.3891493933431,0,4,11,completed,df030aa53bf62997f2355b3134f45cfacc155e742a3d3b6524e14b691a0dcc09,A,baseline,True,iterations,True,12,"[0.5, 0.75, 1.0]",5,partial,1,16,5,4,0.5,3,1.4,False,concurrent,06d868f693a728ac1102e913d6ba675227fc8ef9ccd5c18031507f8350390552,,True,incomplete_service,Not all customers served
0.5,0.5,18,GREEDY,0,r110_21,R1,954faebe5d6e217277a6fdd482e8dc3469426cd7ee5f81d90033f41e2e19afd5,100,21,de33b318a4fce418a9400308046d736fe9c84b6001fe465f92e754f624e7e055,b5379adbfdf6b6743f7b0ba43e8b2ac16bd79c7e9e826066635127bb101378ba,0,255,0,0,False,57,69,31,114,28.295144813252914,57,0,False,True,0,0.029331999947316945,0,0.0027900666658145687,0.7105263157894737,0.0015737999929115176,0,0.008443664968945063,0.69,0,0,388.6632272695666,22,1952.364992114451,863.696060599037,0.3180675999028608,1108.9717806159824,0,18,146,completed,df98f930f02d2b4140ec70efc8a259a0cc72384cae4d46c73061f6d7889bfd4f,A,baseline,True,iterations,True,12,"[0.5, 0.75, 1.0]",5,partial,1,16,5,4,0.5,3,1.4,False,concurrent,06d868f693a728ac1102e913d6ba675227fc8ef9ccd5c18031507f8350390552,,True,incomplete_service,Not all customers served
0.5,0.5,17,GREEDY,0,r111_21,R1,19de756dae96333fb5c0533b056585371305c79aa2a65908cb9b3a0db9e97b21,100,21,0d78a4e457b3f0b6e92f6d00205cd6edbc9e2f99ac0903f5ad08bf50035f07c4,e141a5adeaa6b49ef65b326ec403c4006c8e14de001a0bf69125cd702586c312,0,265,0,0,False,51,63,37,104,27.562538590080933,51,0,False,True,0,0.020996799925342202,0,0.0027279240435186345,0.75,0.0018488999921828508,0,0.009371435001958148,0.63,0,0,342.4604338076126,20,1736.4399311750988,744.4792039295926,0.283704100525938,1201.0996350172888,0,17,165,completed,dfeb6917aa63e38ff15f84f9b942d4313539ffdd7bcacdc6adb1b5bdf5ce3160,A,baseline,True,iterations,True,12,"[0.5, 0.75, 1.0]",5,partial,1,16,5,4,0.5,3,1.4,False,concurrent,06d868f693a728ac1102e913d6ba675227fc8ef9ccd5c18031507f8350390552,,True,incomplete_service,Not all customers served
0.49,0.5,15,GREEDY,0,r103_21,R1,818ec604cf330f06b383aa0913fef1d0d0e21e8d16acd2a39a11602b076add0b,100,21,65d622a16c02516e89b39c43adaee3579a46a8fe68f751a235ed564cfc8d5d07,3afaedabfb57e943f4a7eea08845a082f2f1637739c30331f631b99961e988bc,0,202,0,0,False,40,57,43,92,26.648856797217164,40,0,False,True,0,0.029369399999268353,0,0.0033185891326233423,0.7717391304347826,0.001811100053600967,0,0.015822635078802716,0.57,0,0,337.679580251111,19,1518.9848374413784,703.4991255231479,0.30531020020134747,1023.3355823075105,0,15,111,completed,e034a588bd668baf09c16e4836cee94bc91501a4f6108563567decf9f9213520,A,baseline,True,iterations,True,12,"[0.5, 0.75, 1.0]",5,partial,1,16,5,4,0.5,3,1.4,False,concurrent,06d868f693a728ac1102e913d6ba675227fc8ef9ccd5c18031507f8350390552,,True,incomplete_service,Not all customers served
0.5,0.5,4,GREEDY,0,r201_21,R2,777cdc28fef020cd4df5ada1700f1a95d97eee53d26f5b26958b67cfd8cc51f2,100,21,a7a9d0da162b6556e18050cf8850d4508fc9c75572cd0fad769a8f8e9e43bc1b,86283904b0ad6c920ca8396f492194ad73646d92604f538ac8bc665d1e64e746,0,70,0,0,False,3,45,55,57,35.38840387743666,3,0,False,True,0,0.018744100001640618,0,0.0025393859556827104,0.8947368421052632,0.001908999984152615,0,0.006671759998425841,0.45,0,0,169.03326793327562,6,1592.4781744846496,1056.4579245829725,0.1447449994739145,1788.4885575820736,0,4,15,completed,e0ff7ece4796c38d0a9051a327bb57a936d4c0fdb8bce0123a97fae7b76ee644,A,baseline,True,iterations,True,12,"[0.5, 0.75, 1.0]",5,partial,1,16,5,4,0.5,3,1.4,False,concurrent,06d868f693a728ac1102e913d6ba675227fc8ef9ccd5c18031507f8350390552,,True,incomplete_service,Not all customers served
0.23,0.5,17,MPC_MCTS_H1,0,r108_21,R1,bd32fae5a732f3a3125cd853acedb2e38c8ec79d2e55802640146749ea75d8c2,100,21,8a191470b565d8bb6688f8a5da67cb6be1ff7f43f85ce7499a4fe328a11877c6,571b290be69502a81971d06422c8adfebc4e0da34cfe837529eb4e784aa1cf14,0,387,0,0,False,51,89,11,118,16.50141270073375,51,0,False,True,0,0.19607119995635003,6192,0.032551044068433406,0.8813559322033898,0.02081220003310591,5064,0.07503611995489332,0.89,0,0,279.5033875386829,20,1468.6257303653038,594.6880585929424,3.841023200075142,1176.0997214910908,17,17,261,completed,e24a3a8522a802e72281dc0b80c7428fd68ba4aae017a9204c81e9a67d8c8fec,A,baseline,True,iterations,True,12,"[0.5, 0.75, 1.0]",5,partial,1,16,1,4,0.5,3,1.4,False,concurrent,06d868f693a728ac1102e913d6ba675227fc8ef9ccd5c18031507f8350390552,,True,incomplete_service,Not all customers served
0.5,0.5,19,MPC_MCTS_H1,0,rc106_21,RC1,2f695d8c85a5c7b61447436690564c4aa4bf1748e93fc199d12628b109e58410,100,21,f84d96b2c70331805ca867e60652a328ca3360067013ee7180865e302ada73e4,a396df2a999027de91f9d9f2e6c35849a4bd36d1fc7cbd8fab9b442a380bed33,0,448,0,0,False,63,64,36,84,23.210656146836964,63,0,False,True,0,0.16767230001278222,7168,0.04372648690921432,0.7976190476190477,0.021933400013949722,5656,0.13067961498163633,0.64,0,0,97.13353588484071,12,1485.4819933975657,255.61456811800187,3.6730249003740028,2296.429632403614,19,19,353,completed,e53eade331a1edd5d4bf58b93849b38aa9dff3629d03293c6a5a14355c343355,A,baseline,True,iterations,True,12,"[0.5, 0.75, 1.0]",5,partial,1,16,1,4,0.5,3,1.4,False,concurrent,06d868f693a728ac1102e913d6ba675227fc8ef9ccd5c18031507f8350390552,,True,incomplete_service,Not all customers served
0.23,0.5,17,GREEDY,0,r108_21,R1,bd32fae5a732f3a3125cd853acedb2e38c8ec79d2e55802640146749ea75d8c2,100,21,8a191470b565d8bb6688f8a5da67cb6be1ff7f43f85ce7499a4fe328a11877c6,571b290be69502a81971d06422c8adfebc4e0da34cfe837529eb4e784aa1cf14,0,222,0,0,False,51,63,37,109,33.485953278510934,51,0,False,True,0,0.03358389995992184,0,0.0031531614682919116,0.7889908256880734,0.0018192999996244907,0,0.010293660010211158,0.63,0,0,560.507447482365,28,2109.615056546189,1192.5690371965213,0.34369460004381835,609.8774959714458,0,17,114,completed,e665c39001e48e322683e21e23c41f1f4d7820de206d173c38628ca877390244,A,baseline,True,iterations,True,12,"[0.5, 0.75, 1.0]",5,partial,1,16,5,4,0.5,3,1.4,False,concurrent,06d868f693a728ac1102e913d6ba675227fc8ef9ccd5c18031507f8350390552,,True,incomplete_service,Not all customers served
0.5,0.5,18,COORDINATED_MPC_MCTS,0,r105_21,R1,e1af01644f1c12eb806238f6ecb363132ca46db2179c544eb61342b3c4b41665,100,21,34d53a851346335ea2cac4ececa1af06be724379047adfbe6640d1e845f7f1e4,70efb4e7ed9a1274700a6d7ca9ac33a1dc8a23a7ad27007258b82b11144147ab,0,331,0,0,False,13,66,34,91,21.22104318971866,13,0,False,True,0,1.4624527000123635,5296,0.07761156703166378,3.2637362637362637,0.054280799929983914,3887,0.14757095003733411,0.66,0,0,221.0320793520604,26,1400.5888505214316,460.4834986501259,7.062652599881403,1743.3006651948547,18,18,221,completed,e6d97ca89bd23c243f709e1f1e475d3f5fb4d09a3671b371355a897517326c4d,A,baseline,True,iterations,True,12,"[0.5, 0.75, 1.0]",5,partial,1,16,5,4,0.5,3,1.4,False,concurrent,06d868f693a728ac1102e913d6ba675227fc8ef9ccd5c18031507f8350390552,,True,incomplete_service,Not all customers served
0.5,0.5,4,INDEPENDENT_MPC_MCTS,0,rc207_21,RC2,27a81f7aaf06c0e8c5dcd6d42aea1050645fb3547f46baba0b4c9f6e4e4b1d72,100,21,a879138d3e3fda7d0eb0e60f2e5c91135dea9edad6f98b6c24b6bbd8cf634b68,6f46ecad270262391660562aa3e2556386bda0c5e3f0dcbfc05d386dc8cfcbb2,0,89,0,0,False,0,57,43,75,23.284134135927232,0,0,False,True,0,0.5283273999812081,1424,0.09753169600075731,3.96,0.11101929994765669,1285,0.1834259100491181,0.57,0,0,83.85683286743134,15,1327.1956457478523,598.9773776245095,7.314877200056799,1825.5685710278944,0,4,13,completed,e75ee44e1a4fe36566c9c24bdfe395f919743d4df1333731579bc3be80058b8c,A,baseline,True,iterations,True,12,"[0.5, 0.75, 1.0]",5,partial,1,16,5,4,0.5,3,1.4,False,concurrent,06d868f693a728ac1102e913d6ba675227fc8ef9ccd5c18031507f8350390552,,True,incomplete_service,Not all customers served
0.24,0.5,4,COORDINATED_MPC_MCTS,0,c204_21,C2,854999d8b750973b84158c69d39541982d1bb2d3b8c4b81992eba26adabade43,100,21,87743b67940c71b4751941b3c3d6d899b46f73c1b496813459d9642288317528,1242c808038e519e501ebb10ce4b3653db960db6810408207dc0627347acf5c4,0,115,0,0,False,1,79,21,106,15.277002315312956,1,0,False,True,0,0.5725733999861404,1840,0.1121273981165668,4.349056603773585,0.11897785001201555,1754,0.18508347499300726,0.79,0,0,1814.0147600611415,24,1206.8831829097235,792.1461834328129,11.885504200356081,3291.385994094939,4,4,8,completed,e831aa89e27e215c6e066827eec3e1c08792a7dcf88daf0816db31af864b0cd9,A,baseline,True,iterations,True,12,"[0.5, 0.75, 1.0]",5,partial,1,16,5,4,0.5,3,1.4,False,concurrent,06d868f693a728ac1102e913d6ba675227fc8ef9ccd5c18031507f8350390552,,True,incomplete_service,Not all customers served
0.23,0.5,17,COORDINATED_MPC_MCTS,0,r108_21,R1,bd32fae5a732f3a3125cd853acedb2e38c8ec79d2e55802640146749ea75d8c2,100,21,8a191470b565d8bb6688f8a5da67cb6be1ff7f43f85ce7499a4fe328a11877c6,571b290be69502a81971d06422c8adfebc4e0da34cfe837529eb4e784aa1cf14,0,383,0,0,False,12,88,12,129,19.638107290278246,12,0,False,True,0,2.2363130999729037,6128,0.09132371085439628,3.4263565891472867,0.05620999995153397,5086,0.13523726002313194,0.88,0,0,396.0933574732303,34,1728.1534415444855,842.7518244111284,11.78075870021712,800.4098370599163,17,17,244,completed,e98441adb416314b66cdd94d086e7766ae7173af0a71edf3d280c423f4bf63b7,A,baseline,True,iterations,True,12,"[0.5, 0.75, 1.0]",5,partial,1,16,5,4,0.5,3,1.4,False,concurrent,06d868f693a728ac1102e913d6ba675227fc8ef9ccd5c18031507f8350390552,,True,incomplete_service,Not all customers served
0.5,0.5,5,MPC_MCTS_H1,0,c206_21,C2,ac0871bbee80d3df5e9c8fa8634b0cd26ed0af7f4fb52e090f548d313a0f7744,100,21,e7b309454c5f1b6caac7f1d5d48abea7e34e4e648601759173064ff091f0bd8f,938ef0b668f20a1acb59b05c08888792f986fcc7295ce1d259256ee79f51cb2f,0,49,0,0,False,5,26,74,30,12.782038285859535,5,0,False,True,0,0.10424690006766468,784,0.02443145668754975,0.9,0.015406200021971017,677,0.06919729500659737,0.26,0,0,100.38351629502533,1,332.3329954323479,43.83559663538224,0.7329437006264925,14163.130441179932,5,5,17,completed,ea1c6c18e24491a19b4b95a4b4408c9c4bf694a3ecfef47ff642078afbf4a27c,A,baseline,True,iterations,True,12,"[0.5, 0.75, 1.0]",5,partial,1,16,1,4,0.5,3,1.4,False,concurrent,06d868f693a728ac1102e913d6ba675227fc8ef9ccd5c18031507f8350390552,,True,incomplete_service,Not all customers served
0.46,0.5,16,MPC_MCTS_H1,0,rc103_21,RC1,37210a2a97e506806853ba15a82148c51b597f73a15dced2eb7abf7443d28be2,100,21,bb80f11635f579dea262d918073f619c1f56d7b1cc4ea5b22865805e495c6160,ef3fc2e62113de0cdefc1bb980556367eb1f1cd6d84827fc99524d9da9aaaef3,0,310,0,0,False,45,69,31,93,20.586887021534558,45,0,False,True,0,0.19744959997478873,4960,0.02881638387778914,0.8172043010752689,0.018857300048694015,3809,0.067260479996912,0.69,0,0,167.40159079013816,13,1420.4952044858844,440.53050207931096,2.67992370063439,1520.5982089542292,16,16,212,completed,ea52de7aedeb7833f4af923e96d9d1dba5fec4c1f719625cf62a46927c3e5e41,A,baseline,True,iterations,True,12,"[0.5, 0.75, 1.0]",5,partial,1,16,1,4,0.5,3,1.4,False,concurrent,06d868f693a728ac1102e913d6ba675227fc8ef9ccd5c18031507f8350390552,,True,incomplete_service,Not all customers served
0.5,0.5,14,MPC_MCTS_H1,0,c106_21,C1,a5d4900c49c4260b61cef00bba87f757da7001cc27f7dd978b2f924c5a013128,100,21,c7fac516758ae3dce7093bede5792b6225e852bb763b60d8a2b2f6b0d42cca54,33666c09bc68a5b176174f03a4cab304cfc0ccbfb851bca9815fc2f2adc15274,0,258,0,0,False,35,49,51,70,20.955459248246626,35,0,False,True,0,0.15691559994593263,4128,0.036311592853495056,0.7571428571428571,0.02054699999280274,3298,0.09037859002710318,0.49,0,0,530.7698168415563,7,1026.8175031640847,156.5692675048839,2.5418114997446537,10989.308714680046,14,14,188,completed,eeb7c5f54ce1fc77d5221e3d29148b6a8100310e5bb691c1a6196d5b6ee475a9,A,baseline,True,iterations,True,12,"[0.5, 0.75, 1.0]",5,partial,1,16,1,4,0.5,3,1.4,False,concurrent,06d868f693a728ac1102e913d6ba675227fc8ef9ccd5c18031507f8350390552,,True,incomplete_service,Not all customers served
0.5,0.5,4,INDEPENDENT_MPC_MCTS,0,rc205_21,RC2,dcba9a6f5ae00ff930622863083d39448d092ec31cc7d17583f352297ee31891,100,21,55e3779addd0e5cfcf06c13b315ea73e9cdaa513590a26068e0de1a04c4a6786,332b0c1c42850805d28c3c44f4ed5d5660c6c46a3b8e425633aa8f5d783922bc,0,44,0,0,False,1,36,64,41,21.625355296879047,1,0,False,True,0,0.33210810006130487,704,0.06381569511722773,3.8048780487804876,0.05248780001420528,676,0.149280900019221,0.36,0,0,32.87426520239877,4,778.5127906876456,219.16176801599175,2.616443499806337,2532.8643683190517,0,4,0,completed,ef7e8387d48cf0ac6d5b643ce661b648535dc653d6b45750aa0acb80777194c2,A,baseline,True,iterations,True,12,"[0.5, 0.75, 1.0]",5,partial,1,16,5,4,0.5,3,1.4,False,concurrent,06d868f693a728ac1102e913d6ba675227fc8ef9ccd5c18031507f8350390552,,True,incomplete_service,Not all customers served
0.5,0.5,19,MPC_MCTS_H1,0,rc107_21,RC1,742bf2041a792f18790cb166be889716210d070bcbc19bebfd4bd111f1fb7392,100,21,310ae04a2c80fe391b3fc7a32bec84690267bbfdea363c15841f843b53aa17a9,ff160afa0432c3565c6b8052bdf996cc06f38e7ab4e61221057e58d6caea8a95,0,465,0,0,False,63,83,17,118,22.294881407039888,63,0,False,True,0,0.20321740000508726,7440,0.032702932203330606,0.7288135593220338,0.01734414993552491,5830,0.08007051500608207,0.83,0,0,150.8491204499993,21,1850.4751567843107,396.9713696052613,3.8589459999930114,1689.8445754273391,19,19,342,completed,f1900bbcc3117ed3061de2d8be0c7f7c20c95051e4d712f0f35cb181dd112478,A,baseline,True,iterations,True,12,"[0.5, 0.75, 1.0]",5,partial,1,16,1,4,0.5,3,1.4,False,concurrent,06d868f693a728ac1102e913d6ba675227fc8ef9ccd5c18031507f8350390552,,True,incomplete_service,Not all customers served
0.5,0.5,20,COORDINATED_MPC_MCTS,0,r101_21,R1,0e5a3dffffbd3c516b528ef32ba1a488b817d2f151fc3e8c81023814de1c103a,100,21,eff55182b21377e4bea8207e9200f55561609fca70ed7b70d688aaf23af4b5ae,89afc6a13ace161299c804b89b155cfbb0ef27b628207f852fa9b81f88148862,0,328,0,0,False,13,64,36,105,24.774484880517555,13,0,False,True,0,0.8383653999771923,5248,0.04099010094179816,2.6476190476190475,0.02938480000011623,3927,0.07927816000301384,0.64,0,0,231.40280254806797,36,1585.5670323531235,482.08917197514165,4.303960598888807,1990.8213557896995,20,20,208,completed,f1b9b9cfc51279f2edf0c58d6781755b827ffd5235901738d4295da6355c698d,A,baseline,True,iterations,True,12,"[0.5, 0.75, 1.0]",5,partial,1,16,5,4,0.5,3,1.4,False,isolated,06d868f693a728ac1102e913d6ba675227fc8ef9ccd5c18031507f8350390552,,True,incomplete_service,Not all customers served
0.5,0.5,4,MPC_MCTS_H1,0,r210_21,R2,0c17062cb1c84513442ae7e3e36f0e462414ef2942c285d4c508b831a1bfe352,100,21,d4737b3f8350e4db3f7513b9709dd6d7e1605c8ceb467bb50c4978b91328878e,969edfdfe8c907592d04ac07880942047f085d44273c447b70cd2fd11de8fee1,0,69,0,0,False,3,51,49,58,12.173989506369802,3,0,False,True,0,0.05254100007005036,1104,0.016704744833987206,0.9310344827586207,0.014571449952200055,1001,0.03873441001051105,0.51,0,0,21.831641202856524,3,620.8734648248599,136.44775751785326,0.968875200371258,2842.5578973490597,4,4,11,completed,f1e601fc4d1c63366df6bf3e9f7a11a98f3399a5438c6a2638819b2065de01d5,A,baseline,True,iterations,True,12,"[0.5, 0.75, 1.0]",5,partial,1,16,1,4,0.5,3,1.4,False,concurrent,06d868f693a728ac1102e913d6ba675227fc8ef9ccd5c18031507f8350390552,,True,incomplete_service,Not all customers served
0.47,0.5,13,MPC_MCTS_H1,0,c103_21,C1,081891d829a6813a37f34f7e5752a4b839f4119032ec81867292863e5958d21b,100,21,5ad1c5ee8cf3d69335e9dcf53ab23516493536ef3644a2cffc96e5adf6bef2c9,a328af401ffd40530e67d73a39b003241ecd12baf9af4619de6e993ebce2bcd4,0,217,0,0,False,30,70,30,93,19.31284492747594,30,0,False,True,0,0.14604749996215105,3472,0.025050280640722924,0.8709677419354839,0.018762099905870855,2695,0.04234941997565327,0.7,0,0,1591.5629906825968,15,1351.8991449233158,469.48760787097245,2.329676099587232,6515.417110205744,13,13,119,completed,f5177e81771bade504fa11dc7622ed964bbc9db8115256358f7d25d95bc40306,A,baseline,True,iterations,True,12,"[0.5, 0.75, 1.0]",5,partial,1,16,1,4,0.5,3,1.4,False,concurrent,06d868f693a728ac1102e913d6ba675227fc8ef9ccd5c18031507f8350390552,,True,incomplete_service,Not all customers served
0.5,0.5,5,MPC_MCTS_H1,0,c201_21,C2,cc755a6ec3edab8c320bf901f0c3bd34cea80123cf831b0059ea01c13c96bf1d,100,21,7709cf25d863e433db5f930daea8f385c3be3136daa80a5ec82080b243a85230,9ab599bea8692723939603e1b081946a4ebd7f76a1d26675553a2d7862c98003,0,43,0,0,False,5,21,79,24,12.782168335056124,5,0,False,True,0,0.06907369999680668,688,0.023247595847351477,0.875,0.01704334997339174,587,0.05253350000712088,0.21,0,0,0.0,0,268.4255350361786,0.0,0.5579423003364354,14771.932922739612,5,5,17,completed,f84af6566db054ca061ba8837858204c9296ff5d2457d2c2d686e0d0a7261260,A,baseline,True,iterations,True,12,"[0.5, 0.75, 1.0]",5,partial,1,16,1,4,0.5,3,1.4,False,concurrent,06d868f693a728ac1102e913d6ba675227fc8ef9ccd5c18031507f8350390552,,True,incomplete_service,Not all customers served
0.5,0.5,4,GREEDY,0,rc202_21,RC2,94205aad7900adeb324a1094a6acf1d36f1b4a6302e9db4c321a16dfbd7642c2,100,21,d7aa39af332598a013039db8289296fa1ebfd8841da912b58bbb391857e3d0d0,9ff9eb70923123ae718d6e3dd107d4b42164a09bd7f77225b530d7f3deec3535,0,67,0,0,False,3,49,51,62,43.74380901865626,3,0,False,True,0,0.011361400014720857,0,0.0019742693571794417,0.9032258064516129,0.0016918500186875463,0,0.004940055095357819,0.49,0,0,148.06212844435,7,2143.4466419141568,1346.019349494091,0.12240470014512539,1058.491229641493,0,4,7,completed,f9f23115ff22c245da34482977795da72121a5a2b3d9dfd882371a5e92ad69e7,A,baseline,True,iterations,True,12,"[0.5, 0.75, 1.0]",5,partial,1,16,5,4,0.5,3,1.4,False,concurrent,06d868f693a728ac1102e913d6ba675227fc8ef9ccd5c18031507f8350390552,,True,incomplete_service,Not all customers served
0.5,0.5,4,INDEPENDENT_MPC_MCTS,0,rc208_21,RC2,848ac4428c45536e665596eb3031d4cf06747a109edbb2a5ab6498422157954d,100,21,bb62f751bd2f92a5591ef85431c7691fc4adc788ee2ff693b2b4e87903071c0a,8f25e277b285481ad0b29ab0591d4df1c15cc6d3384df60643a72bd985190993,0,97,0,0,False,1,65,35,94,21.59479900140022,1,0,False,True,0,0.5251060000155121,1552,0.11568828404415399,4.404255319148936,0.12037615000735968,1549,0.18926623001461843,0.65,0,0,156.91466183803428,28,1403.6619350910141,871.7481213224128,10.874698700150475,1408.111626910823,0,4,0,completed,fd881b6ca34316c1dfdd349d90edb13dc68caf00fd178136c22815df0c4a7040,A,baseline,True,iterations,True,12,"[0.5, 0.75, 1.0]",5,partial,1,16,5,4,0.5,3,1.4,False,concurrent,06d868f693a728ac1102e913d6ba675227fc8ef9ccd5c18031507f8350390552,,True,incomplete_service,Not all customers served
0.5,0.5,13,MPC_MCTS_H1,0,c101_21,C1,c5cda6ca63a7d518902cf4b02d98b4aa0f373aaa0658d5c666d1c46d38871cb9,100,21,18cb8c56a43219b437afb391f11d42a3c7d8056ed895f0cb721b15683964ccb8,36effcf880a9fa96164abaa2767519ebec30a23ad53c3bff371f65280f13c403,0,184,0,0,False,30,45,55,58,18.8187204817877,30,0,False,True,0,0.12229039997328073,2944,0.02231114138126502,0.7931034482758621,0.016423349967226386,2142,0.05865796498255801,0.45,0,0,129.57873073528313,3,846.8424216804466,38.223814376189715,1.294046200113371,10611.61004183187,13,13,123,completed,fde6e27e4fd15431fcc139d243420e8215a5ae8774682b6d98373f4749f1d8e7,A,baseline,True,iterations,True,12,"[0.5, 0.75, 1.0]",5,partial,1,16,1,4,0.5,3,1.4,False,concurrent,06d868f693a728ac1102e913d6ba675227fc8ef9ccd5c18031507f8350390552,,True,incomplete_service,Not all customers served
0.5,0.5,21,INDEPENDENT_MPC_MCTS,0,rc101_21,RC1,272a3e58d53d4ba9516f01506164cf8a9b98bfeeb8dbd1fd62f6557e4c98e3a1,100,21,f4b729450b2911296fb332aa2b29aacf3be08754cc2c811f83ebe8617dc4124b,4208fd31438639b8f67328ae68f1c1d5b20c3c87949003fe710e9a91367b453d,0,224,0,0,False,23,72,28,107,28.052826260410896,20,0,False,True,0,1.2764796999981627,3584,0.046754195326591065,2.457943925233645,0.022149399970658123,2906,0.10820497992681337,0.72,0,0,200.13330367523912,27,2019.8034907495846,526.6665886190503,5.002698899945244,1434.2100458218288,0,21,104,completed,ff04af41792aab6ec296162e2d90509c938a72b6f7b48841560c05b6f257668c,A,baseline,True,iterations,True,12,"[0.5, 0.75, 1.0]",5,partial,1,16,5,4,0.5,3,1.4,False,concurrent,06d868f693a728ac1102e913d6ba675227fc8ef9ccd5c18031507f8350390552,,True,incomplete_service,Not all customers served
0.22,0.5,16,GREEDY,0,rc104_21,RC1,09b795b522387813ece99cd898ac3b43749173a1ff8c78c3cb6915fc17be19e3,100,21,36a38d372390d921fdc5f7dfd4bb389ead29fa202f615cca9716c2bb3e0ecb34,d59bf7c59b1196de9c27eb1587d3c5917d66cc8e2595e96846c29fe25ece4bf4,0,160,0,0,False,45,54,46,98,42.12339474050001,45,0,False,True,0,0.035710299969650805,0,0.0037132816279915218,0.7142857142857143,0.0018527500214986503,0,0.013756515044951801,0.54,0,0,452.4590900659682,23,2274.6633159870007,1190.6818159630743,0.36390159954316914,572.8775939470308,0,16,67,completed,ff39c92cc238badc086e040726c3535415d762b3104a1402b96d71626e8c351a,A,baseline,True,iterations,True,12,"[0.5, 0.75, 1.0]",5,partial,1,16,5,4,0.5,3,1.4,False,concurrent,06d868f693a728ac1102e913d6ba675227fc8ef9ccd5c18031507f8350390552,,True,incomplete_service,Not all customers served
